t_s,fase,etiqueta,ax_cmd,ay_cmd,aw_cmd,w1_cmd,w2_cmd,w3_cmd,w4_cmd,w1_esc,w2_esc,w3_esc,w4_esc,x_vicon,y_vicon,z_vicon,roll,pitch,yaw,x_rel_mm,y_rel_mm,yaw_rel,yaw_odom,pitch_odom,roll_odom,tgt_x,tgt_y
2.025,pausa,quieto,0.0,0.0,0.0,0,0,0,0,-1,4,2,0,-20.78,-32.1,105.12,-0.00336,0.00379,1.58887,0.0,0.0,0.0,-98.16,-1.29,-2.75,,
2.025,pausa,quieto,0.0,0.0,0.0,0,0,0,0,-1,4,2,0,-20.78,-32.1,105.12,-0.00336,0.00379,1.58887,0.0,0.0,0.0,-98.16,-1.29,-2.75,,
2.078,pausa,quieto,0.0,0.0,0.0,0,0,0,0,2,1,5,2,-20.79,-32.1,105.12,-0.00353,0.00369,1.58898,0.0,0.0,0.0,-98.16,-1.29,-2.75,,
2.14,pausa,quieto,0.0,0.0,0.0,0,0,0,0,-3,2,-4,-2,-20.78,-32.09,105.11,-0.00331,0.00377,1.58896,0.0,0.0,0.0,-98.16,-1.29,-2.75,,
2.186,pausa,quieto,0.0,0.0,0.0,0,0,0,0,7,3,5,4,-20.79,-32.09,105.1,-0.0034,0.00373,1.58896,0.0,0.0,0.0,-98.16,-1.29,-2.75,,
2.234,pausa,quieto,0.0,0.0,0.0,0,0,0,0,-2,0,0,-2,-21.07,-32.68,104.46,0.00803,0.01043,1.58541,0.0,0.0,0.0,-98.16,-1.29,-2.75,,
2.281,pausa,quieto,0.0,0.0,0.0,0,0,0,0,-1,0,6,-4,-21.08,-32.68,104.45,0.00796,0.01045,1.5854,0.0,0.0,0.0,-98.16,-1.29,-2.75,,
2.328,pausa,quieto,0.0,0.0,0.0,0,0,0,0,-5,0,-2,-4,-21.06,-32.68,104.46,0.00796,0.01042,1.58538,0.0,0.1,0.0,-98.16,-1.29,-2.75,,
2.391,pausa,quieto,0.0,0.0,0.0,0,0,0,0,-4,-1,-2,0,-21.06,-32.68,104.46,0.00791,0.01052,1.5854,0.0,0.1,0.0,-98.16,-1.29,-2.75,,
2.438,pausa,quieto,0.0,0.0,0.0,0,0,0,0,0,3,4,-1,-21.07,-32.68,104.46,0.00804,0.0104,1.58542,0.0,0.1,0.0,-98.16,-1.29,-2.75,,
2.485,pausa,quieto,0.0,0.0,0.0,0,0,0,0,0,3,4,-1,-20.8,-32.09,105.11,-0.00342,0.00381,1.58901,0.0,0.1,0.0,-98.16,-1.29,-2.75,,
2.531,pausa,quieto,0.0,0.0,0.0,0,0,0,0,-4,-1,0,1,-20.66,-32.0,105.34,-0.0061,0.00045,1.58998,0.0,0.1,0.0,-98.16,-1.29,-2.75,,
2.576,pausa,quieto,0.0,0.0,0.0,0,0,0,0,-4,-1,0,1,-20.77,-32.1,105.12,-0.00341,0.00385,1.58893,0.0,0.0,0.0,-98.16,-1.29,-2.75,,
2.638,pausa,quieto,0.0,0.0,0.0,0,0,0,0,-1,0,-6,-1,-21.07,-32.68,104.46,0.00795,0.01044,1.58541,0.0,0.1,0.0,-98.16,-1.29,-2.75,,
2.685,pausa,quieto,0.0,0.0,0.0,0,0,0,0,-1,0,-6,-1,-21.1,-32.69,104.46,0.00792,0.01046,1.58538,0.0,0.1,0.0,-98.16,-1.29,-2.75,,
2.731,pausa,quieto,0.0,0.0,0.0,0,0,0,0,-4,2,-1,2,-21.09,-32.68,104.45,0.00792,0.01045,1.58539,0.0,0.1,0.0,-98.16,-1.29,-2.75,,
2.777,pausa,quieto,0.0,0.0,0.0,0,0,0,0,-4,2,-1,2,-21.09,-32.68,104.45,0.00791,0.01037,1.58539,0.0,0.1,0.0,-98.16,-1.29,-2.76,,
2.838,pausa,quieto,0.0,0.0,0.0,0,0,0,0,0,2,1,4,-21.08,-32.69,104.45,0.00798,0.01049,1.58541,0.0,0.1,0.0,-98.16,-1.29,-2.75,,
2.884,pausa,quieto,0.0,0.0,0.0,0,0,0,0,0,2,1,4,-21.2,-32.8,104.43,0.00768,0.01101,1.58432,0.0,0.0,0.0,-98.16,-1.29,-2.75,,
2.93,pausa,quieto,0.0,0.0,0.0,0,0,0,0,0,-3,2,-2,-21.09,-32.69,104.45,0.00797,0.01043,1.58537,0.0,0.0,0.0,-98.16,-1.29,-2.75,,
2.975,pausa,quieto,0.0,0.0,0.0,0,0,0,0,0,-3,2,-2,-21.07,-32.68,104.46,0.00804,0.01034,1.58541,0.0,0.0,0.0,-98.16,-1.29,-2.75,,
3.036,pausa,quieto,0.0,0.0,0.0,0,0,0,0,0,0,-1,-5,-21.07,-32.69,104.46,0.00798,0.01043,1.58535,0.0,0.1,0.0,-98.16,-1.29,-2.75,,
3.082,pausa,quieto,0.0,0.0,0.0,0,0,0,0,0,0,-1,-5,-20.79,-32.09,105.12,-0.00339,0.00379,1.58898,0.0,0.0,0.0,-98.16,-1.29,-2.75,,
3.129,pausa,quieto,0.0,0.0,0.0,0,0,0,0,-2,18,4,2,-20.79,-32.1,105.12,-0.00353,0.00377,1.58895,-0.0,0.0,0.0,-98.16,-1.29,-2.75,,
3.19,pausa,quieto,0.0,0.0,0.0,0,0,0,0,3,-1,3,0,-20.79,-32.1,105.12,-0.00351,0.00375,1.58887,0.0,0.0,0.0,-98.16,-1.29,-2.75,,
3.237,pausa,quieto,0.0,0.0,0.0,0,0,0,0,3,-1,3,0,-20.79,-32.1,105.12,-0.00353,0.00382,1.58892,0.0,0.0,0.0,-98.16,-1.29,-2.75,,
3.283,pausa,quieto,0.0,0.0,0.0,0,0,0,0,1,0,3,0,-20.77,-32.1,105.12,-0.00344,0.00383,1.58891,0.0,0.0,0.0,-98.16,-1.29,-2.75,,
3.33,pausa,quieto,0.0,0.0,0.0,0,0,0,0,1,-1,-3,-3,-21.06,-32.68,104.44,0.00794,0.0104,1.58544,0.0,0.0,0.0,-98.16,-1.29,-2.75,,
3.377,pausa,quieto,0.0,0.0,0.0,0,0,0,0,-1,0,-3,-3,-20.63,-31.99,105.34,-0.00619,0.00047,1.58998,0.0,0.0,0.0,-98.16,-1.29,-2.75,,
3.439,pausa,quieto,0.0,0.0,0.0,0,0,0,0,3,-1,2,-1,-20.77,-32.09,105.12,-0.0035,0.00379,1.58896,0.0,0.0,0.0,-98.16,-1.29,-2.75,,
3.484,pausa,quieto,0.0,0.0,0.0,0,0,0,0,-2,0,7,0,-20.77,-32.09,105.12,-0.00349,0.00381,1.58891,-0.0,0.0,0.0,-98.16,-1.29,-2.75,,
3.53,pausa,quieto,0.0,0.0,0.0,0,0,0,0,2,-2,2,-3,-20.78,-32.1,105.12,-0.00341,0.00378,1.58896,-0.0,0.0,0.0,-98.16,-1.29,-2.75,,
3.576,pausa,quieto,0.0,0.0,0.0,0,0,0,0,1,1,-3,0,-20.77,-32.08,105.12,-0.00348,0.00364,1.58891,-0.0,0.0,0.0,-98.16,-1.29,-2.75,,
3.638,pausa,quieto,0.0,0.0,0.0,0,0,0,0,1,2,4,1,-21.08,-32.67,104.45,0.00808,0.01043,1.58545,-0.0,0.1,0.0,-98.16,-1.29,-2.75,,
3.684,pausa,quieto,0.0,0.0,0.0,0,0,0,0,2,-2,1,2,-20.64,-31.99,105.35,-0.00633,0.0004,1.59,-0.0,0.0,0.0,-98.16,-1.29,-2.75,,
3.73,pausa,quieto,0.0,0.0,0.0,0,0,0,0,-4,-2,3,0,-20.66,-31.99,105.33,-0.00617,0.00031,1.59002,-0.0,0.0,0.0,-98.16,-1.29,-2.75,,
3.777,pausa,quieto,0.0,0.0,0.0,0,0,0,0,-4,2,-4,2,-20.78,-32.1,105.12,-0.00331,0.00382,1.58887,-0.0,-0.0,0.0,-98.16,-1.29,-2.75,,
3.838,pausa,quieto,0.0,0.0,0.0,0,0,0,0,-5,-3,-2,1,-21.17,-32.8,104.43,0.0078,0.01108,1.58438,-0.0,-0.0,0.0,-98.16,-1.29,-2.75,,
3.885,pausa,quieto,0.0,0.0,0.0,0,0,0,0,1,3,-1,0,-21.06,-32.69,104.46,0.00803,0.01043,1.58541,-0.0,-0.0,0.0,-98.16,-1.29,-2.75,,
3.932,pausa,quieto,0.0,0.0,0.0,0,0,0,0,-5,0,1,-2,-21.07,-32.67,104.45,0.0079,0.01042,1.5854,0.0,-0.0,0.0,-98.16,-1.29,-2.75,,
3.979,pausa,quieto,0.0,0.0,0.0,0,0,0,0,-7,2,-11,0,-20.76,-32.1,105.12,-0.00342,0.0038,1.58894,0.0,-0.0,0.0,-98.16,-1.29,-2.75,,
4.046,calibracion,patron0,1.0,0.0,0.0,80,80,80,80,-1,0,0,-7,-20.79,-32.1,105.11,-0.00345,0.00383,1.58902,0.0,0.0,0.0,-98.16,-1.29,-2.75,,
4.105,calibracion,patron0,1.0,0.0,0.0,80,80,80,80,6,19,5,10,-21.51,-32.37,104.89,0.00105,0.00801,1.58646,0.0,-0.0,0.0,-98.16,-1.29,-2.75,,
4.146,calibracion,patron0,1.0,0.0,0.0,80,80,80,80,51,69,36,24,-25.61,-32.01,105.22,-0.00351,0.00512,1.58927,-0.2,-1.6,0.05,-98.11,-1.17,-2.76,,
4.186,calibracion,patron0,1.0,0.0,0.0,80,80,80,80,51,69,36,24,-34.53,-31.7,105.46,-0.0057,0.00141,1.59082,-0.2,-1.6,0.01,-98.15,-1.16,-2.8,,
4.246,calibracion,patron0,1.0,0.0,0.0,80,80,80,80,89,87,90,89,-56.93,-30.9,105.5,-0.00482,0.00258,1.59053,-4.2,-14.7,-0.01,-98.17,-1.17,-2.79,,
4.307,calibracion,patron0,1.0,0.0,0.0,80,80,80,80,89,87,90,89,-87.39,-30.07,105.39,-0.00143,0.00519,1.58829,-7.2,-39.9,0.02,-98.14,-1.15,-2.77,,
4.345,calibracion,patron0,1.0,0.0,0.0,80,80,80,80,94,92,103,107,-109.7,-29.41,105.48,-0.00227,0.00267,1.58808,-11.2,-68.2,0.12,-98.04,-1.18,-2.84,,
4.386,calibracion,patron0,1.0,0.0,0.0,80,80,80,80,108,97,106,100,-132.22,-29.25,105.1,0.0052,0.00796,1.58308,-14.8,-97.5,0.17,-97.99,-1.16,-2.9,,
4.446,calibracion,patron0,1.0,0.0,0.0,80,80,80,80,108,89,111,90,-162.39,-28.52,104.96,0.00288,0.00643,1.5819,-19.1,-126.4,0.25,-97.91,-1.2,-2.91,,
4.506,calibracion,patron0,1.0,0.0,0.0,80,80,80,80,76,97,83,83,-190.57,-27.44,105.24,-0.00063,0.00412,1.58326,-22.7,-152.6,0.26,-97.9,-1.12,-2.94,,
4.546,calibracion,patron0,1.0,0.0,0.0,80,80,80,80,56,86,80,73,-200.95,-27.07,105.36,-0.00087,0.00474,1.58285,-25.6,-174.8,0.26,-97.9,-1.12,-2.94,,
4.586,calibracion,patron0,1.0,0.0,0.0,80,80,80,80,66,56,56,63,-214.16,-26.87,105.32,0.00036,0.00611,1.58266,-27.7,-193.0,0.3,-97.86,-1.05,-2.97,,
4.646,calibracion,patron0,1.0,0.0,0.0,80,80,80,80,56,63,72,72,-234.79,-26.43,105.37,0.00126,0.00699,1.58093,-29.5,-208.8,0.41,-97.75,-0.96,-3.05,,
4.706,calibracion,patron0,1.0,0.0,0.0,80,80,80,80,65,70,82,87,-258.36,-25.8,105.45,0.00125,0.00765,1.58181,-31.5,-224.8,0.4,-97.76,-0.94,-3.07,,
4.746,calibracion,patron0,1.0,0.0,0.0,80,80,80,80,88,75,73,80,-276.13,-25.36,105.43,0.00145,0.00827,1.58159,-33.7,-243.0,0.33,-97.83,-0.9,-3.1,,
4.786,calibracion,patron0,1.0,0.0,0.0,80,80,80,80,82,92,88,93,-295.12,-24.97,105.28,0.0042,0.00832,1.58184,-39.5,-286.6,0.33,-97.83,-0.9,-3.1,,
4.848,calibracion,patron0,1.0,0.0,0.0,80,80,80,80,108,81,78,81,-328.91,-23.99,105.38,0.00354,0.00719,1.58145,-42.8,-310.8,0.37,-97.79,-0.9,-3.14,,
4.906,calibracion,patron0,1.0,0.0,0.0,80,80,80,80,74,83,84,90,-356.25,-23.15,105.44,0.00344,0.00623,1.58102,-46.1,-334.6,0.38,-97.78,-1.01,-3.22,,
4.946,calibracion,patron0,1.0,0.0,0.0,80,80,80,80,89,84,75,90,-369.03,-22.88,105.42,0.00365,0.00693,1.58109,-48.8,-356.5,0.37,-97.79,-1.06,-3.2,,
4.985,calibracion,patron0,1.0,0.0,0.0,80,80,80,80,80,78,82,80,-385.17,-22.33,105.53,0.00321,0.00669,1.58052,-51.6,-376.7,0.37,-97.79,-1.06,-3.2,,
5.046,calibracion,patron0,1.0,0.0,0.0,80,80,80,80,64,74,67,70,-411.95,-21.62,105.73,0.00281,0.00648,1.57977,-54.0,-395.4,0.35,-97.81,-1.06,-3.17,,
5.106,calibracion,patron0,1.0,0.0,0.0,80,80,80,80,70,79,77,67,-435.15,-20.84,105.87,0.002,0.0073,1.57996,-56.7,-413.8,0.39,-97.77,-1.06,-3.19,,
5.146,calibracion,patron0,1.0,0.0,0.0,80,80,80,80,78,66,79,85,-447.35,-20.59,105.8,0.00267,0.00803,1.57942,-59.3,-432.9,0.39,-97.77,-1.03,-3.16,,
5.206,calibracion,patron0,1.0,0.0,0.0,80,80,80,80,70,93,97,87,-473.18,-19.82,105.8,0.00128,0.00784,1.57925,-61.9,-452.9,0.43,-97.73,-1.05,-3.13,,
5.245,calibracion,patron0,1.0,0.0,0.0,80,80,80,80,94,77,77,67,-495.8,-19.12,105.89,0.00104,0.00795,1.57773,-64.8,-474.4,0.43,-97.73,-1.05,-3.13,,
5.306,calibracion,patron0,1.0,0.0,0.0,80,80,80,80,76,88,122,90,-523.3,-18.37,105.83,-4e-05,0.00798,1.57685,-67.6,-496.6,0.45,-97.71,-1.02,-3.11,,
5.347,calibracion,patron0,1.0,0.0,0.0,80,80,80,80,83,88,77,73,-536.9,-18.02,105.78,0.00199,0.00872,1.57536,-70.4,-518.9,0.45,-97.71,-1.02,-3.11,,
5.406,calibracion,patron0,1.0,0.0,0.0,80,80,80,80,79,83,105,96,-562.69,-17.21,105.72,0.00245,0.00769,1.57796,-73.1,-540.6,0.49,-97.67,-1.02,-3.12,,
5.447,calibracion,patron0,1.0,0.0,0.0,80,80,80,80,68,80,73,84,-583.24,-16.55,105.73,0.00281,0.0084,1.57782,-75.8,-561.6,0.61,-97.55,-1.02,-3.18,,
5.487,calibracion,patron0,1.0,0.0,0.0,80,80,80,80,68,80,73,84,-595.21,-16.13,105.9,0.00086,0.00882,1.57745,-75.8,-561.6,0.6,-97.56,-1.02,-3.16,,
5.567,calibracion,patron0,1.0,0.0,0.0,80,80,80,80,70,74,88,75,-626.89,-15.17,105.96,0.0017,0.0093,1.57893,-80.8,-601.0,0.6,-97.56,-1.01,-3.12,,
5.607,calibracion,patron0,1.0,0.0,0.0,80,80,80,80,65,83,88,81,-643.0,-14.68,105.97,0.00203,0.00947,1.57901,-83.3,-620.4,0.52,-97.64,-0.98,-3.1,,
5.648,calibracion,patron0,1.0,0.0,0.0,80,80,80,80,105,85,74,67,-655.4,-14.28,106.05,0.00234,0.00999,1.57946,-86.0,-640.5,0.51,-97.65,-0.95,-3.12,,
5.687,calibracion,patron0,1.0,0.0,0.0,80,80,80,80,80,73,100,73,-676.71,-13.55,106.23,0.00165,0.01024,1.57838,-86.0,-640.5,0.55,-97.61,-0.95,-3.09,,
5.767,calibracion,patron0,1.0,0.0,0.0,80,80,80,80,91,87,79,84,-711.91,-12.38,106.29,0.00192,0.01029,1.57898,-92.1,-683.0,0.56,-97.6,-0.96,-3.05,,
5.807,calibracion,patron0,1.0,0.0,0.0,80,80,80,80,87,65,101,73,-733.68,-11.47,106.31,-0.00025,0.00909,1.57669,-92.1,-683.0,0.54,-97.62,-0.94,-3.01,,
5.847,calibracion,patron0,1.0,0.0,0.0,80,80,80,80,83,81,68,84,-746.65,-11.04,106.33,0.0001,0.00919,1.57722,-98.0,-726.7,0.56,-97.6,-0.94,-2.97,,
5.887,calibracion,patron0,1.0,0.0,0.0,80,80,80,80,82,88,75,59,-763.66,-10.42,106.45,-3e-05,0.00983,1.5766,-98.0,-726.7,0.6,-97.56,-0.93,-2.99,,
5.967,calibracion,patron0,1.0,0.0,0.0,80,80,80,80,83,72,75,86,-796.82,-9.36,106.42,-7e-05,0.00943,1.57594,-103.3,-768.2,0.64,-97.52,-0.96,-2.97,,
6.007,calibracion,patron0,1.0,0.0,0.0,80,80,80,80,86,82,60,87,-817.42,-8.62,106.45,-0.00038,0.01016,1.5744,-103.3,-768.2,0.61,-97.55,-0.96,-2.95,,
6.048,calibracion,patron0,1.0,0.0,0.0,80,80,80,80,79,75,69,87,-829.74,-8.14,106.57,-0.00147,0.00917,1.57385,-108.8,-808.3,0.67,-97.49,-0.93,-2.93,,
6.107,pausa,quieto,0.0,0.0,0.0,0,0,0,0,86,73,86,83,-855.14,-7.05,106.53,0.00098,0.00991,1.56856,-111.4,-828.5,0.69,-97.47,-0.91,-2.92,,
6.128,pausa,quieto,0.0,0.0,0.0,0,0,0,0,86,73,86,83,-863.8,-6.75,106.48,0.00199,0.01002,1.56858,-111.4,-828.5,0.8,-97.36,-0.92,-2.99,,
6.189,pausa,quieto,0.0,0.0,0.0,0,0,0,0,30,39,44,26,-884.58,-5.71,106.35,0.0009,0.00708,1.5673,-114.3,-849.2,0.8,-97.36,-0.92,-2.99,,
6.236,pausa,quieto,0.0,0.0,0.0,0,0,0,0,30,39,44,26,-896.2,-5.19,106.38,0.00137,0.00734,1.5666,-116.4,-866.8,0.91,-97.25,-1.06,-2.97,,
6.282,pausa,quieto,0.0,0.0,0.0,0,0,0,0,27,24,30,18,-900.16,-4.95,106.37,0.00087,0.00896,1.5655,-117.6,-875.5,0.91,-97.25,-1.06,-2.97,,
6.329,pausa,quieto,0.0,0.0,0.0,0,0,0,0,18,17,18,8,-901.88,-4.89,106.37,0.00089,0.00912,1.56558,-118.3,-880.2,0.98,-97.18,-0.98,-2.91,,
6.377,pausa,quieto,0.0,0.0,0.0,0,0,0,0,8,8,5,10,-904.57,-4.8,106.37,0.00119,0.0088,1.56596,-119.1,-882.3,0.98,-97.18,-0.98,-2.91,,
6.438,pausa,quieto,0.0,0.0,0.0,0,0,0,0,7,2,4,7,-906.66,-4.69,106.39,0.00078,0.00899,1.56586,-119.5,-884.2,0.97,-97.19,-0.98,-2.91,,
6.485,pausa,quieto,0.0,0.0,0.0,0,0,0,0,8,9,3,5,-907.91,-4.73,106.4,0.00056,0.00884,1.56731,-119.8,-885.9,0.97,-97.19,-0.98,-2.91,,
6.531,pausa,quieto,0.0,0.0,0.0,0,0,0,0,8,4,7,3,-908.58,-4.77,106.41,0.00057,0.00886,1.56773,-120.1,-887.3,0.9,-97.26,-0.98,-2.9,,
6.578,pausa,quieto,0.0,0.0,0.0,0,0,0,0,1,9,3,4,-908.96,-4.75,106.4,0.00031,0.00883,1.56753,-120.3,-888.4,0.9,-97.26,-0.98,-2.9,,
6.639,pausa,quieto,0.0,0.0,0.0,0,0,0,0,6,1,-3,5,-908.81,-4.77,106.4,0.00033,0.00884,1.56767,-120.2,-889.1,0.89,-97.27,-0.99,-2.9,,
6.686,pausa,quieto,0.0,0.0,0.0,0,0,0,0,-1,2,6,-1,-908.33,-4.8,106.4,0.00067,0.00908,1.56788,-120.3,-889.4,0.89,-97.27,-0.99,-2.9,,
6.732,pausa,quieto,0.0,0.0,0.0,0,0,0,0,-2,-1,-2,-4,-907.84,-4.83,106.38,0.00077,0.00891,1.56799,-120.4,-889.3,0.88,-97.28,-0.99,-2.9,,
6.778,pausa,quieto,0.0,0.0,0.0,0,0,0,0,-5,0,1,-2,-907.25,-4.87,106.38,0.00064,0.00897,1.56783,-120.2,-888.9,0.88,-97.28,-0.99,-2.9,,
6.84,pausa,quieto,0.0,0.0,0.0,0,0,0,0,2,-1,1,6,-906.8,-4.9,106.37,0.00059,0.009,1.56783,-120.1,-888.3,0.86,-97.3,-0.99,-2.9,,
6.886,pausa,quieto,0.0,0.0,0.0,0,0,0,0,-2,4,-5,-1,-906.53,-4.91,106.36,0.0007,0.00898,1.5678,-120.0,-888.0,0.86,-97.3,-0.99,-2.9,,
6.932,pausa,quieto,0.0,0.0,0.0,0,0,0,0,-2,2,2,4,-906.57,-4.9,106.37,0.00044,0.00879,1.56781,-120.0,-888.1,0.85,-97.31,-1.0,-2.9,,
6.98,pausa,quieto,0.0,0.0,0.0,0,0,0,0,-3,2,-4,-3,-906.65,-4.91,106.38,0.00064,0.00899,1.56774,-119.9,-888.2,0.85,-97.31,-1.0,-2.9,,
7.027,pausa,quieto,0.0,0.0,0.0,0,0,0,0,0,-1,-1,-1,-906.86,-4.9,106.37,0.00057,0.00892,1.56794,-120.0,-888.2,0.85,-97.31,-1.0,-2.9,,
7.09,pausa,quieto,0.0,0.0,0.0,0,0,0,0,1,-2,-2,-1,-906.93,-4.9,106.37,0.00071,0.00899,1.5679,-120.0,-888.2,0.85,-97.31,-1.0,-2.9,,
7.147,pausa,quieto,0.0,0.0,0.0,0,0,0,0,-4,-1,5,1,-906.9,-4.89,106.36,0.00064,0.00896,1.56785,-120.0,-888.0,0.85,-97.31,-1.0,-2.9,,
7.184,pausa,quieto,0.0,0.0,0.0,0,0,0,0,-2,-7,0,1,-906.81,-4.9,106.36,0.00056,0.00893,1.56795,-120.0,-887.8,0.85,-97.31,-1.0,-2.9,,
7.231,pausa,quieto,0.0,0.0,0.0,0,0,0,0,4,3,-3,-2,-906.79,-4.89,106.36,0.00053,0.00902,1.56784,-120.0,-887.7,0.85,-97.31,-1.0,-2.9,,
7.278,pausa,quieto,0.0,0.0,0.0,0,0,0,0,5,-2,1,2,-906.78,-4.9,106.36,0.00041,0.00892,1.56788,-120.0,-887.7,0.85,-97.31,-1.0,-2.9,,
7.339,pausa,quieto,0.0,0.0,0.0,0,0,0,0,-4,1,2,-4,-906.84,-4.88,106.36,0.00084,0.00905,1.56789,-120.1,-887.7,0.85,-97.31,-1.0,-2.9,,
7.385,pausa,quieto,0.0,0.0,0.0,0,0,0,0,7,2,1,3,-906.83,-4.93,106.36,0.00043,0.00888,1.56784,-120.1,-887.7,0.85,-97.31,-1.0,-2.9,,
7.431,pausa,quieto,0.0,0.0,0.0,0,0,0,0,5,1,1,-6,-906.82,-4.9,106.37,0.00069,0.00904,1.56789,-120.1,-887.6,0.85,-97.31,-1.0,-2.9,,
7.479,pausa,quieto,0.0,0.0,0.0,0,0,0,0,-5,6,2,-1,-906.78,-4.9,106.37,0.00052,0.00899,1.56786,-120.1,-887.6,0.85,-97.31,-1.0,-2.9,,
7.539,pausa,quieto,0.0,0.0,0.0,0,0,0,0,-2,-1,0,3,-906.78,-4.91,106.37,0.00077,0.00913,1.56785,-120.2,-887.5,0.85,-97.31,-1.0,-2.9,,
7.586,pausa,quieto,0.0,0.0,0.0,0,0,0,0,2,0,-1,-3,-906.8,-4.9,106.36,0.0005,0.00893,1.56781,-120.2,-887.5,0.85,-97.31,-1.0,-2.9,,
7.632,pausa,quieto,0.0,0.0,0.0,0,0,0,0,0,-3,2,0,-906.83,-4.9,106.37,0.00072,0.00907,1.56783,-120.2,-887.4,0.85,-97.31,-1.0,-2.9,,
7.679,pausa,quieto,0.0,0.0,0.0,0,0,0,0,2,-4,-1,4,-906.8,-4.9,106.36,0.0006,0.00884,1.56784,-120.2,-887.4,0.85,-97.31,-1.0,-2.9,,
7.739,pausa,quieto,0.0,0.0,0.0,0,0,0,0,0,1,2,1,-906.8,-4.92,106.36,0.00062,0.00897,1.56796,-120.2,-887.4,0.85,-97.31,-1.0,-2.9,,
7.786,pausa,quieto,0.0,0.0,0.0,0,0,0,0,-3,-1,1,-2,-906.79,-4.9,106.36,0.00061,0.00892,1.56779,-120.2,-887.4,0.85,-97.31,-1.0,-2.9,,
7.832,pausa,quieto,0.0,0.0,0.0,0,0,0,0,-5,4,1,-3,-906.8,-4.89,106.36,0.00058,0.00898,1.56786,-120.2,-887.3,0.85,-97.31,-1.0,-2.9,,
7.878,pausa,quieto,0.0,0.0,0.0,0,0,0,0,2,-3,5,-5,-906.77,-4.92,106.38,0.00023,0.00883,1.56794,-120.2,-887.3,0.85,-97.31,-1.0,-2.9,,
7.94,pausa,quieto,0.0,0.0,0.0,0,0,0,0,-3,-1,0,-4,-906.8,-4.91,106.35,0.00062,0.00898,1.56789,-120.3,-887.3,0.85,-97.31,-1.0,-2.9,,
7.988,pausa,quieto,0.0,0.0,0.0,0,0,0,0,-1,-1,-1,6,-906.8,-4.9,106.36,0.00077,0.00901,1.56788,-120.3,-887.3,0.85,-97.31,-1.0,-2.9,,
8.035,pausa,quieto,0.0,0.0,0.0,0,0,0,0,-2,-3,-4,-4,-906.82,-4.9,106.36,0.00084,0.00906,1.56786,-120.3,-887.3,0.85,-97.31,-1.0,-2.9,,
8.081,pausa,quieto,0.0,0.0,0.0,0,0,0,0,-2,-1,-1,2,-906.81,-4.92,106.36,0.00069,0.00905,1.56785,-120.3,-887.3,0.85,-97.31,-1.0,-2.9,,
8.128,pausa,quieto,0.0,0.0,0.0,0,0,0,0,2,8,-1,5,-906.8,-4.91,106.36,0.0006,0.00896,1.56783,-120.3,-887.2,0.85,-97.31,-1.0,-2.9,,
8.19,pausa,quieto,0.0,0.0,0.0,0,0,0,0,1,-5,2,-7,-906.79,-4.91,106.37,0.00064,0.00906,1.56783,-120.3,-887.2,0.85,-97.31,-1.0,-2.9,,
8.237,pausa,quieto,0.0,0.0,0.0,0,0,0,0,-3,-2,2,0,-906.76,-4.91,106.36,0.00074,0.00901,1.56788,-120.3,-887.2,0.85,-97.31,-1.0,-2.9,,
8.284,pausa,quieto,0.0,0.0,0.0,0,0,0,0,6,-1,6,-1,-906.77,-4.91,106.35,0.00066,0.00893,1.56789,-120.3,-887.2,0.85,-97.31,-1.0,-2.9,,
8.331,pausa,quieto,0.0,0.0,0.0,0,0,0,0,-7,2,-1,-5,-906.77,-4.91,106.36,0.00053,0.00899,1.56781,-120.4,-887.2,0.85,-97.31,-1.0,-2.9,,
8.378,pausa,quieto,0.0,0.0,0.0,0,0,0,0,0,1,2,6,-906.77,-4.91,106.36,0.0006,0.00895,1.56779,-120.4,-887.2,0.85,-97.31,-1.0,-2.9,,
8.44,pausa,quieto,0.0,0.0,0.0,0,0,0,0,1,-2,4,4,-906.75,-4.91,106.36,0.00069,0.00899,1.56788,-120.4,-887.2,0.85,-97.31,-1.0,-2.9,,
8.488,pausa,quieto,0.0,0.0,0.0,0,0,0,0,-1,6,2,5,-906.74,-4.92,106.36,0.00044,0.00889,1.56782,-120.4,-887.2,0.85,-97.31,-1.0,-2.9,,
8.534,pausa,quieto,0.0,0.0,0.0,0,0,0,0,-5,-2,5,1,-906.74,-4.92,106.36,0.00044,0.00883,1.56778,-120.4,-887.2,0.85,-97.31,-1.0,-2.9,,
8.58,pausa,quieto,0.0,0.0,0.0,0,0,0,0,-5,-2,5,1,-906.75,-4.9,106.35,0.00069,0.00898,1.56786,-120.4,-887.2,0.85,-97.31,-1.0,-2.9,,
8.64,pausa,quieto,0.0,0.0,0.0,0,0,0,0,-1,5,-3,-1,-906.75,-4.9,106.35,0.00084,0.009,1.5678,-120.4,-887.2,0.85,-97.31,-1.0,-2.9,,
8.686,pausa,quieto,0.0,0.0,0.0,0,0,0,0,-1,5,-3,-1,-906.78,-4.9,106.36,0.0007,0.00902,1.56786,-120.4,-887.2,0.85,-97.31,-1.0,-2.9,,
8.733,pausa,quieto,0.0,0.0,0.0,0,0,0,0,1,3,2,2,-906.76,-4.91,106.36,0.0005,0.00885,1.56787,-120.4,-887.2,0.85,-97.31,-1.0,-2.9,,
8.78,pausa,quieto,0.0,0.0,0.0,0,0,0,0,1,3,2,2,-906.78,-4.9,106.35,0.00074,0.00903,1.56786,-120.4,-887.2,0.85,-97.31,-1.0,-2.9,,
8.827,pausa,quieto,0.0,0.0,0.0,0,0,0,0,-3,-5,-1,2,-906.75,-4.91,106.36,0.00046,0.0089,1.56785,-120.4,-887.2,0.85,-97.31,-1.0,-2.9,,
8.888,pausa,quieto,0.0,0.0,0.0,0,0,0,0,-2,1,-3,-9,-906.76,-4.9,106.36,0.00051,0.00894,1.56798,-120.4,-887.2,0.85,-97.31,-1.0,-2.9,,
8.934,pausa,quieto,0.0,0.0,0.0,0,0,0,0,-1,1,-2,-6,-906.76,-4.91,106.35,0.00071,0.009,1.56784,-120.4,-887.2,0.85,-97.31,-1.0,-2.9,,
8.98,pausa,quieto,0.0,0.0,0.0,0,0,0,0,-5,11,3,-4,-906.77,-4.9,106.36,0.00063,0.009,1.56782,-120.4,-887.2,0.85,-97.31,-1.0,-2.9,,
9.027,pausa,quieto,0.0,0.0,0.0,0,0,0,0,14,2,1,4,-906.75,-4.9,106.36,0.00063,0.00893,1.56786,-120.4,-887.2,0.85,-97.31,-1.0,-2.9,,
9.089,pausa,quieto,0.0,0.0,0.0,0,0,0,0,-4,1,1,1,-906.77,-4.9,106.36,0.00056,0.00898,1.56787,-120.4,-887.2,0.85,-97.31,-1.0,-2.9,,
9.135,pausa,quieto,0.0,0.0,0.0,0,0,0,0,-4,1,1,1,-906.76,-4.89,106.36,0.00048,0.00892,1.56789,-120.4,-887.2,0.85,-97.31,-1.0,-2.9,,
9.207,calibracion,patron1,0.0,1.0,0.0,80,-80,-80,80,3,-1,1,-3,-906.77,-4.9,106.36,0.00046,0.00897,1.56789,-120.4,-887.2,0.85,-97.31,-1.0,-2.9,,
9.247,calibracion,patron1,0.0,1.0,0.0,80,-80,-80,80,3,-1,1,-3,-906.62,-5.5,106.36,0.00019,0.00845,1.58616,-120.4,-887.2,0.85,-97.31,-1.0,-2.9,,
9.307,calibracion,patron1,0.0,1.0,0.0,80,-80,-80,80,96,-84,-74,89,-905.09,-9.04,106.36,0.00036,0.0108,1.7195,-119.4,-887.5,-1.42,-99.58,-1.1,-2.87,,
9.348,calibracion,patron1,0.0,1.0,0.0,80,-80,-80,80,111,-135,-97,121,-903.55,-11.21,106.49,-0.0008,0.01253,1.81539,-119.4,-887.5,-8.61,-106.77,-1.39,-2.74,,
9.407,calibracion,patron1,0.0,1.0,0.0,80,-80,-80,80,111,-135,-97,121,-900.4,-13.98,106.16,0.00529,0.01857,1.9859,-115.0,-889.9,-17.75,-115.91,-1.73,-2.47,,
9.446,calibracion,patron1,0.0,1.0,0.0,80,-80,-80,80,101,-119,-81,117,-898.88,-14.1,106.13,-0.00128,0.01906,2.07395,-111.4,-893.3,-24.87,-123.03,-2.01,-2.19,,
9.487,calibracion,patron1,0.0,1.0,0.0,80,-80,-80,80,61,-65,-58,63,-897.86,-13.55,105.96,0.0015,0.01753,2.11575,-112.2,-894.4,-29.45,-127.61,-2.16,-1.93,,
9.546,calibracion,patron1,0.0,1.0,0.0,80,-80,-80,80,55,-51,-58,50,-896.24,-13.79,106.22,-0.00042,0.01532,2.2197,-114.8,-892.7,-33.77,-131.93,-2.33,-1.76,,
9.606,calibracion,patron1,0.0,1.0,0.0,80,-80,-80,80,77,-91,-90,75,-893.43,-15.19,106.06,0.00114,0.01848,2.35857,-116.3,-891.6,-39.66,-137.82,-2.45,-1.53,,
9.647,calibracion,patron1,0.0,1.0,0.0,80,-80,-80,80,94,-88,-85,101,-890.54,-16.48,106.05,-0.00204,0.01996,2.47852,-118.1,-893.5,-46.59,-144.75,-2.63,-1.19,,
9.688,calibracion,patron1,0.0,1.0,0.0,80,-80,-80,80,117,-75,-82,68,-888.97,-17.19,106.0,-0.00294,0.02041,2.54441,-118.1,-893.5,-53.26,-151.42,-2.71,-0.84,,
9.748,calibracion,patron1,0.0,1.0,0.0,80,-80,-80,80,66,-77,-68,79,-885.47,-18.3,106.45,-0.01178,0.01748,2.66496,-122.8,-892.3,-59.0,-157.16,-2.68,-0.52,,
9.807,calibracion,patron1,0.0,1.0,0.0,80,-80,-80,80,77,-78,-84,69,-882.79,-18.31,106.37,-0.01287,0.01833,2.78137,-124.1,-891.3,-59.0,-157.16,-2.68,-0.52,,
9.847,calibracion,patron1,0.0,1.0,0.0,80,-80,-80,80,80,-75,-82,79,-880.16,-17.52,106.23,-0.01542,0.01924,2.88888,-125.0,-890.9,-64.46,-162.62,-2.7,-0.21,,
9.907,calibracion,patron1,0.0,1.0,0.0,80,-80,-80,80,73,-78,-81,86,-877.75,-16.63,106.09,-0.01846,0.02077,3.00093,-125.5,-891.2,-70.22,-168.38,-2.67,0.08,,
9.947,calibracion,patron1,0.0,1.0,0.0,80,-80,-80,80,70,-89,-107,104,-875.94,-15.71,106.19,-0.02062,0.01791,3.0875,-126.4,-891.2,-76.54,-174.7,-2.56,0.43,,
10.007,calibracion,patron1,0.0,1.0,0.0,80,-80,-80,80,77,-66,-64,62,-873.57,-14.24,106.02,-0.02453,0.01713,-3.07045,-127.2,-890.5,-82.87,178.97,-2.48,0.81,,
10.047,calibracion,patron1,0.0,1.0,0.0,80,-80,-80,80,70,-78,-65,76,-871.32,-13.03,106.21,-0.02283,0.01355,-2.96955,-128.0,-889.4,-88.88,172.96,-2.3,1.12,,
10.107,calibracion,patron1,0.0,1.0,0.0,80,-80,-80,80,82,-82,-84,63,-869.47,-11.83,106.31,-0.02479,0.01159,-2.86543,-129.0,-888.5,-94.72,167.12,-2.15,1.45,,
10.147,calibracion,patron1,0.0,1.0,0.0,80,-80,-80,80,69,-78,-78,69,-868.03,-10.65,106.31,-0.02324,0.01172,-2.78039,-129.8,-887.6,-100.66,161.18,-1.96,1.72,,
10.207,calibracion,patron1,0.0,1.0,0.0,80,-80,-80,80,79,-78,-107,93,-866.19,-8.6,106.09,-0.02271,0.01022,-2.65349,-130.7,-886.7,-106.62,155.22,-1.76,2.02,,
10.247,calibracion,patron1,0.0,1.0,0.0,80,-80,-80,80,87,-78,-102,81,-864.88,-6.78,106.01,-0.02411,0.00818,-2.54822,-130.7,-886.7,-112.63,149.21,-1.54,2.25,,
10.288,calibracion,patron1,0.0,1.0,0.0,80,-80,-80,80,78,-72,-82,67,-864.29,-5.47,105.89,-0.02388,0.00653,-2.48571,-131.6,-885.9,-118.67,143.17,-1.32,2.5,,
10.368,calibracion,patron1,0.0,1.0,0.0,80,-80,-80,80,81,-84,-75,85,-862.85,-1.46,105.9,-0.02013,0.00286,-2.31674,-132.6,-884.6,-124.71,137.13,-1.04,2.75,,
10.408,calibracion,patron1,0.0,1.0,0.0,80,-80,-80,80,99,-85,-88,69,-862.12,1.18,106.07,-0.02182,0.00063,-2.20931,-132.5,-884.0,-130.73,131.11,-0.76,2.91,,
10.448,calibracion,patron1,0.0,1.0,0.0,80,-80,-80,80,99,-85,-88,69,-861.96,2.22,106.15,-0.02347,0.00148,-2.15152,-132.5,-884.0,-136.66,125.18,-0.51,2.97,,
10.508,calibracion,patron1,0.0,1.0,0.0,80,-80,-80,80,84,-86,-93,109,-861.83,5.64,106.01,-0.02147,0.00221,-2.02253,-132.4,-883.5,-148.61,113.23,0.17,3.11,,
10.548,calibracion,patron1,0.0,1.0,0.0,80,-80,-80,80,75,-76,-76,81,-861.65,7.95,106.03,-0.02325,0.00038,-1.92095,-131.9,-881.8,-154.56,107.28,0.49,3.06,,
10.588,calibracion,patron1,0.0,1.0,0.0,80,-80,-80,80,71,-74,-76,77,-861.68,9.3,105.93,-0.02003,-0.00215,-1.85876,-131.9,-881.8,-154.56,107.28,0.49,3.06,,
10.648,calibracion,patron1,0.0,1.0,0.0,80,-80,-80,80,96,-84,-80,88,-862.87,11.5,105.83,-0.01158,0.00098,-1.73416,-132.1,-880.7,-166.43,95.41,1.13,2.87,,
10.708,calibracion,patron1,0.0,1.0,0.0,80,-80,-80,80,90,-74,-66,79,-863.92,15.27,106.2,-0.01143,-0.0038,-1.58198,-132.1,-880.7,-172.35,89.49,1.46,2.76,,
10.749,calibracion,patron1,0.0,1.0,0.0,80,-80,-80,80,75,-90,-100,90,-864.84,16.63,106.3,-0.01493,-0.00591,-1.49972,-131.6,-879.6,-178.28,83.56,1.8,2.65,,
10.789,calibracion,patron1,0.0,1.0,0.0,80,-80,-80,80,90,-87,-100,86,-865.55,17.85,106.08,-0.01649,-0.00578,-1.43677,-131.6,-879.6,175.81,77.65,2.11,2.43,,
10.868,calibracion,patron1,0.0,1.0,0.0,80,-80,-80,80,65,-75,-61,73,-867.95,20.93,106.02,-0.02048,-0.00829,-1.27047,-130.3,-879.2,169.8,71.64,2.38,2.2,,
10.91,calibracion,patron1,0.0,1.0,0.0,80,-80,-80,80,87,-83,-65,83,-869.55,22.8,106.07,-0.01764,-0.01017,-1.16556,-130.3,-879.2,169.8,71.64,2.38,2.2,,
10.949,calibracion,patron1,0.0,1.0,0.0,80,-80,-80,80,87,-83,-65,83,-870.77,23.93,105.98,-0.01797,-0.01074,-1.08304,-129.3,-879.4,157.96,59.8,2.81,1.71,,
10.989,calibracion,patron1,0.0,1.0,0.0,80,-80,-80,80,69,-76,-70,83,-871.62,24.9,105.76,-0.01572,-0.01061,-1.01646,-128.2,-879.3,157.96,59.8,2.81,1.71,,
11.051,calibracion,patron1,0.0,1.0,0.0,80,-80,-80,80,79,-88,-89,73,-874.22,26.04,106.04,-0.01492,-0.00899,-0.8918,-126.3,-878.7,145.88,47.72,3.16,1.17,,
11.108,calibracion,patron1,0.0,1.0,0.0,80,-80,-80,80,65,-80,-75,61,-877.1,27.04,106.35,-0.01064,-0.00995,-0.74736,-126.3,-878.7,145.88,47.72,3.16,1.17,,
11.149,calibracion,patron1,0.0,1.0,0.0,80,-80,-80,80,86,-91,-91,67,-878.19,27.08,106.49,-0.0074,-0.00727,-0.68653,-124.7,-879.1,134.02,35.86,3.34,0.57,,
11.209,calibracion,patron1,0.0,1.0,0.0,80,-80,-80,80,93,-84,-77,67,-881.55,27.73,106.62,-0.00585,-0.00375,-0.5603,-124.7,-879.1,134.02,35.86,3.34,0.57,,
11.249,pausa,quieto,0.0,0.0,0.0,0,0,0,0,78,-77,-93,104,-884.01,27.9,106.55,-0.00561,-0.00416,-0.45325,-123.4,-880.1,121.95,23.79,3.49,-0.06,,
11.275,pausa,quieto,0.0,0.0,0.0,0,0,0,0,78,-77,-93,104,-885.18,28.02,106.38,-0.00697,-0.00463,-0.39474,-123.4,-880.1,121.95,23.79,3.49,-0.06,,
11.339,pausa,quieto,0.0,0.0,0.0,0,0,0,0,70,-51,-67,67,-885.12,28.1,106.24,-0.00755,-0.0044,-0.35501,-122.7,-880.2,112.21,14.05,3.45,-0.6,,
11.385,pausa,quieto,0.0,0.0,0.0,0,0,0,0,6,1,-4,6,-884.82,28.52,106.23,-0.00657,-0.00508,-0.3521,-121.3,-881.4,111.81,13.65,3.46,-0.58,,
11.431,pausa,quieto,0.0,0.0,0.0,0,0,0,0,4,3,7,0,-884.68,28.98,106.27,-0.00664,-0.00536,-0.35229,-120.8,-885.5,111.84,13.68,3.46,-0.58,,
11.478,pausa,quieto,0.0,0.0,0.0,0,0,0,0,-2,7,0,1,-884.44,29.39,106.24,-0.00657,-0.0054,-0.35263,-120.2,-887.7,111.83,13.67,3.46,-0.57,,
11.54,pausa,quieto,0.0,0.0,0.0,0,0,0,0,7,0,0,2,-884.33,29.88,106.25,-0.00632,-0.00563,-0.35148,-119.9,-888.1,111.83,13.67,3.46,-0.57,,
11.587,pausa,quieto,0.0,0.0,0.0,0,0,0,0,-6,1,-2,-2,-884.24,30.1,106.24,-0.00624,-0.00558,-0.35174,-119.7,-887.9,111.83,13.67,3.46,-0.57,,
11.634,pausa,quieto,0.0,0.0,0.0,0,0,0,0,1,0,-5,-2,-884.21,30.21,106.24,-0.00627,-0.00558,-0.35157,-119.8,-887.5,111.83,13.67,3.46,-0.57,,
11.681,pausa,quieto,0.0,0.0,0.0,0,0,0,0,-2,0,4,7,-884.19,30.21,106.23,-0.00626,-0.00542,-0.3516,-120.3,-887.0,111.83,13.67,3.46,-0.57,,
11.728,pausa,quieto,0.0,0.0,0.0,0,0,0,0,1,-4,0,-1,-884.2,30.19,106.23,-0.0063,-0.00554,-0.35166,-120.5,-886.3,111.83,13.67,3.45,-0.57,,
11.789,pausa,quieto,0.0,0.0,0.0,0,0,0,0,1,1,-2,-3,-884.18,30.1,106.22,-0.00636,-0.00525,-0.352,-120.7,-885.8,111.83,13.67,3.45,-0.57,,
11.834,pausa,quieto,0.0,0.0,0.0,0,0,0,0,1,-6,2,-3,-884.25,30.07,106.24,-0.0063,-0.00547,-0.35157,-121.0,-885.2,111.83,13.67,3.45,-0.57,,
11.881,pausa,quieto,0.0,0.0,0.0,0,0,0,0,1,-3,4,-2,-884.25,30.1,106.22,-0.00629,-0.00562,-0.35162,-121.4,-884.8,111.83,13.67,3.45,-0.56,,
11.927,pausa,quieto,0.0,0.0,0.0,0,0,0,0,0,-4,-4,-1,-884.21,30.12,106.23,-0.00636,-0.00564,-0.3517,-121.4,-884.8,111.83,13.67,3.45,-0.56,,
11.99,pausa,quieto,0.0,0.0,0.0,0,0,0,0,-2,2,-2,1,-884.16,30.13,106.22,-0.00643,-0.00532,-0.352,-121.6,-884.2,111.83,13.67,3.45,-0.57,,
12.036,pausa,quieto,0.0,0.0,0.0,0,0,0,0,-2,4,0,4,-884.17,30.11,106.22,-0.00645,-0.00527,-0.35201,-121.6,-884.0,111.83,13.67,3.45,-0.57,,
12.083,pausa,quieto,0.0,0.0,0.0,0,0,0,0,-5,5,0,-1,-884.17,30.12,106.21,-0.00641,-0.00534,-0.35205,-121.5,-883.9,111.83,13.67,3.45,-0.56,,
12.13,pausa,quieto,0.0,0.0,0.0,0,0,0,0,-2,3,-4,-4,-884.16,30.12,106.22,-0.00639,-0.00526,-0.35212,-121.4,-883.7,111.83,13.67,3.45,-0.56,,
12.178,pausa,quieto,0.0,0.0,0.0,0,0,0,0,-1,-1,-2,-4,-884.17,30.16,106.2,-0.0064,-0.00528,-0.35204,-121.4,-883.7,111.83,13.67,3.45,-0.56,,
12.24,pausa,quieto,0.0,0.0,0.0,0,0,0,0,3,-6,4,-4,-884.17,30.14,106.21,-0.00638,-0.00531,-0.3521,-121.3,-883.6,111.83,13.67,3.45,-0.56,,
12.309,pausa,quieto,0.0,0.0,0.0,0,0,0,0,0,-3,-1,1,-884.16,30.12,106.21,-0.00641,-0.00533,-0.35214,-121.2,-883.5,111.83,13.67,3.45,-0.57,,
12.333,pausa,quieto,0.0,0.0,0.0,0,0,0,0,-8,-3,-5,4,-884.18,30.1,106.19,-0.00638,-0.00533,-0.35212,-121.2,-883.4,111.83,13.67,3.45,-0.57,,
12.379,pausa,quieto,0.0,0.0,0.0,0,0,0,0,-2,2,0,3,-884.19,30.12,106.2,-0.00634,-0.00521,-0.35206,-121.2,-883.4,111.83,13.67,3.45,-0.56,,
12.426,pausa,quieto,0.0,0.0,0.0,0,0,0,0,-2,2,0,3,-884.16,30.14,106.19,-0.00638,-0.00535,-0.35214,-121.1,-883.3,111.83,13.67,3.45,-0.56,,
12.488,pausa,quieto,0.0,0.0,0.0,0,0,0,0,-9,0,2,0,-884.17,30.13,106.2,-0.00638,-0.00545,-0.35204,-121.1,-883.3,111.83,13.67,3.45,-0.56,,
12.534,pausa,quieto,0.0,0.0,0.0,0,0,0,0,-2,1,4,-5,-884.18,30.11,106.18,-0.00636,-0.00532,-0.35219,-121.0,-883.2,111.83,13.67,3.45,-0.56,,
12.58,pausa,quieto,0.0,0.0,0.0,0,0,0,0,-3,-2,-7,-3,-884.18,30.14,106.22,-0.00634,-0.00524,-0.35202,-121.0,-883.2,111.83,13.67,3.45,-0.57,,
12.625,pausa,quieto,0.0,0.0,0.0,0,0,0,0,-3,-2,-7,-3,-884.18,30.12,106.19,-0.00637,-0.0054,-0.35218,-121.0,-883.2,111.83,13.67,3.45,-0.57,,
12.688,pausa,quieto,0.0,0.0,0.0,0,0,0,0,-6,2,0,-2,-884.18,30.12,106.21,-0.0064,-0.00533,-0.35208,-120.9,-883.1,111.83,13.67,3.45,-0.56,,
12.735,pausa,quieto,0.0,0.0,0.0,0,0,0,0,-1,-2,0,8,-884.0,30.2,106.08,-0.00768,-0.0055,-0.35448,-120.8,-883.0,111.83,13.67,3.45,-0.57,,
12.781,pausa,quieto,0.0,0.0,0.0,0,0,0,0,2,7,-1,5,-884.19,30.12,106.21,-0.0063,-0.00531,-0.35202,-120.8,-883.0,111.83,13.67,3.45,-0.57,,
12.829,pausa,quieto,0.0,0.0,0.0,0,0,0,0,2,7,-1,5,-884.19,30.11,106.17,-0.00635,-0.00546,-0.35214,-120.8,-883.0,111.84,13.68,3.45,-0.57,,
12.89,pausa,quieto,0.0,0.0,0.0,0,0,0,0,4,0,1,1,-884.19,30.12,106.2,-0.00632,-0.00546,-0.35211,-120.7,-882.9,111.83,13.67,3.45,-0.57,,
12.935,pausa,quieto,0.0,0.0,0.0,0,0,0,0,3,-4,-2,0,-884.18,30.14,106.2,-0.00633,-0.00548,-0.35223,-120.7,-882.9,111.83,13.67,3.45,-0.57,,
12.981,pausa,quieto,0.0,0.0,0.0,0,0,0,0,-2,1,-2,2,-884.19,30.12,106.18,-0.00634,-0.00538,-0.35207,-120.7,-882.9,111.83,13.67,3.45,-0.56,,
13.027,pausa,quieto,0.0,0.0,0.0,0,0,0,0,-2,1,-2,2,-884.19,30.11,106.2,-0.0063,-0.00543,-0.35214,-120.7,-882.9,111.83,13.67,3.45,-0.57,,
13.089,pausa,quieto,0.0,0.0,0.0,0,0,0,0,3,1,0,3,-884.22,30.1,106.19,-0.00631,-0.00546,-0.35212,-120.6,-882.8,111.83,13.67,3.45,-0.57,,
13.135,pausa,quieto,0.0,0.0,0.0,0,0,0,0,-3,4,2,-1,-884.19,30.12,106.19,-0.00626,-0.00563,-0.35223,-120.6,-882.8,111.83,13.67,3.45,-0.57,,
13.182,pausa,quieto,0.0,0.0,0.0,0,0,0,0,-3,4,2,-1,-884.18,30.13,106.18,-0.00632,-0.00556,-0.35217,-120.6,-882.8,111.83,13.67,3.45,-0.57,,
13.228,pausa,quieto,0.0,0.0,0.0,0,0,0,0,-8,2,-1,-2,-884.17,30.13,106.2,-0.00628,-0.00548,-0.35214,-120.5,-882.8,111.83,13.67,3.45,-0.56,,
13.291,pausa,quieto,0.0,0.0,0.0,0,0,0,0,-3,-2,-6,2,-884.2,30.12,106.19,-0.00624,-0.0055,-0.35209,-120.5,-882.7,111.83,13.67,3.45,-0.56,,
13.337,pausa,quieto,0.0,0.0,0.0,0,0,0,0,3,0,3,-2,-884.19,30.11,106.19,-0.00622,-0.00547,-0.35215,-120.5,-882.7,111.83,13.67,3.45,-0.57,,
13.385,pausa,quieto,0.0,0.0,0.0,0,0,0,0,3,0,3,-2,-884.2,30.12,106.17,-0.0063,-0.00557,-0.35213,-120.5,-882.8,111.83,13.67,3.45,-0.57,,
13.431,pausa,quieto,0.0,0.0,0.0,0,0,0,0,3,1,-2,-1,-884.19,30.12,106.19,-0.0063,-0.00547,-0.35217,-120.4,-882.8,111.83,13.67,3.45,-0.57,,
13.478,pausa,quieto,0.0,0.0,0.0,0,0,0,0,3,1,-2,-1,-884.2,30.13,106.17,-0.00617,-0.00561,-0.35225,-120.4,-882.8,111.83,13.67,3.45,-0.57,,
13.54,pausa,quieto,0.0,0.0,0.0,0,0,0,0,-4,1,0,1,-884.2,30.11,106.18,-0.00622,-0.00551,-0.35221,-120.4,-882.7,111.83,13.67,3.45,-0.57,,
13.587,pausa,quieto,0.0,0.0,0.0,0,0,0,0,-4,1,0,1,-884.2,30.12,106.17,-0.00621,-0.00563,-0.35223,-120.4,-882.7,111.83,13.67,3.45,-0.57,,
13.633,pausa,quieto,0.0,0.0,0.0,0,0,0,0,0,2,1,-1,-884.19,30.14,106.18,-0.00622,-0.00563,-0.35218,-120.4,-882.7,111.83,13.67,3.45,-0.57,,
13.679,pausa,quieto,0.0,0.0,0.0,0,0,0,0,0,2,1,-1,-884.18,30.14,106.18,-0.0062,-0.00551,-0.35228,-120.3,-882.7,111.83,13.67,3.45,-0.57,,
13.74,pausa,quieto,0.0,0.0,0.0,0,0,0,0,-1,0,6,3,-884.19,30.14,106.17,-0.0062,-0.00557,-0.3522,-120.3,-882.7,111.83,13.67,3.45,-0.57,,
13.787,pausa,quieto,0.0,0.0,0.0,0,0,0,0,-1,-2,-2,1,-884.2,30.12,106.17,-0.0062,-0.00568,-0.35219,-120.3,-882.7,111.83,13.67,3.45,-0.57,,
13.832,pausa,quieto,0.0,0.0,0.0,0,0,0,0,-2,-3,1,1,-884.21,30.13,106.18,-0.00623,-0.00566,-0.35213,-120.3,-882.7,111.83,13.67,3.45,-0.57,,
13.879,pausa,quieto,0.0,0.0,0.0,0,0,0,0,-7,-3,-2,-3,-884.18,30.13,106.18,-0.00627,-0.00565,-0.35232,-120.3,-882.7,111.83,13.67,3.45,-0.57,,
13.94,pausa,quieto,0.0,0.0,0.0,0,0,0,0,-5,-4,1,1,-884.21,30.13,106.18,-0.00622,-0.00568,-0.35219,-120.3,-882.7,111.83,13.67,3.45,-0.56,,
13.987,pausa,quieto,0.0,0.0,0.0,0,0,0,0,2,0,1,1,-884.19,30.14,106.16,-0.00616,-0.00573,-0.35226,-120.3,-882.7,111.83,13.67,3.45,-0.56,,
14.033,pausa,quieto,0.0,0.0,0.0,0,0,0,0,-1,1,-1,1,-884.21,30.15,106.17,-0.00619,-0.00567,-0.35217,-120.2,-882.7,111.83,13.67,3.45,-0.56,,
14.079,pausa,quieto,0.0,0.0,0.0,0,0,0,0,5,-1,1,1,-884.19,30.13,106.16,-0.00622,-0.00565,-0.35225,-120.2,-882.8,111.83,13.67,3.45,-0.56,,
14.126,pausa,quieto,0.0,0.0,0.0,0,0,0,0,2,-1,2,-5,-884.2,30.14,106.18,-0.00615,-0.0057,-0.35216,-120.2,-882.8,111.83,13.67,3.45,-0.56,,
14.188,pausa,quieto,0.0,0.0,0.0,0,0,0,0,0,4,-3,2,-884.18,30.16,106.16,-0.00625,-0.00564,-0.35229,-120.2,-882.8,111.83,13.67,3.45,-0.56,,
14.234,pausa,quieto,0.0,0.0,0.0,0,0,0,0,-1,-1,0,1,-884.21,30.15,106.17,-0.00616,-0.00566,-0.35217,-120.2,-882.8,111.83,13.67,3.45,-0.56,,
14.28,pausa,quieto,0.0,0.0,0.0,0,0,0,0,-6,-19,2,-1,-884.2,30.14,106.15,-0.00625,-0.00571,-0.3523,-120.2,-882.8,111.83,13.67,3.45,-0.56,,
14.348,calibracion,patron2,0.0,0.0,1.0,80,-80,80,-80,-3,1,-4,-7,-884.22,30.14,106.17,-0.00608,-0.00571,-0.35213,-120.2,-882.8,111.83,13.67,3.45,-0.57,,
14.409,calibracion,patron2,0.0,0.0,1.0,80,-80,80,-80,18,-15,15,-16,-886.26,31.03,106.18,-0.00585,-0.00433,-0.35243,-120.2,-882.8,111.87,13.71,3.45,-0.56,,
14.45,calibracion,patron2,0.0,0.0,1.0,80,-80,80,-80,88,-113,98,-101,-889.87,32.41,106.23,-0.00625,-0.00352,-0.35426,-120.2,-882.9,111.9,13.74,3.46,-0.57,,
14.509,calibracion,patron2,0.0,0.0,1.0,80,-80,80,-80,88,-113,98,-101,-902.9,37.32,106.23,-0.00668,-0.00355,-0.36469,-119.0,-886.9,112.15,13.99,3.5,-0.48,,
14.548,calibracion,patron2,0.0,0.0,1.0,80,-80,80,-80,101,-93,79,-134,-919.45,43.2,106.37,-0.00629,-0.00314,-0.37173,-113.4,-904.2,112.62,14.46,3.51,-0.46,,
14.588,calibracion,patron2,0.0,0.0,1.0,80,-80,80,-80,77,-90,84,-103,-931.24,47.73,106.33,-0.00284,-0.00265,-0.37248,-107.1,-930.0,113.02,14.86,3.51,-0.42,,
14.648,calibracion,patron2,0.0,0.0,1.0,80,-80,80,-80,87,-90,77,-93,-957.81,57.66,106.6,-0.00276,-0.00561,-0.37167,-100.9,-956.0,113.06,14.9,3.58,-0.46,,
14.708,calibracion,patron2,0.0,0.0,1.0,80,-80,80,-80,97,-88,102,-84,-985.14,69.14,106.42,-0.00084,-0.00965,-0.36894,-94.2,-981.8,112.83,14.67,3.61,-0.5,,
14.749,calibracion,patron2,0.0,0.0,1.0,80,-80,80,-80,81,-88,79,-99,-1006.78,78.4,106.48,-0.00169,-0.01141,-0.37065,-86.8,-1007.1,112.67,14.51,3.64,-0.55,,
14.789,calibracion,patron2,0.0,0.0,1.0,80,-80,80,-80,95,-92,134,-76,-1019.03,83.8,106.45,-0.00229,-0.01072,-0.37156,-73.7,-1054.1,112.67,14.51,3.64,-0.55,,
14.849,calibracion,patron2,0.0,0.0,1.0,80,-80,80,-80,79,-74,80,-78,-1041.25,93.92,106.45,-0.00144,-0.00994,-0.37572,-68.2,-1074.4,113.01,14.85,3.67,-0.49,,
14.909,calibracion,patron2,0.0,0.0,1.0,80,-80,80,-80,76,-62,98,-66,-1062.11,103.54,106.21,0.00056,-0.00869,-0.37158,-62.7,-1092.7,113.05,14.89,3.68,-0.38,,
14.949,calibracion,patron2,0.0,0.0,1.0,80,-80,80,-80,82,-71,64,-57,-1079.37,111.47,105.86,0.00239,-0.01727,-0.37012,-57.8,-1110.1,112.82,14.66,3.64,-0.35,,
15.009,calibracion,patron2,0.0,0.0,1.0,80,-80,80,-80,62,-88,71,-78,-1101.2,120.92,105.8,0.00178,-0.01569,-0.37225,-52.9,-1128.0,112.65,14.49,3.62,-0.33,,
15.049,calibracion,patron2,0.0,0.0,1.0,80,-80,80,-80,67,-71,74,-93,-1111.98,125.6,105.77,0.00149,-0.02138,-0.37028,-47.6,-1147.3,112.69,14.53,3.67,-0.4,,
15.109,calibracion,patron2,0.0,0.0,1.0,80,-80,80,-80,81,-75,97,-88,-1135.54,135.38,106.14,0.00045,-0.00886,-0.36983,-42.4,-1167.6,112.78,14.62,3.64,-0.4,,
15.149,calibracion,patron2,0.0,0.0,1.0,80,-80,80,-80,71,-85,92,-89,-1155.64,143.81,106.09,0.00113,-0.01089,-0.36994,-36.9,-1188.5,112.77,14.61,3.64,-0.42,,
15.189,calibracion,patron2,0.0,0.0,1.0,80,-80,80,-80,85,-81,83,-89,-1168.02,148.86,106.06,0.00228,-0.01077,-0.37004,-31.6,-1209.9,112.77,14.61,3.64,-0.42,,
15.249,calibracion,patron2,0.0,0.0,1.0,80,-80,80,-80,70,-86,82,-82,-1192.23,159.03,106.03,0.00187,-0.01123,-0.36881,-26.0,-1231.3,112.69,14.53,3.64,-0.46,,
15.309,calibracion,patron2,0.0,0.0,1.0,80,-80,80,-80,80,-74,78,-87,-1215.68,169.18,105.99,0.00212,-0.01261,-0.36851,-20.7,-1252.0,112.64,14.48,3.68,-0.47,,
15.348,calibracion,patron2,0.0,0.0,1.0,80,-80,80,-80,72,-70,88,-78,-1234.6,177.2,105.93,0.00159,-0.01256,-0.36812,-15.2,-1272.2,112.64,14.48,3.68,-0.47,,
15.409,calibracion,patron2,0.0,0.0,1.0,80,-80,80,-80,81,-93,74,-90,-1256.96,186.77,105.93,0.00213,-0.01294,-0.36871,-9.9,-1292.0,112.64,14.48,3.73,-0.5,,
15.448,calibracion,patron2,0.0,0.0,1.0,80,-80,80,-80,78,-86,87,-81,-1268.11,191.56,105.99,0.0031,-0.0128,-0.3699,-4.5,-1311.7,112.66,14.5,3.7,-0.48,,
15.509,calibracion,patron2,0.0,0.0,1.0,80,-80,80,-80,80,-74,73,-67,-1290.69,201.22,105.82,0.0028,-0.01351,-0.36974,0.7,-1331.2,112.64,14.48,3.69,-0.55,,
15.549,calibracion,patron2,0.0,0.0,1.0,80,-80,80,-80,82,-87,71,-88,-1309.82,209.02,105.67,0.00161,-0.01386,-0.36917,6.0,-1351.1,112.65,14.49,3.71,-0.54,,
15.588,calibracion,patron2,0.0,0.0,1.0,80,-80,80,-80,95,-71,99,-74,-1321.3,213.94,105.69,0.00161,-0.01357,-0.36968,11.1,-1371.3,112.65,14.49,3.71,-0.54,,
15.648,calibracion,patron2,0.0,0.0,1.0,80,-80,80,-80,85,-72,92,-84,-1344.47,223.8,105.61,0.00197,-0.01536,-0.37022,16.7,-1391.9,112.66,14.5,3.76,-0.54,,
15.709,calibracion,patron2,0.0,0.0,1.0,80,-80,80,-80,76,-86,68,-83,-1372.14,235.62,104.94,0.00076,-0.02211,-0.36988,21.7,-1412.4,112.6,14.44,3.7,-0.52,,
15.749,calibracion,patron2,0.0,0.0,1.0,80,-80,80,-80,83,-76,80,-74,-1383.84,240.53,104.92,0.00279,-0.02143,-0.37153,26.8,-1432.9,112.6,14.44,3.7,-0.52,,
15.809,calibracion,patron2,0.0,0.0,1.0,80,-80,80,-80,75,-79,64,-70,-1406.59,250.17,104.89,0.00285,-0.02698,-0.3727,32.0,-1453.5,112.63,14.47,3.67,-0.57,,
15.849,calibracion,patron2,0.0,0.0,1.0,80,-80,80,-80,94,-75,83,-68,-1425.67,258.28,104.81,0.00176,-0.02682,-0.37301,37.2,-1473.5,112.63,14.47,3.67,-0.57,,
15.909,calibracion,patron2,0.0,0.0,1.0,80,-80,80,-80,86,-74,77,-75,-1448.55,268.1,104.79,0.00332,-0.02733,-0.37343,42.5,-1493.3,112.71,14.55,3.69,-0.54,,
15.949,calibracion,patron2,0.0,0.0,1.0,80,-80,80,-80,73,-85,80,-79,-1460.01,273.02,104.85,0.00173,-0.02502,-0.3739,47.7,-1513.5,112.69,14.53,3.68,-0.55,,
16.008,calibracion,patron2,0.0,0.0,1.0,80,-80,80,-80,89,-82,77,-77,-1482.86,282.54,105.36,0.00013,-0.01511,-0.37083,53.1,-1533.8,112.62,14.46,3.65,-0.57,,
16.049,calibracion,patron2,0.0,0.0,1.0,80,-80,80,-80,75,-80,71,-80,-1502.25,291.04,104.88,0.00486,-0.02157,-0.37235,58.4,-1554.0,112.62,14.46,3.65,-0.57,,
16.089,calibracion,patron2,0.0,0.0,1.0,80,-80,80,-80,84,-84,72,-100,-1513.75,296.02,104.65,0.00174,-0.02674,-0.37043,63.8,-1574.3,112.55,14.39,3.71,-0.6,,
16.149,calibracion,patron2,0.0,0.0,1.0,80,-80,80,-80,65,-75,83,-81,-1536.75,305.76,104.82,0.00609,-0.02079,-0.37392,68.7,-1594.8,112.59,14.43,3.8,-0.6,,
16.212,calibracion,patron2,0.0,0.0,1.0,80,-80,80,-80,70,-83,69,-78,-1559.46,314.99,105.2,0.00156,-0.01641,-0.37141,74.1,-1615.4,112.62,14.46,3.78,-0.62,,
16.248,calibracion,patron2,0.0,0.0,1.0,80,-80,80,-80,88,-93,75,-92,-1578.52,323.18,105.17,0.00207,-0.01769,-0.37181,79.3,-1635.7,112.62,14.46,3.78,-0.62,,
16.289,calibracion,patron2,0.0,0.0,1.0,80,-80,80,-80,67,-75,70,-77,-1590.04,328.07,105.09,0.00155,-0.01553,-0.37172,84.9,-1655.9,112.64,14.48,3.79,-0.58,,
16.349,calibracion,patron2,0.0,0.0,1.0,80,-80,80,-80,71,-85,75,-81,-1612.78,338.04,105.04,0.00166,-0.0166,-0.37208,90.3,-1676.2,112.65,14.49,3.77,-0.57,,
16.412,pausa,quieto,0.0,0.0,0.0,0,0,0,0,86,-83,93,-82,-1639.6,349.54,104.97,0.00218,-0.01404,-0.37102,96.0,-1696.7,112.72,14.56,3.85,-0.54,,
16.434,pausa,quieto,0.0,0.0,0.0,0,0,0,0,71,-77,101,-61,-1643.4,351.18,104.91,0.00236,-0.01507,-0.37045,96.0,-1696.7,112.73,14.57,3.84,-0.49,,
16.481,pausa,quieto,0.0,0.0,0.0,0,0,0,0,71,-77,101,-61,-1663.39,359.41,104.83,0.00038,-0.01421,-0.37158,101.4,-1717.2,112.65,14.49,3.8,-0.45,,
16.528,pausa,quieto,0.0,0.0,0.0,0,0,0,0,15,-35,56,-35,-1671.71,362.43,104.76,0.00196,-0.01673,-0.37684,106.2,-1735.6,112.65,14.49,3.8,-0.45,,
16.589,pausa,quieto,0.0,0.0,0.0,0,0,0,0,20,-29,30,-24,-1678.47,364.78,104.74,0.00256,-0.01626,-0.37819,108.5,-1744.9,112.96,14.8,3.82,-0.5,,
16.635,pausa,quieto,0.0,0.0,0.0,0,0,0,0,13,-22,11,-17,-1679.56,365.19,104.75,0.00228,-0.0162,-0.37781,109.0,-1748.3,112.96,14.8,3.82,-0.5,,
16.682,pausa,quieto,0.0,0.0,0.0,0,0,0,0,6,-7,10,-8,-1679.9,365.14,104.74,0.00288,-0.01589,-0.37838,108.7,-1749.2,112.97,14.81,3.8,-0.51,,
16.729,pausa,quieto,0.0,0.0,0.0,0,0,0,0,-4,1,0,1,-1679.94,365.0,104.73,0.00273,-0.01581,-0.37832,108.2,-1749.0,112.97,14.81,3.8,-0.51,,
16.79,pausa,quieto,0.0,0.0,0.0,0,0,0,0,5,-5,2,-4,-1680.01,364.85,104.74,0.00281,-0.01552,-0.37834,107.7,-1748.1,112.99,14.83,3.81,-0.49,,
16.836,pausa,quieto,0.0,0.0,0.0,0,0,0,0,-4,1,0,-3,-1680.0,364.77,104.7,0.00271,-0.01624,-0.37839,107.5,-1748.0,112.99,14.83,3.81,-0.49,,
16.883,pausa,quieto,0.0,0.0,0.0,0,0,0,0,-1,-5,2,-2,-1680.03,364.79,104.74,0.00273,-0.01529,-0.37833,107.5,-1748.2,112.99,14.83,3.81,-0.49,,
16.93,pausa,quieto,0.0,0.0,0.0,0,0,0,0,1,-3,3,2,-1680.01,364.83,104.74,0.00279,-0.01537,-0.37829,107.6,-1748.2,112.99,14.83,3.81,-0.49,,
16.977,pausa,quieto,0.0,0.0,0.0,0,0,0,0,2,1,1,2,-1679.98,364.87,104.74,0.0028,-0.01569,-0.3784,107.8,-1748.5,112.99,14.83,3.81,-0.49,,
17.038,pausa,quieto,0.0,0.0,0.0,0,0,0,0,0,-2,3,-1,-1680.02,364.94,104.73,0.00267,-0.01588,-0.37843,108.0,-1748.7,112.99,14.83,3.8,-0.49,,
17.085,pausa,quieto,0.0,0.0,0.0,0,0,0,0,-3,-2,-6,-6,-1679.98,364.88,104.72,0.00284,-0.01603,-0.37839,108.1,-1748.8,112.99,14.83,3.8,-0.49,,
17.131,pausa,quieto,0.0,0.0,0.0,0,0,0,0,-14,-1,-2,2,-1680.01,364.8,104.75,0.00274,-0.01531,-0.37817,107.9,-1748.8,112.99,14.83,3.8,-0.49,,
17.177,pausa,quieto,0.0,0.0,0.0,0,0,0,0,1,-2,-3,0,-1680.01,364.78,104.73,0.00283,-0.01559,-0.37837,107.8,-1748.8,112.99,14.83,3.8,-0.49,,
17.239,pausa,quieto,0.0,0.0,0.0,0,0,0,0,2,-2,-1,-3,-1680.02,364.78,104.73,0.00272,-0.01562,-0.37827,107.7,-1748.9,112.99,14.83,3.8,-0.49,,
17.285,pausa,quieto,0.0,0.0,0.0,0,0,0,0,-3,-1,2,4,-1679.99,364.81,104.72,0.00268,-0.01601,-0.3784,107.6,-1749.0,112.99,14.83,3.8,-0.49,,
17.332,pausa,quieto,0.0,0.0,0.0,0,0,0,0,0,5,2,2,-1680.04,364.84,104.75,0.00289,-0.01509,-0.3785,107.5,-1749.0,112.99,14.83,3.8,-0.49,,
17.378,pausa,quieto,0.0,0.0,0.0,0,0,0,0,-1,0,-1,-4,-1679.99,364.81,104.73,0.00275,-0.01559,-0.3784,107.5,-1749.0,112.99,14.83,3.8,-0.49,,
17.469,pausa,quieto,0.0,0.0,0.0,0,0,0,0,3,5,1,-2,-1680.0,364.81,104.73,0.00277,-0.01589,-0.37838,107.4,-1749.1,112.99,14.83,3.8,-0.49,,
17.487,pausa,quieto,0.0,0.0,0.0,0,0,0,0,-1,1,1,1,-1680.01,364.85,104.71,0.00299,-0.01611,-0.37841,107.4,-1749.1,112.99,14.83,3.8,-0.49,,
17.534,pausa,quieto,0.0,0.0,0.0,0,0,0,0,5,1,-4,-1,-1680.01,364.82,104.74,0.00269,-0.0157,-0.37829,107.3,-1749.2,112.99,14.83,3.8,-0.49,,
17.581,pausa,quieto,0.0,0.0,0.0,0,0,0,0,1,-1,-2,-1,-1680.0,364.81,104.73,0.00282,-0.01566,-0.37836,107.3,-1749.2,112.99,14.83,3.8,-0.49,,
17.627,pausa,quieto,0.0,0.0,0.0,0,0,0,0,1,-1,-2,-1,-1680.03,364.83,104.76,0.00277,-0.0151,-0.37831,107.3,-1749.2,112.98,14.82,3.8,-0.49,,
17.689,pausa,quieto,0.0,0.0,0.0,0,0,0,0,-3,6,1,2,-1680.0,364.82,104.71,0.00272,-0.01578,-0.3783,107.2,-1749.3,112.98,14.82,3.8,-0.49,,
17.735,pausa,quieto,0.0,0.0,0.0,0,0,0,0,-2,3,-1,0,-1680.02,364.84,104.74,0.00278,-0.0158,-0.37833,107.2,-1749.3,112.99,14.83,3.81,-0.49,,
17.782,pausa,quieto,0.0,0.0,0.0,0,0,0,0,-2,-3,7,1,-1679.98,364.85,104.73,0.00285,-0.01594,-0.37825,107.2,-1749.3,112.99,14.83,3.81,-0.49,,
17.828,pausa,quieto,0.0,0.0,0.0,0,0,0,0,-2,-3,7,1,-1680.03,364.84,104.73,0.00281,-0.01549,-0.37845,107.2,-1749.3,112.99,14.83,3.81,-0.49,,
17.889,pausa,quieto,0.0,0.0,0.0,0,0,0,0,0,-1,-4,-3,-1679.99,364.79,104.75,0.00272,-0.01517,-0.37827,107.1,-1749.3,112.99,14.83,3.81,-0.49,,
17.936,pausa,quieto,0.0,0.0,0.0,0,0,0,0,4,-1,3,-4,-1680.05,364.84,104.75,0.00284,-0.01541,-0.37841,107.1,-1749.3,112.98,14.82,3.8,-0.49,,
17.983,pausa,quieto,0.0,0.0,0.0,0,0,0,0,3,-1,3,3,-1679.99,364.83,104.75,0.00279,-0.0155,-0.37836,107.1,-1749.3,112.98,14.82,3.81,-0.49,,
18.03,pausa,quieto,0.0,0.0,0.0,0,0,0,0,3,-1,3,3,-1680.03,364.86,104.74,0.00281,-0.01559,-0.3783,107.1,-1749.4,112.99,14.83,3.8,-0.49,,
18.078,pausa,quieto,0.0,0.0,0.0,0,0,0,0,-1,0,3,0,-1679.98,364.84,104.74,0.00263,-0.01556,-0.37822,107.1,-1749.4,112.99,14.83,3.81,-0.49,,
18.14,pausa,quieto,0.0,0.0,0.0,0,0,0,0,6,0,-2,2,-1680.03,364.86,104.7,0.00296,-0.01595,-0.37841,107.0,-1749.4,112.98,14.82,3.8,-0.49,,
18.185,pausa,quieto,0.0,0.0,0.0,0,0,0,0,1,1,5,-2,-1680.0,364.85,104.72,0.00277,-0.0158,-0.37827,107.0,-1749.4,112.99,14.83,3.8,-0.49,,
18.232,pausa,quieto,0.0,0.0,0.0,0,0,0,0,-3,-2,3,1,-1680.0,364.82,104.73,0.00267,-0.01555,-0.37821,107.0,-1749.4,112.98,14.82,3.81,-0.49,,
18.278,pausa,quieto,0.0,0.0,0.0,0,0,0,0,-3,-2,3,1,-1680.0,364.84,104.73,0.00283,-0.01596,-0.37818,107.0,-1749.4,112.98,14.82,3.8,-0.49,,
18.339,pausa,quieto,0.0,0.0,0.0,0,0,0,0,2,-1,0,-1,-1680.01,364.83,104.75,0.00279,-0.01521,-0.37822,107.0,-1749.4,112.98,14.82,3.8,-0.49,,
18.386,pausa,quieto,0.0,0.0,0.0,0,0,0,0,2,-1,0,-1,-1680.0,364.85,104.71,0.00292,-0.01603,-0.37854,107.0,-1749.4,112.99,14.83,3.8,-0.48,,
18.433,pausa,quieto,0.0,0.0,0.0,0,0,0,0,2,5,3,0,-1680.03,364.83,104.74,0.00269,-0.01518,-0.37828,107.0,-1749.4,112.99,14.83,3.8,-0.49,,
18.49,claqueta_ini,giro_sync,0.0037,1.0812,0.0026,87.0,-86.41,-86.0,86.59,0,-1,4,-4,-1680.03,364.85,104.72,0.00296,-0.01536,-0.37839,106.9,-1749.4,112.99,14.83,3.81,-0.49,,
18.55,claqueta_ini,giro_sync,0.0037,1.0812,0.0026,87.0,-86.41,-86.0,86.59,8,-9,-5,16,-1680.52,364.81,104.73,0.00287,-0.01557,-0.36006,106.9,-1749.5,112.99,14.83,3.8,-0.48,,
18.61,claqueta_ini,giro_sync,0.0037,1.0812,0.0026,87.0,-86.41,-86.0,86.59,50,-66,-63,62,-1684.47,364.99,104.62,0.00625,-0.00839,-0.2217,107.1,-1748.3,112.99,14.83,3.8,-0.49,,
18.65,claqueta_ini,giro_sync,0.0037,1.0812,0.0026,87.0,-86.41,-86.0,86.59,107,-125,-140,112,-1687.11,363.91,104.74,0.00338,-0.01182,-0.11524,108.2,-1743.0,110.7,12.54,3.8,-0.54,,
18.71,claqueta_ini,giro_sync,0.0037,1.0812,0.0026,87.0,-86.41,-86.0,86.59,95,-110,-93,117,-1690.81,362.27,104.89,0.00592,-0.01162,0.07161,111.1,-1738.8,102.98,4.82,3.71,-1.01,,
18.749,claqueta_ini,giro_sync,0.0037,1.0812,0.0026,87.0,-86.41,-86.0,86.59,75,-67,-64,83,-1691.7,361.15,105.0,0.00833,-0.00927,0.17123,113.1,-1739.0,93.06,-5.1,3.63,-1.5,,
18.79,claqueta_ini,giro_sync,0.0037,1.0812,0.0026,87.0,-86.41,-86.0,86.59,75,-67,-64,83,-1691.89,360.64,105.1,0.00966,-0.00864,0.21842,113.1,-1739.0,85.25,-12.91,3.34,-1.85,,
18.85,claqueta_ini,giro_sync,0.0037,1.0812,0.0026,87.0,-86.41,-86.0,86.59,79,-75,-85,88,-1692.53,359.28,105.33,0.0032,0.00034,0.33545,112.9,-1744.7,80.1,-18.06,3.22,-2.07,,
18.91,claqueta_ini,giro_sync,0.0037,1.0812,0.0026,87.0,-86.41,-86.0,86.59,99,-113,-89,89,-1695.37,356.14,105.43,-0.00637,0.00634,0.48622,114.3,-1745.5,75.4,-22.76,3.06,-2.29,,
18.95,claqueta_ini,giro_sync,0.0037,1.0812,0.0026,87.0,-86.41,-86.0,86.59,112,-108,-100,96,-1697.32,353.61,105.13,0.00113,0.00094,0.61509,114.3,-1745.5,69.03,-29.13,2.75,-2.5,,
18.99,claqueta_ini,giro_sync,0.0037,1.0812,0.0026,87.0,-86.41,-86.0,86.59,112,-108,-100,96,-1698.47,352.13,105.18,-0.00069,9e-05,0.68262,116.3,-1746.1,61.61,-36.55,2.41,-2.81,,
19.05,claqueta_ini,giro_sync,0.0037,1.0812,0.0026,87.0,-86.41,-86.0,86.59,82,-82,-78,76,-1699.89,349.33,105.27,-0.00089,0.00347,0.8082,115.9,-1750.4,54.52,-43.64,2.05,-3.05,,
19.109,claqueta_ini,giro_sync,0.0037,1.0812,0.0026,87.0,-86.41,-86.0,86.59,94,-80,-70,94,-1700.61,346.3,105.35,-0.00475,0.00359,0.95745,115.2,-1751.6,48.38,-49.78,1.73,-3.22,,
19.15,claqueta_ini,giro_sync,0.0037,1.0812,0.0026,87.0,-86.41,-86.0,86.59,83,-89,-89,77,-1700.66,344.4,105.04,-2e-05,0.00269,1.04872,115.3,-1752.4,42.42,-55.74,1.39,-3.34,,
19.21,claqueta_ini,giro_sync,0.0037,1.0812,0.0026,87.0,-86.41,-86.0,86.59,103,-90,-97,91,-1700.62,341.89,105.03,0.0022,0.00378,1.16684,115.8,-1752.9,36.25,-61.91,1.0,-3.45,,
19.252,claqueta_ini,giro_sync,0.0037,1.0812,0.0026,87.0,-86.41,-86.0,86.59,88,-86,-85,91,-1700.37,339.14,104.87,0.00148,0.00372,1.28576,116.3,-1753.7,29.59,-68.57,0.64,-3.57,,
19.31,claqueta_ini,giro_sync,0.0037,1.0812,0.0026,87.0,-86.41,-86.0,86.59,90,-74,-116,84,-1699.88,336.6,104.77,0.00566,0.0061,1.41986,115.8,-1755.0,22.77,-75.39,0.29,-3.62,,
19.351,claqueta_ini,giro_sync,0.0037,1.0812,0.0026,87.0,-86.41,-86.0,86.59,82,-95,-64,86,-1699.74,335.03,104.64,0.00544,0.00685,1.48447,114.5,-1756.5,16.19,-81.97,-0.08,-3.57,,
19.409,claqueta_ini,giro_sync,0.0037,1.0812,0.0026,87.0,-86.41,-86.0,86.59,88,-91,-76,81,-1698.98,332.1,104.69,0.00768,0.00823,1.61794,113.1,-1757.6,3.66,-94.5,-0.76,-3.46,,
19.45,claqueta_ini,giro_sync,0.0037,1.0812,0.0026,87.0,-86.41,-86.0,86.59,92,-90,-69,86,-1697.97,330.17,104.63,0.00833,0.00823,1.7299,111.7,-1758.3,3.66,-94.5,-0.76,-3.46,,
19.49,claqueta_ini,giro_sync,0.0037,1.0812,0.0026,87.0,-86.41,-86.0,86.59,70,-79,-67,95,-1697.22,328.96,104.75,0.00871,0.00988,1.8007,111.7,-1758.3,-9.39,-107.55,-1.45,-3.0,,
19.551,pausa,quieto,0.0,0.0,0.0,0,0,0,0,90,-91,-75,81,-1695.29,326.86,104.59,0.00876,0.01566,1.93585,109.3,-1760.0,-9.39,-107.55,-1.45,-3.0,,
19.587,pausa,quieto,0.0,0.0,0.0,0,0,0,0,90,-91,-75,81,-1693.55,325.47,104.76,0.00293,0.00769,2.04492,109.3,-1760.0,-22.3,-120.46,-1.99,-2.48,,
19.633,pausa,quieto,0.0,0.0,0.0,0,0,0,0,60,-56,-77,67,-1693.37,325.85,104.65,0.00417,0.00886,2.08268,108.1,-1760.0,-22.3,-120.46,-1.99,-2.48,,
19.68,pausa,quieto,0.0,0.0,0.0,0,0,0,0,17,-14,-21,41,-1693.5,326.02,104.65,0.00456,0.00892,2.08477,106.4,-1759.2,-27.62,-125.78,-2.3,-2.21,,
19.727,pausa,quieto,0.0,0.0,0.0,0,0,0,0,-3,-1,3,1,-1693.55,325.95,104.63,0.00435,0.00883,2.08401,102.8,-1755.5,-27.62,-125.78,-2.3,-2.21,,
19.789,pausa,quieto,0.0,0.0,0.0,0,0,0,0,1,1,3,2,-1693.67,325.91,104.65,0.00438,0.00917,2.08409,100.4,-1752.9,-27.58,-125.74,-2.3,-2.22,,
19.836,pausa,quieto,0.0,0.0,0.0,0,0,0,0,-1,-2,-1,0,-1693.68,325.86,104.62,0.00432,0.0087,2.08404,99.6,-1752.0,-27.58,-125.74,-2.3,-2.22,,
19.883,pausa,quieto,0.0,0.0,0.0,0,0,0,0,-6,1,2,1,-1693.74,325.86,104.64,0.00443,0.00877,2.08408,99.5,-1751.6,-27.58,-125.74,-2.3,-2.22,,
19.93,pausa,quieto,0.0,0.0,0.0,0,0,0,0,4,1,5,0,-1693.71,325.87,104.63,0.00451,0.00887,2.08403,99.8,-1751.5,-27.58,-125.74,-2.3,-2.22,,
19.991,pausa,quieto,0.0,0.0,0.0,0,0,0,0,0,-2,0,2,-1693.72,325.85,104.64,0.00443,0.00876,2.08414,100.0,-1751.7,-27.59,-125.75,-2.3,-2.22,,
20.037,pausa,quieto,0.0,0.0,0.0,0,0,0,0,0,-2,0,2,-1693.71,325.85,104.63,0.00452,0.00884,2.08419,100.4,-1751.9,-27.59,-125.75,-2.3,-2.23,,
20.084,pausa,quieto,0.0,0.0,0.0,0,0,0,0,-4,-2,0,2,-1693.73,325.86,104.63,0.0046,0.00887,2.08406,100.8,-1752.2,-27.59,-125.75,-2.3,-2.23,,
20.13,pausa,quieto,0.0,0.0,0.0,0,0,0,0,-4,0,1,3,-1693.72,325.84,104.64,0.00431,0.00887,2.08426,101.1,-1752.2,-27.59,-125.75,-2.3,-2.23,,
20.19,pausa,quieto,0.0,0.0,0.0,0,0,0,0,-2,0,-1,0,-1693.72,325.85,104.63,0.00439,0.00878,2.08401,101.5,-1752.3,-27.59,-125.75,-2.3,-2.23,,
20.236,pausa,quieto,0.0,0.0,0.0,0,0,0,0,-2,0,6,4,-1693.7,325.87,104.62,0.00449,0.00899,2.08415,102.0,-1752.4,-27.59,-125.75,-2.3,-2.23,,
20.283,pausa,quieto,0.0,0.0,0.0,0,0,0,0,-6,1,-5,-2,-1693.72,325.86,104.62,0.00471,0.00909,2.08417,102.3,-1752.4,-27.59,-125.75,-2.3,-2.23,,
20.33,pausa,quieto,0.0,0.0,0.0,0,0,0,0,-4,-2,3,-2,-1693.71,325.85,104.62,0.00464,0.00899,2.08423,102.5,-1752.4,-27.59,-125.75,-2.3,-2.23,,
20.377,pausa,quieto,0.0,0.0,0.0,0,0,0,0,4,4,0,-6,-1693.74,325.83,104.6,0.00441,0.00892,2.084,102.8,-1752.5,-27.59,-125.75,-2.3,-2.23,,
20.439,pausa,quieto,0.0,0.0,0.0,0,0,0,0,-3,2,-1,-1,-1693.76,325.83,104.62,0.0045,0.00887,2.08408,102.9,-1752.4,-27.59,-125.75,-2.3,-2.23,,
20.485,pausa,quieto,0.0,0.0,0.0,0,0,0,0,1,2,1,0,-1693.75,325.83,104.61,0.0045,0.00894,2.08412,103.1,-1752.4,-27.59,-125.75,-2.3,-2.23,,
20.532,pausa,quieto,0.0,0.0,0.0,0,0,0,0,0,-2,3,0,-1693.77,325.83,104.61,0.00448,0.00894,2.0841,103.3,-1752.4,-27.59,-125.75,-2.3,-2.23,,
20.59,asterisco,hacia_wp,-1.3976,0.0126,0.0898,-103.62,-120.0,-105.63,-117.99,-1,0,3,1,-1693.75,325.83,104.61,0.00445,0.00899,2.0841,103.5,-1752.4,-27.59,-125.75,-2.3,-2.23,1.2,0.0
20.65,asterisco,hacia_wp,-1.3976,0.0126,0.0898,-103.62,-120.0,-105.63,-117.99,-4,-3,-1,-3,-1692.47,326.56,104.44,0.0076,0.00823,2.08202,103.8,-1752.3,-27.59,-125.75,-2.3,-2.23,1.2,0.0
20.71,asterisco,hacia_wp,-1.3975,0.0126,0.0899,-103.59,-120.0,-105.61,-117.99,-19,-17,-39,-64,-1681.82,331.96,104.42,0.00604,0.00782,2.08417,103.8,-1752.3,-27.55,-125.71,-2.4,-2.31,1.2,0.0
20.749,asterisco,hacia_wp,-1.3977,0.0126,0.0897,-103.64,-120.0,-105.65,-117.98,-114,-141,-135,-143,-1672.46,336.71,104.4,0.00568,0.00791,2.08489,120.8,-1726.9,-27.59,-125.75,-2.38,-2.23,1.2,0.0
20.809,asterisco,hacia_wp,-1.3968,0.0126,0.0906,-103.49,-120.0,-105.51,-117.99,-122,-149,-81,-124,-1646.28,349.77,104.38,0.00613,0.00882,2.08381,141.0,-1695.9,-27.63,-125.79,-2.36,-2.2,1.2,0.0
20.85,asterisco,hacia_wp,-1.3955,0.0125,0.092,-103.28,-120.0,-105.29,-117.99,-104,-122,-104,-109,-1617.97,363.92,104.35,0.00428,0.00862,2.08323,161.5,-1664.6,-27.63,-125.79,-2.36,-2.2,1.2,0.0
20.909,asterisco,hacia_wp,-1.3963,0.0126,0.0911,-103.41,-120.0,-105.42,-117.99,-109,-149,-126,-144,-1579.12,383.19,104.14,0.00403,0.00874,2.08523,183.1,-1633.4,-27.57,-125.73,-2.36,-2.17,1.2,0.0
20.949,asterisco,hacia_wp,-1.3956,0.0126,0.0919,-103.29,-120.0,-105.3,-117.99,-124,-158,-116,-157,-1559.09,392.7,104.2,0.0051,0.00949,2.08557,205.6,-1601.5,-27.48,-125.64,-2.28,-2.16,1.2,0.0
21.009,asterisco,hacia_wp,-1.394,0.0125,0.0935,-103.04,-120.0,-105.04,-118.0,-111,-139,-145,-114,-1520.64,410.0,104.27,0.00505,0.00855,2.08903,225.9,-1570.1,-27.55,-125.71,-2.29,-2.08,1.2,0.0
21.05,asterisco,hacia_wp,-1.3906,0.0125,0.0969,-102.5,-120.0,-104.49,-118.01,-107,-108,-102,-146,-1492.11,421.98,104.28,0.00543,0.00878,2.09267,243.6,-1541.9,-27.68,-125.84,-2.26,-2.1,1.2,0.0
21.09,asterisco,hacia_wp,-1.3861,0.0124,0.1016,-101.77,-120.0,-103.75,-118.02,-106,-122,-80,-114,-1476.73,428.31,104.33,0.00586,0.00846,2.09375,258.2,-1517.1,-27.88,-126.04,-2.32,-2.12,1.2,0.0
21.149,asterisco,hacia_wp,-1.3832,0.0123,0.1045,-101.31,-120.0,-103.28,-118.03,-77,-111,-105,-85,-1448.66,440.2,104.34,0.00564,0.00709,2.09545,270.7,-1495.3,-28.03,-126.19,-2.35,-2.17,1.2,0.0
21.21,asterisco,hacia_wp,-1.3812,0.0123,0.1066,-100.99,-120.0,-102.95,-118.04,-94,-110,-74,-97,-1421.71,452.18,104.29,0.00542,0.00533,2.09385,282.7,-1474.8,-28.15,-126.31,-2.41,-2.1,1.2,0.0
21.25,asterisco,hacia_wp,-1.3825,0.0123,0.1052,-101.21,-120.0,-103.17,-118.03,-77,-117,-104,-116,-1397.57,463.45,104.49,0.00598,0.00973,2.0931,295.4,-1453.9,-28.11,-126.27,-2.45,-2.06,1.2,0.0
21.29,asterisco,hacia_wp,-1.3847,0.0123,0.1029,-101.56,-120.0,-103.53,-118.03,-90,-125,-96,-109,-1381.83,470.53,104.46,0.00591,0.00965,2.09533,309.9,-1431.2,-28.02,-126.18,-2.5,-1.98,1.2,0.0
21.35,asterisco,hacia_wp,-1.3825,0.0123,0.1053,-101.19,-120.0,-103.16,-118.03,-114,-122,-115,-115,-1347.93,485.88,104.5,0.00434,0.01016,2.09962,309.9,-1431.2,-28.11,-126.27,-2.51,-2.0,1.2,0.0
21.41,asterisco,hacia_wp,-1.3762,0.0122,0.1117,-100.19,-120.0,-102.13,-118.05,-110,-134,-140,-135,-1305.9,504.66,104.66,0.00149,0.0117,2.10767,343.2,-1379.6,-28.37,-126.53,-2.47,-1.91,1.2,0.0
21.449,asterisco,hacia_wp,-1.3718,0.0121,0.1161,-99.49,-120.0,-101.42,-118.07,-93,-120,-117,-99,-1282.37,515.32,104.62,0.00139,0.01273,2.10732,360.6,-1352.4,-28.56,-126.72,-2.4,-1.87,1.2,0.0
21.49,asterisco,hacia_wp,-1.3688,0.012,0.1192,-99.01,-120.0,-100.94,-118.08,-90,-129,-79,-134,-1265.31,522.93,104.52,0.00077,0.01277,2.10678,377.3,-1325.8,-28.68,-126.84,-2.32,-1.93,1.2,0.0
21.549,asterisco,hacia_wp,-1.3691,0.012,0.1188,-99.06,-120.0,-100.99,-118.08,-96,-109,-110,-100,-1232.96,537.08,104.52,0.00101,0.01274,2.10839,392.8,-1300.8,-28.66,-126.82,-2.29,-1.95,1.2,0.0
21.61,asterisco,hacia_wp,-1.3688,0.012,0.1192,-99.0,-120.0,-100.92,-118.08,-104,-110,-94,-101,-1197.93,552.54,104.52,0.00099,0.0123,2.11124,407.4,-1277.5,-28.68,-126.84,-2.26,-2.0,1.2,0.0
21.649,asterisco,hacia_wp,-1.366,0.012,0.122,-98.56,-120.0,-100.47,-118.09,-99,-112,-137,-107,-1178.58,561.21,104.54,0.00085,0.01133,2.11343,421.2,-1255.5,-28.8,-126.96,-2.28,-2.02,1.2,0.0
21.71,asterisco,hacia_wp,-1.3622,0.0119,0.1259,-97.95,-120.0,-99.85,-118.1,-96,-119,-79,-115,-1153.94,572.35,104.52,0.00068,0.0106,2.11348,435.2,-1233.5,-28.97,-127.13,-2.27,-2.03,1.2,0.0
21.75,asterisco,hacia_wp,-1.36,0.0118,0.1281,-97.61,-120.0,-99.5,-118.11,-101,-125,-101,-121,-1128.12,583.99,104.47,6e-05,0.01042,2.11452,449.5,-1210.3,-29.06,-127.22,-2.3,-1.97,1.2,0.0
21.81,asterisco,hacia_wp,-1.3592,0.0118,0.129,-97.47,-120.0,-99.36,-118.11,-121,-126,-111,-120,-1095.48,598.47,104.4,4e-05,0.01071,2.11651,464.8,-1186.2,-29.09,-127.25,-2.34,-1.95,1.2,0.0
21.849,asterisco,hacia_wp,-1.3585,0.0118,0.1297,-97.36,-120.0,-99.25,-118.11,-110,-130,-99,-112,-1078.62,605.92,104.4,-0.00018,0.01063,2.11735,480.7,-1161.1,-29.12,-127.28,-2.36,-1.97,1.2,0.0
21.91,asterisco,hacia_wp,-1.3555,0.0117,0.1328,-96.88,-120.0,-98.76,-118.12,-117,-123,-126,-137,-1044.69,620.94,104.3,-4e-05,0.01167,2.11972,496.7,-1135.3,-29.25,-127.41,-2.32,-1.9,1.2,0.0
21.95,asterisco,hacia_wp,-1.3532,0.0117,0.1351,-96.51,-120.0,-98.38,-118.13,-121,-121,-104,-101,-1017.05,633.29,104.22,0.00062,0.01368,2.12019,496.7,-1135.3,-29.36,-127.52,-2.28,-1.9,1.2,0.0
21.99,asterisco,hacia_wp,-1.3514,0.0117,0.1369,-96.23,-120.0,-98.09,-118.13,-82,-120,-114,-119,-1000.84,640.44,104.08,0.00068,0.01358,2.1207,512.9,-1109.7,-29.43,-127.59,-2.21,-1.95,1.2,0.0
22.05,asterisco,hacia_wp,-1.3496,0.0116,0.1388,-95.94,-120.0,-97.8,-118.14,-84,-104,-101,-119,-969.47,654.18,103.91,0.00151,0.01447,2.12156,543.4,-1060.9,-29.51,-127.67,-2.21,-2.06,1.2,0.0
22.11,asterisco,hacia_wp,-1.3476,0.0116,0.1408,-95.61,-120.0,-97.47,-118.15,-105,-123,-84,-124,-934.06,669.72,103.83,0.00191,0.0151,2.12186,557.8,-1038.0,-29.6,-127.76,-2.09,-2.21,1.2,0.0
22.15,asterisco,hacia_wp,-1.3474,0.0116,0.141,-95.59,-120.0,-97.44,-118.15,-90,-121,-107,-124,-914.04,678.7,103.75,0.00264,0.01469,2.1237,571.9,-1015.4,-29.6,-127.76,-2.09,-2.21,1.2,0.0
22.19,asterisco,hacia_wp,-1.3446,0.0115,0.1439,-95.13,-120.0,-96.97,-118.16,-101,-122,-109,-92,-898.87,685.51,103.61,0.00249,0.01333,2.12382,571.9,-1015.4,-29.73,-127.89,-2.09,-2.2,1.2,0.0
22.27,asterisco,hacia_wp,-1.3442,0.0115,0.1442,-95.08,-120.0,-96.92,-118.16,-102,-101,-113,-106,-857.48,703.72,103.4,0.00201,0.01371,2.12588,601.0,-969.1,-29.73,-127.89,-2.09,-2.2,1.2,0.0
22.31,asterisco,hacia_wp,-1.3439,0.0115,0.1446,-95.02,-120.0,-96.87,-118.16,-108,-134,-95,-140,-836.32,713.06,103.1,-0.00054,0.01548,2.13074,601.0,-969.1,-29.74,-127.9,-2.16,-2.09,1.2,0.0
22.351,asterisco,hacia_wp,-1.3394,0.0114,0.1491,-94.31,-120.0,-96.14,-118.17,-114,-133,-111,-111,-809.03,724.9,103.09,-0.00092,0.01339,2.1347,631.6,-920.9,-29.94,-128.1,-2.18,-1.97,1.2,0.0
22.41,asterisco,hacia_wp,-1.3352,0.0113,0.1535,-93.63,-120.0,-95.45,-118.19,-79,-112,-107,-120,-781.96,736.7,102.86,-0.00104,0.01578,2.13718,631.6,-920.9,-30.12,-128.28,-2.16,-1.9,1.2,0.0
22.45,asterisco,hacia_wp,-1.3346,0.0113,0.1541,-93.54,-120.0,-95.35,-118.19,-79,-112,-107,-120,-755.25,748.44,102.78,-0.0011,0.01608,2.13815,647.5,-896.2,-30.28,-128.44,-2.15,-1.81,1.2,0.0
22.51,asterisco,hacia_wp,-1.3292,0.0112,0.1595,-92.68,-120.0,-94.47,-118.21,-100,-109,-91,-111,-723.97,762.25,102.58,-0.00085,0.0163,2.13874,678.0,-847.2,-30.36,-128.52,-2.19,-1.81,1.2,0.0
22.549,asterisco,hacia_wp,-1.3285,0.0112,0.1603,-92.55,-120.0,-94.35,-118.21,-100,-109,-91,-111,-708.72,769.15,102.5,-0.00058,0.01661,2.13754,678.0,-847.2,-30.4,-128.56,-2.1,-1.81,1.2,0.0
22.609,asterisco,hacia_wp,-1.3288,0.0112,0.16,-92.6,-120.0,-94.39,-118.21,-81,-117,-96,-115,-678.26,782.68,102.39,-0.0001,0.01681,2.13706,692.8,-823.5,-30.38,-128.54,-2.09,-1.87,1.2,0.0
22.65,asterisco,hacia_wp,-1.3288,0.0112,0.16,-92.6,-120.0,-94.39,-118.21,-91,-126,-80,-122,-652.93,794.07,102.18,0.00032,0.01705,2.1376,721.5,-777.2,-30.41,-128.57,-2.07,-1.94,1.2,0.0
22.709,asterisco,hacia_wp,-1.327,0.0112,0.1618,-92.32,-120.0,-94.11,-118.21,-97,-109,-70,-119,-622.28,807.61,101.91,0.00032,0.01619,2.13647,736.3,-754.5,-30.45,-128.61,-2.07,-1.96,1.2,0.0
22.75,asterisco,hacia_wp,-1.3266,0.0112,0.1623,-92.25,-120.0,-94.03,-118.21,-82,-107,-76,-102,-606.69,814.35,101.87,-0.00026,0.01638,2.13592,750.9,-730.8,-30.43,-128.59,-2.09,-2.0,1.2,0.0
22.81,asterisco,hacia_wp,-1.3261,0.0112,0.1628,-92.18,-120.0,-93.96,-118.22,-94,-143,-94,-133,-575.25,827.69,101.64,1e-05,0.01405,2.1385,750.9,-730.8,-30.45,-128.61,-2.11,-2.02,1.2,0.0
22.85,asterisco,hacia_wp,-1.3239,0.0111,0.165,-91.82,-120.0,-93.6,-118.22,-94,-143,-94,-133,-549.14,838.83,101.64,-0.00015,0.01528,2.1389,765.3,-706.8,-30.58,-128.74,-2.2,-1.93,1.2,0.0
22.89,asterisco,hacia_wp,-1.3218,0.0111,0.1671,-91.49,-120.0,-93.26,-118.23,-86,-118,-89,-120,-533.43,845.41,101.54,-0.00027,0.01414,2.14039,780.1,-682.7,-30.68,-128.84,-2.19,-1.9,1.2,0.0
22.95,asterisco,hacia_wp,-1.3192,0.011,0.1698,-91.07,-120.0,-92.84,-118.24,-95,-128,-119,-101,-502.37,859.01,101.66,0.00036,0.01196,2.14386,809.3,-635.0,-30.81,-128.97,-2.31,-1.88,1.2,0.0
23.009,asterisco,hacia_wp,-1.3155,0.0109,0.1736,-90.48,-120.0,-92.23,-118.25,-86,-106,-88,-126,-471.88,872.24,101.27,0.0028,0.01436,2.14633,809.3,-635.0,-31.0,-129.16,-2.44,-1.87,1.2,0.0
23.07,asterisco,hacia_wp,-1.3129,0.0109,0.1762,-90.06,-120.0,-91.8,-118.26,-86,-106,-88,-126,-436.59,888.12,101.47,0.00285,0.01292,2.14808,824.3,-611.4,-31.1,-129.26,-2.44,-1.82,1.2,0.0
23.09,asterisco,hacia_wp,-1.3129,0.0109,0.1762,-90.06,-120.0,-91.8,-118.26,-74,-119,-94,-139,-431.62,890.38,101.36,0.00415,0.01322,2.14783,853.8,-564.7,-31.1,-129.26,-2.44,-1.82,1.2,0.0
23.17,asterisco,hacia_wp,-1.3101,0.011,0.1789,-89.62,-120.0,-91.37,-118.25,-98,-115,-105,-125,-391.07,908.19,101.46,0.00513,0.01191,2.15046,868.3,-541.3,-31.21,-129.37,-2.61,-1.96,1.2,0.0
23.209,asterisco,hacia_wp,-1.3091,0.0109,0.18,-89.46,-120.0,-91.21,-118.25,-81,-105,-66,-122,-365.52,919.16,101.4,0.00575,0.01187,2.15106,883.1,-518.0,-31.29,-129.45,-2.64,-1.97,1.2,0.0
23.25,asterisco,hacia_wp,-1.2824,0.011,0.179,-87.4,-117.79,-89.15,-116.04,-95,-119,-94,-132,-350.06,925.78,101.59,0.00515,0.01125,2.15117,897.5,-494.4,-31.29,-129.45,-2.64,-1.97,1.2,0.0
23.31,asterisco,hacia_wp,-1.2824,0.0109,0.1795,-87.36,-117.82,-89.11,-116.07,-82,-121,-71,-106,-318.94,938.73,101.5,0.00677,0.00953,2.15395,911.8,-470.7,-31.31,-129.47,-2.65,-2.01,1.2,0.0
23.35,asterisco,hacia_wp,-1.2209,0.0106,0.1722,-83.05,-112.3,-84.74,-110.61,-90,-120,-74,-114,-293.13,949.49,101.74,0.00618,0.00931,2.15578,926.3,-446.9,-31.39,-129.55,-2.69,-2.05,1.2,0.0
23.409,asterisco,hacia_wp,-1.1591,0.0101,0.1662,-78.62,-106.84,-80.24,-105.21,-80,-120,-78,-149,-263.0,962.23,101.88,0.00714,0.01022,2.15759,940.2,-423.5,-31.53,-129.69,-2.74,-2.08,1.2,0.0
23.45,asterisco,hacia_wp,-1.0987,0.0098,0.1582,-74.46,-101.33,-76.02,-99.77,-92,-114,-69,-132,-248.41,968.52,102.03,0.00635,0.00844,2.15805,953.9,-400.7,-31.6,-129.76,-2.76,-2.07,1.2,0.0
23.51,asterisco,hacia_wp,-1.0397,0.0094,0.151,-70.35,-96.01,-71.85,-94.51,-73,-108,-93,-119,-221.23,980.74,102.24,0.00734,0.00886,2.15725,967.4,-379.1,-31.7,-129.86,-2.77,-2.07,1.2,0.0
23.55,asterisco,hacia_wp,-0.9835,0.009,0.1434,-66.49,-90.87,-67.93,-89.43,-76,-112,-66,-100,-200.32,990.1,102.45,0.00745,0.00828,2.15856,980.1,-359.1,-31.71,-129.87,-2.87,-2.06,1.2,0.0
23.59,asterisco,hacia_wp,-0.9308,0.0087,0.1365,-62.85,-86.08,-64.25,-84.69,-68,-88,-68,-80,-188.53,995.29,102.56,0.00689,0.00747,2.16089,991.7,-340.7,-31.71,-129.87,-2.84,-2.09,1.2,0.0
23.65,asterisco,hacia_wp,-0.8825,0.0084,0.1319,-59.38,-81.82,-60.72,-80.48,-65,-81,-71,-67,-166.77,1004.91,102.66,0.00751,0.00693,2.16545,1002.2,-323.6,-31.82,-129.98,-2.87,-2.12,1.2,0.0
23.712,asterisco,hacia_wp,-0.8378,0.0081,0.1278,-56.15,-77.89,-57.44,-76.6,-65,-76,-53,-63,-147.16,1013.61,102.86,0.00827,0.00595,2.16675,1012.3,-308.3,-31.99,-130.15,-2.89,-2.08,1.2,0.0
23.749,asterisco,hacia_wp,-0.7966,0.0078,0.1254,-53.07,-74.38,-54.32,-73.13,-55,-79,-47,-93,-131.57,1020.72,102.97,0.00892,0.00618,2.16456,1012.3,-308.3,-32.16,-130.32,-2.88,-2.12,1.2,0.0
23.79,asterisco,hacia_wp,-0.7584,0.0076,0.1176,-50.66,-70.69,-51.87,-69.48,-47,-74,-65,-76,-122.42,1024.89,103.17,0.0072,0.00553,2.1637,1021.4,-293.4,-32.03,-130.19,-2.96,-2.05,1.2,0.0
23.85,asterisco,hacia_wp,-0.7211,0.0074,0.1113,-48.2,-67.18,-49.37,-66.0,-50,-64,-52,-73,-104.03,1032.64,103.31,0.00724,0.00685,2.16469,1039.0,-264.8,-31.99,-130.15,-2.91,-2.03,1.2,0.0
23.91,asterisco,hacia_wp,-0.6841,0.0071,0.1076,-45.55,-63.9,-46.68,-62.76,-48,-68,-56,-77,-82.77,1041.16,103.38,0.00767,0.00645,2.16985,1039.0,-264.8,-32.12,-130.28,-2.9,-2.05,1.2,0.0
23.95,asterisco,hacia_wp,-0.6476,0.0069,0.1042,-42.92,-60.69,-44.02,-59.59,-48,-68,-56,-77,-70.92,1045.92,103.38,0.00842,0.00642,2.17261,1047.3,-250.7,-32.37,-130.53,-2.91,-2.02,1.2,0.0
24.009,asterisco,hacia_wp,-0.6121,0.0067,0.0981,-40.59,-57.35,-41.66,-56.28,-46,-63,-42,-59,-57.21,1051.52,103.52,0.00771,0.00645,2.17088,1055.5,-236.8,-32.37,-130.53,-2.91,-2.02,1.2,0.0
24.049,asterisco,hacia_wp,-0.5774,0.0065,0.0926,-38.27,-54.12,-39.3,-53.08,-46,-63,-42,-59,-44.77,1056.61,103.66,0.00812,0.00719,2.16862,1063.8,-223.4,-32.37,-130.53,-2.88,-2.06,1.2,0.0
24.109,asterisco,hacia_wp,-0.5455,0.0063,0.0849,-36.35,-50.93,-37.35,-49.93,-35,-46,-31,-63,-31.57,1062.39,103.71,0.00853,0.00808,2.1673,1077.4,-199.5,-32.24,-130.4,-2.88,-2.06,1.2,0.0
24.15,asterisco,hacia_wp,-0.517,0.0061,0.0797,-34.49,-48.22,-35.47,-47.24,-36,-46,-46,-55,-25.37,1065.16,103.73,0.00806,0.00791,2.16967,1083.2,-189.7,-32.22,-130.38,-2.87,-2.07,1.2,0.0
24.21,asterisco,hacia_wp,-0.4917,0.006,0.078,-32.62,-46.05,-33.57,-45.09,-24,-50,-34,-45,-14.0,1070.52,103.86,0.00807,0.00829,2.17621,1083.2,-189.7,-32.51,-130.67,-2.84,-2.04,1.2,0.0
24.249,asterisco,hacia_wp,-0.4676,0.0058,0.0757,-30.89,-43.93,-31.81,-43.01,-24,-50,-34,-45,-4.98,1074.54,103.88,0.00808,0.00723,2.17818,1089.5,-180.9,-32.77,-130.93,-2.86,-2.03,1.2,0.0
24.31,asterisco,hacia_wp,-0.4452,0.0056,0.0749,-29.17,-42.05,-30.08,-41.15,-40,-38,-22,-49,5.55,1079.7,103.9,0.00772,0.00718,2.17426,1099.8,-164.3,-32.78,-130.94,-2.87,-2.05,1.2,0.0
24.35,asterisco,hacia_wp,-0.4243,0.0055,0.0697,-27.93,-39.96,-28.81,-39.08,-36,-43,-32,-37,10.75,1082.1,103.91,0.00878,0.00685,2.17362,1104.6,-155.9,-32.6,-130.76,-2.86,-2.04,1.2,0.0
24.409,asterisco,hacia_wp,-0.4031,0.0054,0.0657,-26.56,-37.94,-27.42,-37.07,-28,-38,-26,-46,21.1,1086.61,104.11,0.00736,0.00616,2.17309,1104.6,-155.9,-32.61,-130.77,-2.92,-2.04,1.2,0.0
24.45,asterisco,hacia_wp,-0.382,0.0053,0.0627,-25.12,-36.0,-25.97,-35.16,-28,-38,-26,-46,29.58,1090.07,104.14,0.00771,0.00754,2.1712,1109.7,-147.9,-32.49,-130.65,-2.85,-2.03,1.2,0.0
24.51,asterisco,hacia_wp,-0.3618,0.0052,0.0593,-23.79,-34.1,-24.61,-33.28,-22,-41,-29,-38,39.52,1093.74,104.19,0.00712,0.0065,2.17687,1119.3,-132.6,-32.49,-130.65,-2.84,-2.08,1.2,0.0
24.549,asterisco,hacia_wp,-0.3419,0.005,0.0577,-22.33,-32.37,-23.13,-31.57,-21,-37,-19,-39,44.04,1095.48,104.27,0.00685,0.00647,2.17822,1119.3,-132.6,-32.79,-130.95,-2.85,-2.03,1.2,0.0
24.609,asterisco,hacia_wp,-0.3235,0.0049,0.0549,-21.1,-30.67,-21.88,-29.88,-21,-37,-19,-39,52.13,1098.78,104.28,0.00767,0.00765,2.17692,1123.8,-125.5,-32.84,-131.0,-2.83,-1.99,1.2,0.0
24.65,asterisco,hacia_wp,-0.3071,0.0048,0.0517,-20.05,-29.09,-20.82,-28.32,-27,-24,-17,-32,58.34,1101.67,104.28,0.00759,0.00694,2.17751,1127.5,-119.0,-32.8,-130.96,-2.87,-1.99,1.2,0.0
24.69,asterisco,hacia_wp,-0.3061,0.0048,0.0509,-20.03,-28.95,-20.8,-28.18,-17,-32,-15,-29,61.9,1103.6,104.36,0.00686,0.00666,2.17854,1130.8,-113.0,-32.84,-131.0,-2.84,-2.03,1.2,0.0
24.77,asterisco,hacia_wp,-0.3062,0.0048,0.0509,-20.03,-28.95,-20.8,-28.18,-26,-28,-26,-30,70.66,1108.18,104.47,0.00722,0.0074,2.17733,1134.1,-107.4,-32.9,-131.06,-2.81,-1.99,1.2,0.0
24.81,pausa,quieto,0.0,0.0,0.0,0,0,0,0,-25,-20,-17,-30,76.19,1110.59,104.44,0.00716,0.00678,2.17915,1141.0,-97.4,-32.82,-130.98,-2.82,-2.0,,
24.835,pausa,quieto,0.0,0.0,0.0,0,0,0,0,-18,-31,-22,-24,79.21,1112.03,104.51,0.00699,0.00621,2.17943,1144.3,-92.3,-32.82,-130.98,-2.82,-2.0,,
24.882,pausa,quieto,0.0,0.0,0.0,0,0,0,0,-10,-2,-16,-18,83.04,1114.5,104.54,0.0066,0.0068,2.17935,1147.2,-88.4,-32.91,-131.07,-2.85,-1.99,,
24.928,pausa,quieto,0.0,0.0,0.0,0,0,0,0,-14,-16,-14,-17,85.34,1116.04,104.55,0.00645,0.00712,2.17904,1147.2,-88.4,-32.92,-131.08,-2.83,-2.0,,
24.989,pausa,quieto,0.0,0.0,0.0,0,0,0,0,-14,-11,-9,-9,87.52,1117.48,104.58,0.00664,0.00678,2.17924,1151.5,-83.9,-32.93,-131.09,-2.81,-1.99,,
25.036,pausa,quieto,0.0,0.0,0.0,0,0,0,0,-9,-7,-6,-5,89.42,1118.74,104.54,0.0069,0.00712,2.17964,1153.0,-82.6,-32.93,-131.09,-2.81,-1.97,,
25.082,pausa,quieto,0.0,0.0,0.0,0,0,0,0,-10,-5,-11,-4,90.1,1119.21,104.55,0.00703,0.00705,2.17954,1154.1,-81.7,-32.94,-131.1,-2.82,-1.95,,
25.129,pausa,quieto,0.0,0.0,0.0,0,0,0,0,-3,-2,-1,-4,90.88,1119.7,104.53,0.00713,0.00711,2.17951,1154.1,-81.7,-32.95,-131.11,-2.83,-1.93,,
25.191,pausa,quieto,0.0,0.0,0.0,0,0,0,0,-8,3,0,-4,90.9,1119.71,104.54,0.0071,0.00693,2.17943,1154.9,-80.6,-32.95,-131.11,-2.84,-1.92,,
25.252,asterisco,hacia_wp,0.6367,-0.0116,0.8517,118.14,-16.27,120.0,-18.13,3,1,1,5,90.42,1119.43,104.49,0.00704,0.00686,2.1794,1154.8,-80.8,-32.95,-131.11,-2.84,-1.92,0.0,0.0
25.31,asterisco,hacia_wp,0.6367,-0.0116,0.8517,118.14,-16.27,120.0,-18.13,2,7,0,4,89.58,1118.52,104.47,0.00582,0.00605,2.17869,1154.4,-81.5,-32.95,-131.11,-2.84,-1.92,0.0,0.0
25.35,asterisco,hacia_wp,0.6362,-0.0116,0.8521,118.14,-16.34,120.0,-18.2,80,1,75,-1,88.48,1114.21,104.41,0.00586,0.00628,2.17854,1151.7,-82.1,-32.95,-131.11,-2.84,-1.92,0.0,0.0
25.391,asterisco,hacia_wp,0.6346,-0.0116,0.8537,118.14,-16.6,120.0,-18.46,109,-4,137,-4,88.1,1109.39,104.36,0.00638,0.00712,2.18058,1135.9,-82.6,-32.87,-131.03,-2.8,-1.91,0.0,0.0
25.45,asterisco,hacia_wp,0.6342,-0.0116,0.8542,118.14,-16.67,120.0,-18.53,111,-27,114,-13,88.25,1094.92,104.4,0.00676,0.00656,2.19175,1110.9,-82.2,-32.92,-131.08,-2.8,-1.91,0.0,0.0
25.51,asterisco,hacia_wp,0.6381,-0.0116,0.8503,118.14,-16.05,120.0,-17.91,110,-21,134,-17,89.19,1071.22,104.45,0.00662,0.00609,2.19661,1085.6,-80.0,-33.28,-131.44,-2.81,-1.89,0.0,0.0
25.55,asterisco,hacia_wp,0.6461,-0.0116,0.8423,118.14,-14.77,120.0,-16.62,120,-14,127,-38,89.51,1054.48,104.46,0.00628,0.00636,2.18915,1085.6,-80.0,-33.87,-132.03,-2.84,-1.88,0.0,0.0
25.609,asterisco,hacia_wp,0.6472,-0.0116,0.8412,118.14,-14.59,120.0,-16.45,127,-14,142,-31,89.31,1030.95,104.36,0.00749,0.00681,2.17691,1031.7,-72.6,-33.87,-132.03,-2.87,-1.85,0.0,0.0
25.65,asterisco,hacia_wp,0.6405,-0.0116,0.8479,118.14,-15.66,120.0,-17.52,128,-22,133,-27,88.04,1005.93,104.17,0.00743,0.00717,2.17369,1004.4,-69.5,-33.26,-131.42,-2.85,-1.84,0.0,0.0
25.709,asterisco,hacia_wp,0.6334,-0.0116,0.855,118.14,-16.8,120.0,-18.66,136,-21,140,-15,85.05,975.74,103.97,0.00778,0.00782,2.177,978.0,-67.9,-32.66,-130.82,-2.81,-1.96,0.0,0.0
25.75,asterisco,hacia_wp,0.6335,-0.0116,0.8548,118.14,-16.77,120.0,-18.64,154,-7,171,-16,82.84,961.3,103.86,0.00685,0.00639,2.17449,953.0,-67.5,-32.68,-130.84,-2.81,-2.02,0.0,0.0
25.809,asterisco,hacia_wp,0.6347,-0.0116,0.8536,118.14,-16.58,120.0,-18.44,104,-3,122,-10,78.32,934.19,103.74,0.00598,0.00724,2.16654,929.2,-67.6,-32.85,-131.01,-2.77,-2.08,0.0,0.0
25.849,asterisco,hacia_wp,0.6295,-0.0116,0.8589,118.14,-17.42,120.0,-19.29,102,-4,113,-13,75.35,913.07,103.71,0.00527,0.00736,2.16388,907.2,-67.8,-32.57,-130.73,-2.76,-2.11,0.0,0.0
25.89,asterisco,hacia_wp,0.6231,-0.0117,0.8652,118.13,-18.43,120.0,-20.3,102,-4,113,-13,74.24,900.88,103.74,0.00425,0.00661,2.16428,907.2,-67.8,-32.21,-130.37,-2.72,-2.07,0.0,0.0
25.97,asterisco,hacia_wp,0.6213,-0.0117,0.867,118.13,-18.72,120.0,-20.59,130,-28,126,-26,72.42,868.28,103.79,0.00461,0.01053,2.16965,867.9,-66.2,-32.15,-130.31,-2.66,-2.03,0.0,0.0
26.01,asterisco,hacia_wp,0.6233,-0.0117,0.8651,118.13,-18.41,120.0,-20.28,130,-22,128,-20,71.99,846.91,103.72,0.00106,0.00796,2.17084,847.8,-63.8,-32.31,-130.47,-2.61,-1.9,0.0,0.0
26.05,asterisco,hacia_wp,0.6273,-0.0116,0.861,118.14,-17.77,120.0,-19.63,103,-19,108,-29,71.35,829.29,103.84,-5e-05,0.00825,2.16622,826.6,-60.8,-32.55,-130.71,-2.58,-1.88,0.0,0.0
26.109,asterisco,hacia_wp,0.628,-0.0116,0.8604,118.14,-17.66,120.0,-19.52,100,-12,115,-17,70.13,806.35,103.76,-0.00077,0.00827,2.16019,803.8,-57.9,-32.5,-130.66,-2.54,-1.74,0.0,0.0
26.149,asterisco,hacia_wp,0.6242,-0.0117,0.8641,118.14,-18.26,120.0,-20.12,128,-21,116,-23,68.27,783.09,103.73,0.00184,0.01242,2.15868,779.9,-56.0,-32.14,-130.3,-2.46,-1.68,0.0,0.0
26.209,asterisco,hacia_wp,0.6206,-0.0117,0.8678,118.13,-18.84,120.0,-20.71,117,-17,134,-20,65.62,755.07,103.71,-0.00048,0.01007,2.16225,756.2,-54.8,-31.85,-130.01,-2.43,-1.68,0.0,0.0
26.25,asterisco,hacia_wp,0.621,-0.0117,0.8674,118.13,-18.78,120.0,-20.64,138,-20,183,-16,63.82,741.55,103.62,0.00217,0.01194,2.16155,733.4,-54.1,-31.92,-130.08,-2.41,-1.71,0.0,0.0
26.31,asterisco,hacia_wp,0.6219,-0.0117,0.8665,118.13,-18.63,120.0,-20.5,131,-24,110,-27,61.11,714.94,103.54,0.00241,0.0131,2.15908,710.6,-52.9,-32.06,-130.22,-2.37,-1.67,0.0,0.0
26.35,asterisco,hacia_wp,0.6204,-0.0117,0.8679,118.13,-18.86,120.0,-20.73,118,-20,110,-17,59.45,693.05,103.64,-8e-05,0.00989,2.1569,688.4,-50.9,-31.99,-130.15,-2.43,-1.72,0.0,0.0
26.41,asterisco,hacia_wp,0.6193,-0.0117,0.869,118.13,-19.05,120.0,-20.91,100,-17,111,-21,57.78,667.02,103.81,0.00025,0.0098,2.15615,667.0,-48.8,-31.84,-130.0,-2.37,-1.75,0.0,0.0
26.45,asterisco,hacia_wp,0.6177,-0.0117,0.8706,118.13,-19.3,120.0,-21.17,113,-23,116,-22,57.19,653.91,103.82,0.00049,0.01065,2.15659,645.5,-46.9,-31.72,-129.88,-2.4,-1.72,0.0,0.0
26.51,asterisco,hacia_wp,0.6183,-0.0116,0.8701,118.14,-19.22,120.0,-21.08,128,-20,103,-25,55.39,627.52,103.87,0.00074,0.01018,2.15405,623.7,-45.2,-31.73,-129.89,-2.38,-1.73,0.0,0.0
26.55,asterisco,hacia_wp,0.6186,-0.0115,0.8699,118.16,-19.18,120.0,-21.02,113,-12,142,-28,53.83,605.16,103.9,0.00043,0.00995,2.1521,601.4,-43.4,-31.74,-129.9,-2.37,-1.74,0.0,0.0
26.59,asterisco,hacia_wp,0.6165,-0.0114,0.8721,118.17,-19.53,120.0,-21.36,102,-22,120,-18,52.74,591.55,103.97,0.00044,0.00982,2.15146,578.7,-41.6,-31.56,-129.72,-2.39,-1.71,0.0,0.0
26.65,asterisco,hacia_wp,0.6153,-0.0114,0.8734,118.18,-19.74,120.0,-21.55,132,-18,112,-16,50.08,564.39,103.84,0.00373,0.01335,2.15149,556.0,-40.3,-31.46,-129.62,-2.39,-1.71,0.0,0.0
26.71,asterisco,hacia_wp,0.6148,-0.0113,0.874,118.2,-19.84,120.0,-21.64,122,-16,136,-25,47.12,537.31,103.8,0.00517,0.01402,2.1504,533.3,-39.4,-31.45,-129.61,-2.39,-1.7,0.0,0.0
26.75,asterisco,hacia_wp,0.6138,-0.0111,0.875,118.22,-20.01,120.0,-21.79,122,-16,136,-25,44.94,515.04,103.76,0.00451,0.01387,2.14607,533.3,-39.4,-31.48,-129.64,-2.41,-1.75,0.0,0.0
26.789,asterisco,hacia_wp,0.6082,-0.011,0.8807,118.23,-20.92,120.0,-22.68,115,-19,138,-25,43.75,501.78,103.79,0.00492,0.01444,2.14269,511.2,-38.4,-31.11,-129.27,-2.39,-1.82,0.0,0.0
26.849,asterisco,hacia_wp,0.6052,-0.0109,0.8839,118.25,-21.43,120.0,-23.17,127,-21,137,-18,42.31,475.14,103.85,0.00089,0.00976,2.14154,489.0,-36.9,-30.89,-129.05,-2.37,-1.76,0.0,0.0
26.909,asterisco,hacia_wp,0.5903,-0.0105,0.8583,115.05,-20.6,116.73,-22.28,110,-24,111,-25,40.29,444.45,103.91,0.00462,0.01444,2.14504,466.9,-35.0,-30.99,-129.15,-2.36,-1.79,0.0,0.0
26.949,asterisco,hacia_wp,0.5665,-0.0099,0.8165,109.85,-19.21,111.43,-20.79,110,-24,111,-25,39.05,426.85,103.99,0.0045,0.01539,2.14486,445.5,-32.8,-31.15,-129.31,-2.36,-1.77,0.0,0.0
27.01,asterisco,hacia_wp,0.5392,-0.0092,0.7759,104.47,-18.2,105.94,-19.68,115,-19,121,-19,37.53,404.77,104.09,0.00072,0.01068,2.14301,423.6,-30.8,-31.13,-129.29,-2.33,-1.75,0.0,0.0
27.049,asterisco,hacia_wp,0.5122,-0.0086,0.7344,99.04,-17.09,100.42,-18.46,115,-19,121,-19,35.72,383.61,104.03,0.00443,0.01464,2.14225,401.5,-28.5,-30.99,-129.15,-2.32,-1.72,0.0,0.0
27.109,asterisco,hacia_wp,0.4833,-0.008,0.6952,93.65,-16.31,94.92,-17.59,125,-18,112,-24,33.59,359.5,104.0,0.00483,0.01527,2.14001,379.7,-26.6,-30.94,-129.1,-2.34,-1.71,0.0,0.0
27.149,asterisco,hacia_wp,0.4553,-0.0074,0.6578,88.46,-15.61,89.64,-16.79,102,-15,92,-18,32.49,348.24,103.98,0.0054,0.01578,2.13952,358.8,-24.9,-30.84,-129.0,-2.33,-1.74,0.0,0.0
27.19,asterisco,hacia_wp,0.43,-0.0068,0.6215,83.58,-14.78,84.66,-15.86,102,-15,92,-18,31.2,334.03,103.97,0.00549,0.01556,2.13893,338.9,-23.6,-30.81,-128.97,-2.33,-1.77,0.0,0.0
27.25,asterisco,hacia_wp,0.407,-0.0063,0.5893,79.2,-14.08,80.21,-15.09,86,-13,92,-18,29.48,311.65,103.96,0.00567,0.01573,2.13934,321.1,-22.5,-30.83,-128.99,-2.32,-1.79,0.0,0.0
27.309,asterisco,hacia_wp,0.3692,-0.0054,0.5316,71.63,-12.56,72.49,-13.42,78,-18,64,-20,28.44,294.48,103.89,0.00551,0.01533,2.13757,290.3,-19.6,-30.78,-128.94,-2.3,-1.77,0.0,0.0
27.35,asterisco,hacia_wp,0.3528,-0.005,0.5059,68.3,-11.85,69.1,-12.64,66,-13,55,-11,27.79,283.59,103.91,0.00537,0.01562,2.13772,276.7,-17.9,-30.72,-128.88,-2.34,-1.74,0.0,0.0
27.409,asterisco,hacia_wp,0.3362,-0.0046,0.4821,65.09,-11.31,65.83,-12.05,73,-10,68,-15,26.35,270.76,103.91,0.00544,0.0155,2.13546,263.7,-16.8,-30.71,-128.87,-2.34,-1.75,0.0,0.0
27.45,asterisco,hacia_wp,0.3361,-0.0046,0.4822,65.09,-11.32,65.83,-12.06,60,-1,78,-14,23.66,258.92,103.91,0.00664,0.01559,2.13345,250.9,-16.7,-30.54,-128.7,-2.34,-1.74,0.0,0.0
27.509,asterisco,hacia_wp,0.2994,-0.0039,0.4425,59.03,-11.13,59.66,-11.76,60,0,58,1,18.91,245.46,103.93,0.00604,0.01469,2.13598,239.5,-17.9,-30.47,-128.63,-2.35,-1.76,0.0,0.0
27.549,asterisco,hacia_wp,0.2789,-0.0036,0.4274,56.22,-11.59,56.8,-12.17,57,0,57,11,16.05,239.03,103.87,0.00579,0.0156,2.13828,228.5,-20.6,-30.64,-128.8,-2.37,-1.67,0.0,0.0
27.61,asterisco,hacia_wp,0.2802,-0.0036,0.4266,56.25,-11.42,56.83,-12.0,61,14,55,15,9.79,226.81,103.89,0.00645,0.0158,2.13955,217.3,-24.3,-30.81,-128.97,-2.34,-1.65,0.0,0.0
27.65,asterisco,hacia_wp,0.2384,-0.003,0.3982,50.68,-12.55,51.16,-13.02,52,14,60,11,4.64,217.25,103.81,0.00603,0.01616,2.13825,206.7,-27.9,-30.81,-128.97,-2.34,-1.65,0.0,0.0
27.689,asterisco,hacia_wp,0.2383,-0.003,0.3982,50.68,-12.55,51.16,-13.03,61,21,53,10,1.63,211.8,103.88,0.0065,0.01544,2.13676,196.7,-31.4,-30.8,-128.96,-2.37,-1.63,0.0,0.0
27.75,asterisco,hacia_wp,0.2177,-0.0027,0.3863,48.1,-13.27,48.54,-13.7,52,12,50,11,-2.75,201.22,103.84,0.00641,0.01597,2.1389,196.7,-31.4,-30.7,-128.86,-2.35,-1.66,0.0,0.0
27.81,asterisco,hacia_wp,0.1995,-0.0024,0.374,45.69,-13.76,46.08,-14.15,47,-8,42,-4,-3.63,188.63,103.87,0.00659,0.0154,2.13821,178.8,-35.5,-30.7,-128.86,-2.37,-1.63,0.0,0.0
27.849,asterisco,hacia_wp,0.1863,-0.0022,0.3604,43.56,-13.75,43.91,-14.1,52,-31,58,-32,-2.06,181.22,103.86,0.00614,0.01533,2.13704,170.0,-33.7,-30.79,-128.95,-2.38,-1.66,0.0,0.0
27.91,asterisco,hacia_wp,0.1769,-0.0019,0.343,41.43,-13.13,41.74,-13.44,46,-27,45,-35,1.11,172.13,103.92,0.00652,0.01528,2.13811,160.9,-29.4,-30.73,-128.89,-2.37,-1.63,0.0,0.0
27.95,asterisco,hacia_wp,0.1716,-0.0017,0.3211,39.28,-11.83,39.55,-12.1,44,-21,42,-18,3.89,163.38,104.05,0.00682,0.0167,2.14031,160.9,-29.4,-30.68,-128.84,-2.35,-1.65,0.0,0.0
28.009,asterisco,hacia_wp,0.1701,-0.0014,0.299,37.41,-10.2,37.64,-10.43,34,-18,38,-19,5.68,153.5,104.06,0.00636,0.01708,2.13453,144.9,-20.5,-30.86,-129.02,-2.31,-1.67,0.0,0.0
28.05,asterisco,hacia_wp,0.1658,-0.0012,0.2803,35.59,-9.06,35.78,-9.25,38,-7,55,-19,5.86,149.02,104.1,0.00627,0.01756,2.13166,137.1,-17.6,-30.86,-129.02,-2.31,-1.67,0.0,0.0
28.109,asterisco,hacia_wp,0.1581,-0.001,0.2655,33.82,-8.51,33.97,-8.67,31,4,31,-10,4.91,141.06,104.16,0.00558,0.01833,2.12628,137.1,-17.6,-30.29,-128.45,-2.25,-1.75,0.0,0.0
28.15,asterisco,hacia_wp,0.1581,-0.001,0.2656,33.81,-8.52,33.97,-8.68,25,7,37,-3,2.89,135.2,104.2,0.0062,0.01847,2.12531,123.4,-17.2,-30.09,-128.25,-2.19,-1.76,0.0,0.0
28.189,asterisco,hacia_wp,0.1543,-0.001,0.2678,33.69,-9.0,33.85,-9.16,25,7,37,-3,1.23,131.93,104.2,0.00619,0.01863,2.12613,123.4,-17.2,-30.07,-128.23,-2.18,-1.77,0.0,0.0
28.25,pausa,quieto,0.0,0.0,0.0,0,0,0,0,30,16,35,13,-2.89,125.51,104.18,0.0061,0.01861,2.12856,112.5,-21.6,-30.21,-128.37,-2.18,-1.78,,
28.284,pausa,quieto,0.0,0.0,0.0,0,0,0,0,30,16,35,13,-5.3,122.27,104.12,0.0061,0.01795,2.12925,112.5,-21.6,-30.29,-128.45,-2.2,-1.77,,
28.33,pausa,quieto,0.0,0.0,0.0,0,0,0,0,30,6,31,12,-10.01,117.87,104.11,0.00711,0.01732,2.13106,107.0,-24.9,-30.4,-128.56,-2.25,-1.81,,
28.39,pausa,quieto,0.0,0.0,0.0,0,0,0,0,13,15,16,14,-13.22,116.08,104.06,0.0069,0.01737,2.13127,102.1,-28.4,-30.44,-128.6,-2.24,-1.81,,
28.437,pausa,quieto,0.0,0.0,0.0,0,0,0,0,11,18,10,13,-16.43,114.21,104.04,0.00699,0.01806,2.13163,99.8,-31.4,-30.44,-128.6,-2.23,-1.82,,
28.484,pausa,quieto,0.0,0.0,0.0,0,0,0,0,9,8,9,13,-18.87,112.87,104.01,0.00641,0.01804,2.13193,97.9,-33.7,-30.44,-128.6,-2.23,-1.82,,
28.53,pausa,quieto,0.0,0.0,0.0,0,0,0,0,10,15,19,11,-20.55,111.91,104.01,0.0063,0.01816,2.13165,96.4,-36.1,-30.48,-128.64,-2.22,-1.79,,
28.577,pausa,quieto,0.0,0.0,0.0,0,0,0,0,9,9,12,9,-22.37,110.9,103.98,0.00651,0.01809,2.1311,93.4,-39.8,-30.47,-128.63,-2.2,-1.78,,
28.638,pausa,quieto,0.0,0.0,0.0,0,0,0,0,11,9,8,3,-23.91,110.03,103.96,0.00669,0.01826,2.13094,93.4,-39.8,-30.45,-128.61,-2.2,-1.78,,
28.71,asterisco,hacia_wp,-1.4407,0.0144,-0.0449,-117.69,-112.81,-120.0,-110.51,6,9,6,6,-25.61,109.03,103.95,0.00712,0.01846,2.13061,92.2,-41.5,-30.45,-128.61,-2.19,-1.78,0.849,0.849
28.749,asterisco,hacia_wp,-1.4408,0.0144,-0.0448,-117.69,-112.83,-120.0,-110.53,-26,-27,-66,-64,-25.3,109.4,103.76,0.00871,0.01386,2.12946,91.2,-42.9,-30.43,-128.59,-2.19,-1.78,0.849,0.849
28.79,asterisco,hacia_wp,-1.4408,0.0144,-0.0448,-117.69,-112.84,-120.0,-110.53,-26,-27,-66,-64,-21.87,111.36,103.78,0.00829,0.01333,2.12889,93.9,-40.3,-30.39,-128.55,-2.35,-1.83,0.849,0.849
28.849,asterisco,hacia_wp,-1.4398,0.0144,-0.0457,-117.69,-112.68,-120.0,-110.37,-140,-146,-151,-101,-7.05,119.61,104.04,0.008,0.0158,2.12712,93.9,-40.3,-30.24,-128.4,-2.3,-1.82,0.849,0.849
28.909,asterisco,hacia_wp,-1.4359,0.0144,-0.0497,-117.69,-112.05,-120.0,-109.74,-166,-120,-127,-104,18.09,133.07,104.11,0.00784,0.01392,2.1287,134.8,8.2,-30.2,-128.36,-2.28,-1.81,0.849,0.849
28.95,asterisco,hacia_wp,-1.4349,0.0144,-0.0506,-117.69,-111.9,-120.0,-109.59,-85,-149,-155,-119,45.55,148.31,104.21,0.00596,0.01408,2.13386,134.8,8.2,-30.41,-128.57,-2.31,-1.68,0.849,0.849
28.99,asterisco,hacia_wp,-1.4394,0.0144,-0.0461,-117.69,-112.62,-120.0,-110.31,-132,-147,-109,-136,64.14,158.85,104.27,0.00594,0.01382,2.13794,184.2,67.1,-30.73,-128.89,-2.37,-1.58,0.849,0.849
29.049,asterisco,hacia_wp,-1.4473,0.0144,-0.0383,-117.69,-113.87,-120.0,-111.57,-130,-147,-113,-152,103.3,181.94,104.38,0.00413,0.01438,2.14221,184.2,67.1,-31.01,-129.17,-2.38,-1.48,0.849,0.849
29.11,asterisco,hacia_wp,-1.452,0.0144,-0.0336,-117.7,-114.62,-120.0,-112.31,-128,-156,-117,-122,146.86,208.52,104.33,0.00417,0.01374,2.1445,233.7,127.6,-31.11,-129.27,-2.32,-1.37,0.849,0.849
29.15,asterisco,hacia_wp,-1.4544,0.0144,-0.0312,-117.7,-115.02,-120.0,-112.71,-126,-142,-142,-138,169.03,222.17,104.41,0.00354,0.01255,2.14609,233.7,127.6,-31.19,-129.35,-2.35,-1.43,0.849,0.849
29.19,asterisco,hacia_wp,-1.457,0.0144,-0.0286,-117.7,-115.42,-120.0,-113.12,-132,-118,-89,-101,184.16,231.67,104.5,0.00341,0.01217,2.14718,276.9,177.7,-31.27,-129.43,-2.41,-1.34,0.849,0.849
29.25,asterisco,hacia_wp,-1.459,0.0144,-0.0266,-117.7,-115.74,-120.0,-113.44,-118,-113,-103,-91,211.79,248.91,104.61,0.00269,0.01012,2.14941,276.9,177.7,-31.4,-129.56,-2.46,-1.24,0.849,0.849
29.31,asterisco,hacia_wp,-1.4631,0.0144,-0.0225,-117.7,-116.39,-120.0,-114.09,-115,-104,-89,-109,242.49,268.41,104.68,0.00323,0.00773,2.15118,311.0,217.0,-31.5,-129.66,-2.52,-1.23,0.849,0.849
29.35,asterisco,hacia_wp,-1.4658,0.0144,-0.0198,-117.7,-116.83,-120.0,-114.53,-118,-102,-102,-122,261.12,280.37,104.85,0.00144,0.00724,2.15298,327.6,236.3,-31.56,-129.72,-2.57,-1.23,0.849,0.849
29.39,asterisco,hacia_wp,-1.4673,0.0144,-0.0183,-117.7,-117.07,-120.0,-114.77,-113,-110,-106,-120,276.18,289.82,105.16,-0.00229,0.00248,2.1537,345.8,257.4,-31.56,-129.72,-2.57,-1.23,0.849,0.849
29.449,asterisco,hacia_wp,-1.4725,0.0144,-0.0132,-117.7,-117.9,-120.0,-115.59,-130,-128,-147,-134,308.39,310.65,105.18,0.00025,0.00672,2.1578,366.3,281.0,-31.87,-130.03,-2.55,-1.17,0.849,0.849
29.51,asterisco,hacia_wp,-1.4763,0.0144,-0.0093,-117.7,-118.51,-120.0,-116.21,-104,-118,-126,-107,348.69,336.27,105.41,-0.00059,0.00811,2.15922,388.2,306.1,-31.87,-130.03,-2.55,-1.17,0.849,0.849
29.549,asterisco,hacia_wp,-1.4813,0.0144,-0.0043,-117.7,-119.31,-120.0,-117.01,-132,-131,-141,-115,371.84,350.89,105.61,-0.0017,0.00845,2.1597,410.8,331.8,-32.03,-130.19,-2.45,-1.14,0.849,0.849
29.59,asterisco,hacia_wp,-1.4826,0.0144,-0.003,-117.7,-119.52,-120.0,-117.22,-121,-115,-116,-122,388.86,361.59,105.63,-0.00169,0.00885,2.16005,432.7,357.5,-32.03,-130.19,-2.45,-1.14,0.849,0.849
29.65,asterisco,hacia_wp,-1.4361,0.014,-0.0016,-113.89,-115.88,-116.14,-113.63,-138,-119,-134,-95,426.7,385.12,105.72,-0.00079,0.00748,2.16236,453.6,381.9,-32.07,-130.23,-2.44,-1.14,0.849,0.849
29.71,asterisco,hacia_wp,-1.3645,0.0134,0.0015,-107.97,-110.35,-110.12,-108.2,-97,-111,-128,-113,456.94,403.97,105.96,-0.0022,0.00712,2.16515,473.2,405.0,-32.18,-130.34,-2.41,-1.2,0.849,0.849
29.75,asterisco,hacia_wp,-1.2968,0.0129,0.0058,-102.25,-105.23,-104.31,-103.17,-113,-116,-97,-112,471.48,413.1,105.88,-0.00129,0.00682,2.1664,491.7,426.8,-32.37,-130.53,-2.44,-1.11,0.849,0.849
29.809,asterisco,hacia_wp,-1.2329,0.0124,0.0074,-97.06,-100.21,-99.03,-98.23,-83,-101,-102,-115,499.81,430.87,106.27,-0.00237,0.00528,2.16716,491.7,426.8,-32.45,-130.61,-2.49,-1.1,0.849,0.849
29.85,asterisco,hacia_wp,-1.1715,0.0119,0.0077,-92.15,-95.3,-94.06,-93.39,-83,-101,-102,-115,522.44,445.02,106.35,-0.0021,0.00463,2.16849,509.8,447.6,-32.52,-130.68,-2.49,-1.14,0.849,0.849
29.89,asterisco,hacia_wp,-1.1123,0.0114,0.0112,-87.18,-90.79,-89.0,-88.97,-103,-100,-90,-90,535.25,453.37,106.41,-0.00271,0.00324,2.16837,527.1,467.7,-32.62,-130.78,-2.52,-1.11,0.849,0.849
29.949,asterisco,hacia_wp,-1.0545,0.011,0.0124,-82.49,-86.23,-84.25,-84.48,-107,-86,-84,-119,560.53,468.92,106.64,-0.00045,0.00496,2.17147,543.9,487.4,-32.7,-130.86,-2.54,-1.19,0.849,0.849
30.009,asterisco,hacia_wp,-0.9998,0.0105,0.013,-78.1,-81.86,-79.79,-80.18,-85,-85,-101,-79,583.48,483.51,106.8,-0.00099,0.00339,2.17199,575.2,523.4,-32.78,-130.94,-2.51,-1.23,0.849,0.849
30.049,asterisco,hacia_wp,-0.9481,0.0101,0.014,-73.92,-77.77,-75.53,-76.15,-85,-85,-101,-79,601.72,494.76,106.87,0.00019,0.00513,2.17455,575.2,523.4,-32.9,-131.06,-2.51,-1.3,0.849,0.849
30.109,asterisco,hacia_wp,-0.8993,0.0097,0.0158,-69.9,-73.98,-71.46,-72.43,-88,-82,-81,-81,621.85,507.53,106.97,-0.00028,0.00378,2.17478,589.4,539.9,-32.98,-131.14,-2.54,-1.34,0.849,0.849
30.15,asterisco,hacia_wp,-0.8536,0.0094,0.0176,-66.13,-70.45,-67.62,-68.95,-72,-82,-71,-61,631.47,513.79,107.4,-0.00454,-0.00206,2.17567,602.7,555.5,-33.05,-131.21,-2.52,-1.35,0.849,0.849
30.209,asterisco,hacia_wp,-0.8103,0.009,0.017,-62.74,-66.91,-64.18,-65.46,-69,-69,-81,-60,652.97,527.13,107.44,-0.00304,-0.00046,2.17772,615.3,570.3,-33.1,-131.26,-2.53,-1.38,0.849,0.849
30.249,asterisco,hacia_wp,-0.7697,0.0087,0.0177,-59.46,-63.69,-60.85,-62.3,-62,-64,-62,-70,664.67,534.44,107.43,-0.0022,-0.00048,2.17974,627.2,584.1,-33.13,-131.29,-2.5,-1.44,0.849,0.849
30.309,asterisco,hacia_wp,-0.7311,0.0084,0.0171,-56.45,-60.53,-57.8,-59.18,-60,-61,-81,-63,678.73,543.14,107.53,-0.00281,-0.00156,2.18138,638.3,597.3,-33.25,-131.41,-2.53,-1.4,0.849,0.849
30.35,asterisco,hacia_wp,-0.693,0.0081,0.0186,-53.31,-57.57,-54.6,-56.28,-63,-55,-65,-55,689.23,549.83,107.26,0.00118,0.00345,2.18015,649.6,610.1,-33.33,-131.49,-2.57,-1.41,0.849,0.849
30.409,asterisco,hacia_wp,-0.6231,0.0076,0.0198,-47.66,-52.04,-48.87,-50.83,-66,-60,-49,-54,706.99,560.95,107.37,0.00143,0.00365,2.18304,670.4,633.5,-33.37,-131.53,-2.55,-1.44,0.849,0.849
30.45,asterisco,hacia_wp,-0.5904,0.0073,0.0205,-45.01,-49.46,-46.18,-48.29,-52,-57,-42,-59,716.55,566.81,107.45,0.0008,0.00429,2.18434,680.2,644.3,-33.47,-131.63,-2.55,-1.39,0.849,0.849
30.51,asterisco,hacia_wp,-0.5605,0.0071,0.0212,-42.58,-47.1,-43.71,-45.97,-51,-53,-40,-55,727.59,573.89,107.79,-0.0018,-0.00164,2.1874,689.0,654.4,-33.54,-131.7,-2.53,-1.4,0.849,0.849
30.549,asterisco,hacia_wp,-0.5605,0.0071,0.0219,-42.53,-47.16,-43.66,-46.03,-53,-46,-44,-41,737.35,580.3,107.86,-0.00373,-0.003,2.18803,696.9,664.2,-33.54,-131.7,-2.53,-1.4,0.849,0.849
30.609,asterisco,hacia_wp,-0.5071,0.0067,0.0215,-38.32,-42.82,-39.39,-41.76,-46,-48,-42,-48,748.2,587.13,107.96,-0.0022,-0.00288,2.18972,704.4,672.7,-33.7,-131.86,-2.52,-1.33,0.849,0.849
30.649,asterisco,hacia_wp,-0.4837,0.0065,0.0207,-36.52,-40.87,-37.56,-39.83,-39,-38,-47,-36,753.48,590.23,108.0,-0.00134,-0.00053,2.1911,711.0,680.9,-33.78,-131.94,-2.58,-1.34,0.849,0.849
30.71,asterisco,hacia_wp,-0.4613,0.0063,0.0202,-34.78,-39.02,-35.79,-38.01,-42,-39,-30,-49,763.59,596.66,108.19,-0.00359,-0.00308,2.18907,717.3,688.7,-33.81,-131.97,-2.55,-1.32,0.849,0.849
30.749,asterisco,hacia_wp,-0.4386,0.0062,0.0194,-33.04,-37.13,-34.03,-36.14,-33,-43,-33,-44,772.24,601.87,108.08,-0.00119,-0.00161,2.1924,723.7,696.6,-33.81,-131.97,-2.55,-1.32,0.849,0.849
30.79,asterisco,hacia_wp,-0.4386,0.0062,0.0191,-33.07,-37.11,-34.05,-36.12,-38,-39,-40,-40,777.52,604.66,107.97,0.00108,0.00396,2.1939,730.5,704.2,-33.77,-131.93,-2.55,-1.34,0.849,0.849
30.85,asterisco,hacia_wp,-0.3931,0.0058,0.0195,-29.43,-33.47,-30.36,-32.54,-57,-36,-35,-41,787.36,610.65,108.02,0.00066,0.00214,2.19316,737.0,712.0,-34.03,-132.19,-2.54,-1.28,0.849,0.849
30.909,asterisco,hacia_wp,-0.3931,0.0058,0.0199,-29.39,-33.5,-30.32,-32.58,-34,-31,-27,-39,797.97,617.38,108.12,0.00079,0.004,2.19238,743.0,719.3,-34.01,-132.17,-2.55,-1.28,0.849,0.849
30.949,asterisco,hacia_wp,-0.3524,0.0055,0.0179,-26.31,-30.07,-27.2,-29.18,-30,-35,-28,-30,803.57,620.92,108.22,-0.00033,0.00268,2.19161,748.6,726.1,-34.01,-132.17,-2.55,-1.28,0.849,0.849
30.989,asterisco,hacia_wp,-0.3524,0.0055,0.0175,-26.35,-30.03,-27.23,-29.15,-33,-31,-31,-31,807.57,623.47,108.22,0.00049,0.0025,2.19176,754.0,732.1,-33.94,-132.1,-2.51,-1.23,0.849,0.849
31.05,asterisco,hacia_wp,-0.3175,0.0053,0.0172,-23.6,-27.2,-24.44,-26.36,-27,-36,-28,-33,815.41,627.8,108.2,0.0015,0.00335,2.19746,759.0,737.8,-34.14,-132.3,-2.58,-1.28,0.849,0.849
31.11,asterisco,hacia_wp,-0.3174,0.0052,0.0184,-23.5,-27.29,-24.34,-26.45,-22,-31,-29,-29,823.59,632.03,108.37,-0.00049,0.00243,2.19666,763.3,743.5,-34.33,-132.49,-2.55,-1.24,0.849,0.849
31.149,asterisco,hacia_wp,-0.3097,0.0052,0.0163,-23.05,-26.49,-23.89,-25.66,-16,-29,-15,-25,827.72,634.34,108.44,0.00024,0.00237,2.19574,766.7,749.1,-34.21,-132.37,-2.51,-1.25,0.849,0.849
31.189,asterisco,hacia_wp,-0.3097,0.0052,0.0157,-23.11,-26.45,-23.94,-25.61,-20,-23,-25,-32,830.59,636.34,108.18,0.00598,0.00812,2.19634,769.9,753.7,-34.21,-132.37,-2.51,-1.25,0.849,0.849
31.249,pausa,quieto,0.0,0.0,0.0,0,0,0,0,-19,-24,-15,-16,836.8,639.79,108.33,0.00208,0.00339,2.19815,773.7,758.3,-34.23,-132.39,-2.57,-1.29,,
31.287,pausa,quieto,0.0,0.0,0.0,0,0,0,0,-21,-17,-13,-21,841.96,643.16,108.41,0.00079,0.00286,2.19547,773.7,758.3,-34.23,-132.39,-2.57,-1.29,,
31.333,pausa,quieto,0.0,0.0,0.0,0,0,0,0,-10,-60,-19,-16,846.22,646.02,108.5,-0.00023,0.00258,2.19542,781.0,767.0,-34.19,-132.35,-2.55,-1.28,,
31.38,pausa,quieto,0.0,0.0,0.0,0,0,0,0,-16,-13,-18,-16,848.72,647.47,108.49,-0.00011,0.00208,2.19595,781.0,767.0,-34.15,-132.31,-2.51,-1.25,,
31.427,pausa,quieto,0.0,0.0,0.0,0,0,0,0,-16,-13,-18,-16,851.17,649.13,108.51,0.00117,0.00293,2.19556,783.8,770.1,-34.15,-132.31,-2.5,-1.27,,
31.489,pausa,quieto,0.0,0.0,0.0,0,0,0,0,-21,-9,-10,-20,854.17,650.89,108.37,0.00175,0.002,2.19729,785.8,772.3,-34.16,-132.32,-2.53,-1.31,,
31.536,pausa,quieto,0.0,0.0,0.0,0,0,0,0,-8,-12,-8,-11,856.29,652.37,108.34,0.00137,0.00169,2.19671,789.5,776.6,-34.2,-132.36,-2.55,-1.33,,
31.582,pausa,quieto,0.0,0.0,0.0,0,0,0,0,-9,-9,-7,-12,857.2,653.16,108.45,0.00197,0.00365,2.19602,789.5,776.6,-34.2,-132.36,-2.54,-1.33,,
31.63,pausa,quieto,0.0,0.0,0.0,0,0,0,0,-9,-9,-7,-12,858.84,654.12,108.39,0.00179,0.00275,2.19731,791.2,778.4,-34.2,-132.36,-2.54,-1.32,,
31.71,asterisco,hacia_wp,1.4135,-0.0088,0.0777,118.6,107.57,120.0,106.17,-4,-5,-8,-4,860.18,655.04,108.41,0.00188,0.00344,2.1973,793.5,780.9,-34.21,-132.37,-2.53,-1.3,0.0,0.0
31.749,asterisco,hacia_wp,1.4141,-0.0088,0.0771,118.6,107.66,120.0,106.26,0,0,1,-4,860.43,655.28,108.67,-0.00314,-0.00219,2.19854,794.1,781.7,-34.22,-132.38,-2.53,-1.29,0.0,0.0
31.79,asterisco,hacia_wp,1.4144,-0.0088,0.0769,118.6,107.7,120.0,106.3,105,75,58,26,857.56,653.69,108.78,-0.00279,0.00084,2.19771,791.8,779.6,-34.22,-132.38,-2.53,-1.29,0.0,0.0
31.85,asterisco,hacia_wp,1.4149,-0.0088,0.0763,118.6,107.79,120.0,106.38,147,142,125,125,842.15,642.59,108.32,-0.00135,0.00286,2.19985,776.8,765.4,-34.24,-132.4,-2.37,-1.32,0.0,0.0
31.911,asterisco,hacia_wp,1.4165,-0.0088,0.0747,118.6,108.04,120.0,106.64,89,84,131,136,818.31,626.87,108.32,-0.00172,0.00308,2.20187,751.9,740.5,-34.41,-132.57,-2.41,-1.19,0.0,0.0
31.949,asterisco,hacia_wp,1.4191,-0.0088,0.0721,118.6,108.46,120.0,107.06,113,117,141,119,803.35,616.8,108.13,-0.00022,0.00269,2.2034,725.4,713.5,-34.41,-132.57,-2.41,-1.19,0.0,0.0
32.01,asterisco,hacia_wp,1.4223,-0.0087,0.0689,118.6,108.97,120.0,107.57,138,114,141,120,769.23,593.25,107.9,0.00162,0.00401,2.20258,698.8,686.2,-34.58,-132.74,-2.42,-1.2,0.0,0.0
32.049,asterisco,hacia_wp,1.4225,-0.0087,0.0688,118.6,108.99,120.0,107.6,134,134,157,132,738.84,571.74,107.7,0.00204,0.00325,2.201,698.8,686.2,-34.63,-132.79,-2.44,-1.18,0.0,0.0
32.09,asterisco,hacia_wp,1.4204,-0.0087,0.0708,118.6,108.66,120.0,107.26,137,121,139,137,720.78,559.05,107.46,0.00141,0.00216,2.19871,644.9,631.5,-34.6,-132.76,-2.56,-1.19,0.0,0.0
32.15,asterisco,hacia_wp,1.4156,-0.0088,0.0756,118.6,107.91,120.0,106.5,126,106,118,113,687.21,535.01,107.37,-0.00107,0.00102,2.194,620.6,606.3,-34.43,-132.59,-2.57,-1.24,0.0,0.0
32.21,asterisco,hacia_wp,1.4102,-0.0088,0.081,118.59,107.03,120.0,105.63,104,102,163,98,658.41,513.85,107.26,0.00069,0.00243,2.19157,598.6,584.8,-34.26,-132.42,-2.62,-1.19,0.0,0.0
32.25,asterisco,hacia_wp,1.4073,-0.0088,0.0839,118.59,106.57,120.0,105.16,112,102,107,91,637.46,497.96,107.16,-0.00048,0.00311,2.19175,579.5,566.0,-34.14,-132.3,-2.56,-1.17,0.0,0.0
32.29,asterisco,hacia_wp,1.4063,-0.0088,0.0849,118.59,106.41,120.0,105.0,112,102,107,91,625.52,488.72,107.03,-0.00142,0.00342,2.19272,579.5,566.0,-34.1,-132.26,-2.5,-1.13,0.0,0.0
32.35,asterisco,hacia_wp,1.4069,-0.0088,0.0843,118.59,106.51,120.0,105.1,107,107,122,71,601.13,470.05,107.05,-0.00183,0.00627,2.19306,544.1,531.8,-34.12,-132.28,-2.46,-1.17,0.0,0.0
32.409,asterisco,hacia_wp,1.406,-0.0088,0.0852,118.59,106.37,120.0,104.96,110,99,113,91,574.09,449.56,106.82,-0.00264,0.00522,2.19144,525.1,513.3,-34.07,-132.23,-2.39,-1.15,0.0,0.0
32.449,asterisco,hacia_wp,1.4057,-0.0088,0.0855,118.59,106.32,120.0,104.91,131,116,113,105,549.17,430.96,106.69,-0.00247,0.00546,2.1901,503.9,493.1,-34.05,-132.21,-2.38,-1.09,0.0,0.0
32.49,asterisco,hacia_wp,1.4044,-0.0088,0.0867,118.59,106.12,120.0,104.71,125,124,133,115,533.52,419.45,106.51,-0.0021,0.00437,2.19007,481.1,471.0,-33.97,-132.13,-2.42,-1.06,0.0,0.0
32.552,asterisco,hacia_wp,1.4037,-0.0088,0.0875,118.59,106.0,120.0,104.59,137,108,117,103,491.28,388.46,106.2,-0.00254,0.00387,2.19169,457.8,447.9,-33.92,-132.08,-2.44,-0.97,0.0,0.0
32.609,asterisco,hacia_wp,1.4035,-0.0087,0.0877,118.61,105.96,120.0,104.57,124,116,127,133,470.82,373.46,106.11,-0.00215,0.00463,2.19026,434.6,425.2,-33.93,-132.09,-2.48,-0.86,0.0,0.0
32.653,asterisco,hacia_wp,1.3536,-0.0082,0.0847,114.4,102.18,115.72,100.86,143,114,102,114,446.69,355.55,106.1,-0.00223,0.00456,2.18815,412.5,403.6,-33.93,-132.09,-2.49,-0.83,0.0,0.0
32.69,asterisco,hacia_wp,1.2847,-0.0077,0.0824,108.76,96.8,109.99,95.57,122,94,156,117,432.72,345.23,106.05,-0.00143,0.00638,2.18667,391.7,383.4,-33.84,-132.0,-2.5,-0.8,0.0,0.0
32.752,asterisco,hacia_wp,1.2201,-0.0072,0.0811,103.52,91.69,104.67,90.54,93,89,118,85,406.57,325.07,105.91,-0.00186,0.00702,2.18911,372.1,364.0,-33.69,-131.85,-2.45,-0.85,0.0,0.0
32.809,asterisco,hacia_wp,1.1587,-0.0067,0.0762,98.26,87.13,99.33,86.06,106,91,117,92,377.61,302.75,105.72,-0.00102,0.00729,2.1882,353.2,345.8,-33.75,-131.91,-2.41,-0.8,0.0,0.0
32.852,asterisco,hacia_wp,1.1002,-0.0062,0.0721,93.29,82.74,94.28,81.75,101,87,110,89,361.63,290.78,105.65,-0.00081,0.00785,2.18596,334.8,328.5,-33.74,-131.9,-2.42,-0.87,0.0,0.0
32.89,asterisco,hacia_wp,1.0442,-0.0057,0.0674,88.47,78.6,89.38,77.69,101,88,112,81,349.93,282.02,105.64,-0.00103,0.0071,2.18447,317.4,311.8,-33.74,-131.9,-2.42,-0.87,0.0,0.0
32.95,asterisco,hacia_wp,0.9904,-0.0053,0.0656,84.06,74.4,84.9,73.56,100,75,85,78,327.37,265.74,105.47,9e-05,0.00743,2.18539,317.4,311.8,-33.61,-131.77,-2.44,-0.92,0.0,0.0
33.01,asterisco,hacia_wp,0.9391,-0.0048,0.0628,79.76,70.49,80.54,69.72,70,84,111,72,302.79,248.42,105.29,0.001,0.0078,2.18483,286.1,279.8,-33.61,-131.77,-2.44,-0.92,0.0,0.0
33.05,asterisco,hacia_wp,0.8906,-0.0045,0.0614,75.81,66.69,76.52,65.98,82,68,84,68,289.83,239.06,105.19,0.00074,0.00748,2.18486,271.5,265.3,-33.58,-131.74,-2.49,-0.92,0.0,0.0
33.09,asterisco,hacia_wp,0.8448,-0.0041,0.0586,71.95,63.22,72.6,62.57,82,68,84,68,280.49,232.25,105.14,0.00162,0.0077,2.18339,271.5,265.3,-33.58,-131.74,-2.49,-0.92,0.0,0.0
33.151,asterisco,hacia_wp,0.8021,-0.0037,0.0578,68.49,59.84,69.09,59.25,69,56,61,60,263.18,218.91,104.97,0.00203,0.00697,2.18342,245.0,239.1,-33.48,-131.64,-2.56,-0.91,0.0,0.0
33.209,asterisco,hacia_wp,0.7617,-0.0034,0.0546,65.03,56.84,65.58,56.29,63,60,60,51,244.51,203.95,104.8,0.00242,0.00751,2.18164,232.5,227.3,-33.48,-131.64,-2.56,-0.91,0.0,0.0
33.25,asterisco,hacia_wp,0.7235,-0.0031,0.0526,61.84,53.92,62.34,53.42,66,58,76,51,234.36,195.88,104.81,0.00302,0.00892,2.18111,220.5,216.1,-33.37,-131.53,-2.52,-0.9,0.0,0.0
33.289,asterisco,hacia_wp,0.687,-0.0028,0.0489,58.65,51.27,59.09,50.83,57,50,57,45,227.05,190.11,104.76,0.00295,0.00862,2.18237,220.5,216.1,-33.39,-131.55,-2.53,-0.91,0.0,0.0
33.351,asterisco,hacia_wp,0.6517,-0.0025,0.0454,55.57,48.7,55.96,48.31,57,56,48,48,210.11,177.67,104.74,0.00408,0.01039,2.17795,208.8,205.3,-33.27,-131.43,-2.47,-0.93,0.0,0.0
33.41,asterisco,hacia_wp,0.6184,-0.0022,0.0453,52.92,46.03,53.27,45.68,48,49,53,58,196.52,167.84,104.59,0.00345,0.01015,2.17609,188.3,184.9,-33.13,-131.29,-2.46,-1.0,0.0,0.0
33.451,asterisco,hacia_wp,0.587,-0.002,0.0445,50.36,43.56,50.67,43.25,48,49,53,58,190.24,163.14,104.65,0.00378,0.01047,2.17685,188.3,184.9,-33.07,-131.23,-2.43,-1.01,0.0,0.0
33.509,asterisco,hacia_wp,0.5563,-0.0017,0.0423,47.76,41.25,48.03,40.98,52,42,53,34,178.2,154.19,104.58,0.00384,0.01157,2.17851,178.8,174.9,-33.15,-131.31,-2.41,-1.05,0.0,0.0
33.551,asterisco,hacia_wp,0.5281,-0.0015,0.0412,45.43,39.07,45.66,38.84,58,30,53,47,168.78,146.9,104.65,0.00394,0.01182,2.18033,170.0,165.8,-33.26,-131.42,-2.38,-1.06,0.0,0.0
33.589,asterisco,hacia_wp,0.5018,-0.0012,0.0386,43.13,37.15,43.33,36.95,58,30,53,47,163.34,142.99,104.59,0.00491,0.01306,2.17893,161.8,157.2,-33.31,-131.47,-2.36,-1.07,0.0,0.0
33.651,asterisco,hacia_wp,0.4757,-0.001,0.037,40.93,35.18,41.1,35.01,57,28,41,36,153.1,135.41,104.49,0.00337,0.01231,2.17811,153.3,149.2,-33.21,-131.37,-2.33,-1.06,0.0,0.0
33.71,asterisco,hacia_wp,0.4525,-0.0008,0.0353,38.96,33.45,39.09,33.32,42,33,51,42,143.69,128.09,104.6,0.00253,0.01421,2.17772,145.8,141.9,-33.21,-131.37,-2.3,-1.07,0.0,0.0
33.751,asterisco,hacia_wp,0.4302,-0.0006,0.032,36.92,31.91,37.02,31.81,42,33,51,42,136.21,122.33,104.56,0.00285,0.01389,2.17814,138.1,135.3,-33.22,-131.38,-2.24,-1.11,0.0,0.0
33.789,asterisco,hacia_wp,0.4078,-0.0004,0.0297,34.97,30.28,35.04,30.21,36,30,37,34,131.87,119.03,104.58,0.00257,0.01367,2.17836,130.8,128.5,-33.27,-131.43,-2.24,-1.11,0.0,0.0
33.851,asterisco,hacia_wp,0.3868,-0.0002,0.0276,33.13,28.76,33.17,28.72,41,34,40,28,123.4,112.63,104.55,0.00248,0.01457,2.1766,123.9,121.9,-33.21,-131.37,-2.23,-1.11,0.0,0.0
33.91,asterisco,hacia_wp,0.3668,-0.0001,0.0264,31.45,27.24,31.46,27.23,36,29,33,33,114.07,105.55,104.48,0.00353,0.01459,2.17573,111.4,109.7,-33.16,-131.32,-2.21,-1.14,0.0,0.0
33.952,asterisco,hacia_wp,0.3478,0.0001,0.0254,29.87,25.78,29.85,25.8,25,28,27,29,108.81,101.78,104.46,0.00293,0.01438,2.17599,111.4,109.7,-33.13,-131.29,-2.23,-1.16,0.0,0.0
33.99,asterisco,hacia_wp,0.3293,0.0002,0.024,28.28,24.4,28.25,24.44,25,28,27,29,103.77,98.36,104.46,0.00303,0.01493,2.17606,105.4,103.9,-33.13,-131.29,-2.23,-1.16,0.0,0.0
34.05,asterisco,hacia_wp,0.3116,0.0004,0.0233,26.82,23.03,26.76,23.09,33,24,27,23,97.03,93.58,104.48,0.00339,0.01532,2.17666,100.0,98.1,-33.23,-131.39,-2.18,-1.2,0.0,0.0
34.11,asterisco,hacia_wp,0.3089,0.0004,0.0235,26.63,22.8,26.56,22.86,28,25,30,31,90.76,89.15,104.44,0.00301,0.01499,2.17453,95.0,92.8,-33.2,-131.36,-2.2,-1.23,0.0,0.0
34.17,asterisco,hacia_wp,0.3088,0.0004,0.0244,26.69,22.72,26.63,22.78,27,22,25,15,84.72,84.99,104.43,0.00274,0.01508,2.1738,90.3,88.0,-33.1,-131.26,-2.19,-1.22,0.0,0.0
34.21,asterisco,hacia_wp,0.3088,0.0004,0.0248,26.72,22.69,26.66,22.75,27,22,25,15,81.85,82.79,104.52,0.00195,0.01492,2.17531,86.2,83.8,-33.05,-131.21,-2.16,-1.2,0.0,0.0
34.251,pausa,quieto,0.0,0.0,0.0,0,0,0,0,32,18,24,17,77.23,78.76,104.56,0.00224,0.01565,2.17781,78.1,75.6,-33.21,-131.37,-2.14,-1.2,,
34.276,pausa,quieto,0.0,0.0,0.0,0,0,0,0,27,19,32,19,74.35,76.42,104.54,0.00283,0.01578,2.17812,78.1,75.6,-33.21,-131.37,-2.14,-1.2,,
34.339,pausa,quieto,0.0,0.0,0.0,0,0,0,0,23,21,20,18,69.45,73.18,104.51,0.00321,0.01651,2.17829,69.2,68.1,-33.34,-131.5,-2.15,-1.21,,
34.385,pausa,quieto,0.0,0.0,0.0,0,0,0,0,14,16,15,19,66.52,71.34,104.48,0.00234,0.01626,2.17882,67.0,65.1,-33.39,-131.55,-2.17,-1.24,,
34.431,pausa,quieto,0.0,0.0,0.0,0,0,0,0,16,20,8,9,64.44,69.97,104.49,0.00223,0.01604,2.17883,65.2,62.7,-33.4,-131.56,-2.12,-1.2,,
34.477,pausa,quieto,0.0,0.0,0.0,0,0,0,0,10,17,8,9,62.59,68.73,104.47,0.00249,0.01614,2.17898,63.4,60.5,-33.4,-131.56,-2.12,-1.2,,
34.539,pausa,quieto,0.0,0.0,0.0,0,0,0,0,8,7,14,8,59.74,66.93,104.46,0.00222,0.01609,2.17834,61.8,58.7,-33.4,-131.56,-2.12,-1.21,,
34.585,pausa,quieto,0.0,0.0,0.0,0,0,0,0,6,6,8,13,58.27,66.02,104.47,0.00197,0.01601,2.17806,60.5,57.2,-33.38,-131.54,-2.11,-1.22,,
34.632,pausa,quieto,0.0,0.0,0.0,0,0,0,0,4,5,3,5,57.24,65.42,104.48,0.00176,0.01606,2.17759,59.8,55.8,-33.38,-131.54,-2.1,-1.22,,
34.69,asterisco,hacia_wp,-0.7596,0.0002,0.7402,-1.54,-120.0,-1.57,-119.97,4,0,1,5,56.84,65.16,104.49,0.00174,0.01609,2.17749,59.5,55.1,-33.36,-131.52,-2.1,-1.22,0.0,1.2
34.75,asterisco,hacia_wp,-0.7596,0.0002,0.7402,-1.54,-120.0,-1.57,-119.97,-1,3,3,-2,57.32,65.19,104.39,0.00205,0.01395,2.17805,59.5,54.6,-33.36,-131.52,-2.1,-1.22,0.0,1.2
34.809,asterisco,hacia_wp,-0.7593,0.0002,0.7405,-1.49,-120.0,-1.52,-119.97,0,-39,-4,-52,65.55,65.69,104.34,0.00251,0.01452,2.18492,59.8,58.5,-33.54,-131.7,-2.18,-1.21,0.0,1.2
34.85,asterisco,hacia_wp,-0.7561,0.0001,0.7438,-0.98,-120.0,-1.0,-119.98,-6,-147,-20,-188,74.54,65.88,104.44,0.00203,0.01394,2.18569,60.2,76.6,-33.74,-131.9,-2.22,-1.17,0.0,1.2
34.889,asterisco,hacia_wp,-0.7522,0.0001,0.7477,-0.36,-120.0,-0.37,-119.99,-15,-112,-12,-125,83.35,65.77,104.45,0.00122,0.01305,2.18604,60.6,104.2,-33.79,-131.95,-2.2,-1.11,0.0,1.2
34.95,asterisco,hacia_wp,-0.7516,0.0001,0.7484,-0.25,-120.0,-0.26,-119.99,-17,-104,-13,-126,110.15,64.77,104.61,0.00194,0.0119,2.1876,62.2,130.9,-33.79,-131.95,-2.2,-1.11,0.0,1.2
35.01,asterisco,hacia_wp,-0.7464,-0.0,0.7535,0.56,-120.0,0.57,-120.0,-21,-141,-17,-101,138.9,63.5,104.71,0.002,0.01215,2.18666,64.2,157.8,-33.93,-132.09,-2.3,-1.08,0.0,1.2
35.05,asterisco,hacia_wp,-0.7422,-0.0001,0.7577,1.23,-119.98,1.25,-120.0,-27,-136,-17,-156,154.38,63.0,104.72,0.00151,0.01112,2.18595,66.5,185.4,-33.84,-132.0,-2.31,-1.03,0.0,1.2
35.11,asterisco,hacia_wp,-0.7434,-0.0001,0.7565,1.05,-119.99,1.06,-120.0,-20,-138,-20,-158,185.68,61.22,104.98,0.00232,0.00976,2.18356,69.5,213.0,-33.84,-132.0,-2.31,-1.03,0.0,1.2
35.15,asterisco,hacia_wp,-0.738,-0.0002,0.7618,1.89,-119.97,1.92,-120.0,-18,-133,-20,-144,210.88,59.54,105.1,0.00102,0.00978,2.1845,72.0,239.5,-33.71,-131.87,-2.31,-0.96,0.0,1.2
35.19,asterisco,hacia_wp,-0.7388,-0.0002,0.7611,1.77,-119.97,1.79,-120.0,-13,-129,-23,-140,225.23,58.63,105.17,0.00206,0.00852,2.18701,74.0,263.7,-33.65,-131.81,-2.37,-1.0,0.0,1.2
35.25,asterisco,hacia_wp,-0.7306,-0.0003,0.7691,3.06,-119.95,3.11,-120.0,-15,-124,-15,-104,251.73,57.5,105.56,0.00187,0.00952,2.18862,76.4,285.9,-33.95,-132.11,-2.39,-0.98,0.0,1.2
35.31,asterisco,hacia_wp,-0.7285,-0.0003,0.7712,3.39,-119.94,3.45,-120.0,-26,-110,-19,-88,275.83,57.34,105.69,0.00114,0.00721,2.18852,78.7,306.0,-33.95,-132.11,-2.39,-0.98,0.0,1.2
35.35,asterisco,hacia_wp,-0.7198,-0.0005,0.7797,4.75,-119.92,4.83,-120.0,-23,-98,-18,-88,295.6,57.45,105.95,0.00088,0.00715,2.18468,81.6,325.1,-33.88,-132.04,-2.48,-0.97,0.0,1.2
35.39,asterisco,hacia_wp,-0.7222,-0.0005,0.7774,4.38,-119.93,4.45,-120.0,-18,-103,-16,-119,307.98,57.11,106.06,0.00154,0.00766,2.18601,84.2,344.5,-33.88,-132.04,-2.48,-0.97,0.0,1.2
35.449,asterisco,hacia_wp,-0.7157,-0.0006,0.7837,5.39,-119.91,5.49,-120.0,-8,-129,-18,-138,334.28,55.83,106.37,0.00107,0.00617,2.18828,86.4,365.2,-33.79,-131.95,-2.45,-0.93,0.0,1.2
35.509,asterisco,hacia_wp,-0.7139,-0.0006,0.7855,5.68,-119.9,5.78,-120.0,-15,-134,-16,-124,362.49,54.07,106.69,0.00036,0.00743,2.18902,88.2,388.0,-33.93,-132.09,-2.45,-0.87,0.0,1.2
35.55,asterisco,hacia_wp,-0.7054,-0.0008,0.7939,7.02,-119.88,7.14,-120.0,-18,-124,-19,-129,386.56,52.76,106.89,-0.00018,0.00609,2.18899,89.9,412.0,-33.98,-132.14,-2.45,-0.92,0.0,1.2
35.59,asterisco,hacia_wp,-0.7051,-0.0008,0.7941,7.06,-119.88,7.18,-120.0,-17,-131,-15,-141,400.87,52.28,107.05,8e-05,0.00683,2.1867,92.0,435.7,-34.0,-132.16,-2.41,-0.86,0.0,1.2
35.65,asterisco,hacia_wp,-0.7013,-0.0008,0.7979,7.66,-119.87,7.79,-120.0,-23,-112,-16,-135,428.9,51.09,107.31,-0.00023,0.00568,2.18776,94.2,459.0,-33.93,-132.09,-2.47,-0.83,0.0,1.2
35.709,asterisco,hacia_wp,-0.6976,-0.0009,0.8015,8.24,-119.86,8.39,-120.0,-17,-114,-18,-140,460.18,49.19,107.76,-0.00124,0.0027,2.18743,96.3,481.4,-33.83,-131.99,-2.45,-0.82,0.0,1.2
35.75,asterisco,hacia_wp,-0.6914,-0.001,0.8076,9.22,-119.84,9.38,-120.0,-16,-131,-17,-92,477.81,47.97,107.97,0.00041,0.00624,2.19036,96.3,481.4,-33.92,-132.08,-2.44,-0.83,0.0,1.2
35.79,asterisco,hacia_wp,-0.6846,-0.0011,0.8143,10.28,-119.82,10.46,-120.0,-17,-98,-13,-113,490.59,47.4,107.99,0.00022,0.00354,2.1894,97.9,503.5,-34.06,-132.22,-2.47,-0.84,0.0,1.2
35.85,asterisco,hacia_wp,-0.6794,-0.0012,0.8194,11.1,-119.8,11.29,-120.0,-17,-98,-13,-113,516.21,46.37,108.34,-0.0009,0.00289,2.18806,99.6,525.1,-34.03,-132.19,-2.5,-0.83,0.0,1.2
35.909,asterisco,hacia_wp,-0.6756,-0.0013,0.8231,11.7,-119.8,11.9,-120.0,-21,-127,-25,-136,546.91,45.31,108.5,0.00023,0.00423,2.18738,103.4,567.3,-33.92,-132.08,-2.47,-0.83,0.0,1.2
35.949,asterisco,hacia_wp,-0.6694,-0.0013,0.8293,12.69,-119.79,12.9,-120.0,-21,-127,-25,-136,560.58,44.33,108.72,0.00071,0.00484,2.18898,103.4,567.3,-33.94,-132.1,-2.47,-0.83,0.0,1.2
35.99,asterisco,hacia_wp,-0.6622,-0.0014,0.8365,13.84,-119.78,14.06,-120.0,-17,-123,-10,-146,578.92,43.1,108.89,-0.00019,0.00305,2.18881,105.8,589.2,-33.94,-132.1,-2.47,-0.83,0.0,1.2
36.05,asterisco,hacia_wp,-0.6548,-0.0014,0.8438,15.01,-119.77,15.23,-120.0,-10,-121,-5,-131,611.2,39.15,109.59,-0.0042,-0.00214,2.191,108.9,635.2,-34.01,-132.17,-2.44,-0.84,0.0,1.2
36.109,asterisco,hacia_wp,-0.6468,-0.0015,0.8517,16.27,-119.77,16.5,-120.0,17,-127,15,-94,637.7,31.73,109.81,-0.00196,0.00088,2.19188,107.7,658.4,-34.01,-132.17,-2.44,-0.84,0.0,1.2
36.15,asterisco,hacia_wp,-0.641,-0.0015,0.8575,17.2,-119.77,17.44,-120.0,21,-114,22,-126,650.45,26.86,109.98,-0.00315,-0.00117,2.19211,103.2,681.1,-34.12,-132.28,-2.43,-0.9,0.0,1.2
36.21,asterisco,hacia_wp,-0.6415,-0.0013,0.8572,17.15,-119.79,17.37,-120.0,27,-134,31,-113,675.06,15.85,110.35,-0.00177,0.00024,2.1892,96.6,702.8,-34.09,-132.25,-2.38,-0.93,0.0,1.2
36.249,asterisco,hacia_wp,-0.6448,-0.0012,0.854,16.64,-119.82,16.82,-120.0,30,-116,28,-124,695.14,6.55,110.61,-0.00151,0.00065,2.18714,96.6,702.8,-33.97,-132.13,-2.39,-1.0,0.0,1.2
36.31,asterisco,hacia_wp,-0.653,-0.0009,0.8461,15.38,-119.86,15.52,-120.0,25,-104,23,-138,719.51,-3.81,110.83,-0.00217,-0.00045,2.1861,82.3,745.5,-33.85,-132.01,-2.39,-1.08,0.0,1.2
36.35,asterisco,hacia_wp,-0.6384,-0.0006,0.8148,14.07,-116.2,14.17,-116.3,25,-104,23,-138,731.96,-8.41,111.09,-0.00419,0.00022,2.18595,82.3,745.5,-33.79,-131.95,-2.39,-1.08,0.0,1.2
36.409,asterisco,hacia_wp,-0.6112,-0.0004,0.7738,12.98,-110.76,13.04,-110.83,22,-116,15,-127,757.38,-16.92,110.79,0.00175,0.0081,2.18557,76.7,766.7,-33.81,-131.97,-2.28,-1.04,0.0,1.2
36.45,asterisco,hacia_wp,-0.5813,-0.0002,0.7348,12.26,-105.28,12.3,-105.31,13,-124,12,-127,778.93,-21.91,111.36,-0.00103,0.00185,2.18427,72.4,788.2,-33.83,-131.99,-2.3,-1.07,0.0,1.2
36.49,asterisco,hacia_wp,-0.5488,-0.0001,0.6977,11.91,-99.71,11.92,-99.72,1,-112,11,-103,791.91,-25.32,111.48,-0.00431,0.0016,2.18561,69.6,810.0,-33.76,-131.92,-2.24,-1.04,0.0,1.2
36.549,asterisco,hacia_wp,-0.4819,0.0001,0.6267,11.59,-88.7,11.57,-88.68,-8,-94,2,-136,816.28,-29.19,111.55,-0.00163,0.00208,2.18321,66.2,853.4,-33.72,-131.88,-2.18,-1.06,0.0,1.2
36.609,asterisco,hacia_wp,-0.4492,0.0002,0.5977,11.9,-83.76,11.87,-83.73,-8,-103,0,-119,838.87,-31.81,111.78,-0.0037,0.00482,2.18459,66.5,873.0,-33.69,-131.85,-2.16,-1.02,0.0,1.2
36.65,asterisco,hacia_wp,-0.4182,0.0002,0.5739,12.48,-79.38,12.44,-79.35,-7,-88,-13,-84,855.64,-32.35,111.89,-0.00603,0.00277,2.18475,68.0,890.5,-33.71,-131.87,-2.13,-1.05,0.0,1.2
36.69,asterisco,hacia_wp,-0.3892,0.0002,0.5541,13.2,-75.48,13.17,-75.45,-12,-92,-21,-73,864.59,-31.87,111.81,-0.00297,0.00259,2.18515,69.8,906.0,-33.75,-131.91,-2.08,-1.03,0.0,1.2
36.749,asterisco,hacia_wp,-0.3635,0.0002,0.5378,13.96,-72.12,13.93,-72.09,-18,-75,-20,-61,880.87,-31.82,111.98,-0.00298,0.00363,2.18874,71.8,919.3,-33.75,-131.91,-2.08,-1.03,0.0,1.2
36.809,asterisco,hacia_wp,-0.3398,0.0001,0.5236,14.71,-69.08,14.69,-69.06,-13,-68,-8,-69,895.14,-33.63,112.11,-0.00377,0.00413,2.19073,73.3,931.2,-34.07,-132.23,-2.0,-1.03,0.0,1.2
36.849,asterisco,hacia_wp,-0.3212,0.0002,0.5052,14.73,-66.13,14.71,-66.1,10,-57,3,-55,906.11,-37.85,112.11,-0.0037,0.00414,2.19008,72.1,942.7,-34.07,-132.23,-2.0,-1.03,0.0,1.2
36.89,asterisco,hacia_wp,-0.3079,0.0003,0.4811,13.89,-63.15,13.83,-63.1,19,-62,24,-74,912.38,-41.57,112.19,-0.00306,0.00332,2.18866,68.0,954.2,-34.09,-132.25,-2.0,-1.06,0.0,1.2
36.949,asterisco,hacia_wp,-0.3084,0.0003,0.4808,13.82,-63.17,13.77,-63.11,21,-67,32,-48,927.03,-52.13,112.36,-0.00199,0.0042,2.18463,61.9,965.9,-34.03,-132.19,-2.0,-1.05,0.0,1.2
37.009,asterisco,hacia_wp,-0.2896,0.0008,0.4235,10.77,-57.11,10.65,-56.98,29,-70,36,-51,939.95,-60.9,112.35,-0.00257,0.00431,2.18384,54.9,977.7,-33.73,-131.89,-2.03,-1.12,0.0,1.2
37.049,asterisco,hacia_wp,-0.2804,0.001,0.3955,9.29,-54.15,9.13,-53.99,26,-64,26,-65,946.59,-64.52,112.47,-0.0031,0.00411,2.18563,49.0,989.2,-33.75,-131.91,-2.0,-1.06,0.0,1.2
37.09,asterisco,hacia_wp,-0.2663,0.0012,0.3719,8.54,-51.15,8.36,-50.97,17,-64,5,-52,957.68,-69.27,112.51,-0.00359,0.00388,2.18882,45.2,1000.9,-33.75,-131.91,-2.0,-1.06,0.0,1.2
37.15,asterisco,hacia_wp,-0.2653,0.0011,0.3727,8.68,-51.13,8.5,-50.94,12,-56,4,-48,969.96,-73.07,112.55,-0.00366,0.00363,2.19215,43.1,1011.8,-33.91,-132.07,-2.01,-0.98,0.0,1.2
37.212,asterisco,hacia_wp,-0.2333,0.0013,0.3375,8.43,-45.76,8.23,-45.56,1,-49,2,-47,980.69,-74.54,112.64,-0.00347,0.00399,2.19249,42.5,1021.9,-34.21,-132.37,-2.0,-0.98,0.0,1.2
37.25,asterisco,hacia_wp,-0.218,0.0013,0.3258,8.72,-43.61,8.52,-43.4,1,-56,-1,-50,985.72,-74.48,112.63,-0.00401,0.00307,2.19145,42.8,1030.3,-34.19,-132.35,-2.0,-0.99,0.0,1.2
37.309,asterisco,hacia_wp,-0.2181,0.0013,0.3257,8.71,-43.61,8.51,-43.41,-13,-45,-11,-45,995.21,-73.48,112.63,-0.00332,0.00369,2.19048,43.9,1038.4,-34.19,-132.35,-2.0,-0.99,0.0,1.2
37.35,asterisco,hacia_wp,-0.2038,0.0013,0.3151,9.0,-41.61,8.8,-41.41,-12,-44,-14,-36,1003.07,-72.35,113.37,-0.01341,-0.00376,2.19593,46.1,1045.8,-34.06,-132.22,-2.0,-0.96,0.0,1.2
37.39,asterisco,hacia_wp,-0.188,0.0012,0.3075,9.65,-39.74,9.45,-39.54,-18,-39,-14,-37,1007.54,-71.53,113.11,-0.01019,0.00151,2.19559,48.6,1052.8,-34.09,-132.25,-2.01,-0.97,0.0,1.2
37.45,asterisco,hacia_wp,-0.1564,0.0011,0.2943,11.12,-36.15,10.94,-35.97,-15,-40,-15,-46,1017.15,-69.87,113.19,-0.01038,0.00146,2.19679,51.1,1060.2,-34.17,-132.33,-1.97,-0.89,0.0,1.2
37.509,asterisco,hacia_wp,-0.1562,0.0011,0.2945,11.16,-36.14,10.98,-35.96,-18,-43,-19,-50,1026.57,-68.2,113.13,-0.0101,0.00063,2.19713,53.6,1068.2,-34.17,-132.33,-1.97,-0.89,0.0,1.2
37.55,asterisco,hacia_wp,-0.1391,0.0011,0.2866,11.89,-34.14,11.72,-33.97,-16,-39,-18,-35,1034.26,-66.33,113.15,-0.01057,0.00124,2.1951,56.2,1075.8,-34.21,-132.37,-1.99,-0.93,0.0,1.2
37.589,asterisco,hacia_wp,-0.1249,0.001,0.2848,12.87,-32.85,12.72,-32.69,-19,-31,-13,-40,1038.7,-65.26,113.18,-0.01017,0.00098,2.19518,58.9,1082.6,-34.2,-132.36,-2.0,-0.9,0.0,1.2
37.649,asterisco,hacia_wp,-0.1017,0.0007,0.2937,15.42,-31.69,15.31,-31.58,-21,-32,-14,-38,1047.05,-63.56,113.22,-0.01022,0.00115,2.19773,61.6,1089.1,-34.1,-132.26,-1.99,-0.92,0.0,1.2
37.709,asterisco,hacia_wp,-0.1012,0.0007,0.2939,15.47,-31.66,15.36,-31.55,-6,-34,-10,-28,1055.24,-64.17,113.37,-0.01079,0.00073,2.2012,63.8,1095.3,-34.2,-132.36,-1.98,-0.91,0.0,1.2
37.75,asterisco,hacia_wp,-0.0888,0.0006,0.2978,16.76,-30.98,16.67,-30.88,7,-27,-2,-28,1058.0,-65.94,113.37,-0.01051,0.00049,2.20208,63.6,1100.7,-34.32,-132.48,-1.96,-0.86,0.0,1.2
37.79,pausa,quieto,0.0,0.0,0.0,0,0,0,0,7,-27,-2,-28,1062.01,-71.05,113.32,-0.01034,-0.00026,2.20261,63.6,1100.7,-34.47,-132.63,-1.97,-0.89,,
37.829,pausa,quieto,0.0,0.0,0.0,0,0,0,0,28,-31,19,-22,1064.93,-76.35,113.36,-0.01002,0.00013,2.19864,60.5,1105.4,-34.55,-132.71,-2.01,-0.87,,
37.89,pausa,quieto,0.0,0.0,0.0,0,0,0,0,29,-13,48,-19,1067.41,-83.2,113.39,-0.00914,0.00095,2.19469,54.6,1110.3,-34.39,-132.55,-2.02,-0.85,,
37.937,pausa,quieto,0.0,0.0,0.0,0,0,0,0,21,-8,15,-5,1068.35,-85.81,113.4,-0.00985,0.0003,2.19649,47.4,1114.3,-34.17,-132.33,-2.03,-0.87,,
37.985,pausa,quieto,0.0,0.0,0.0,0,0,0,0,21,-8,15,-5,1068.35,-86.69,113.4,-0.01024,0.00059,2.20068,43.1,1116.2,-34.14,-132.3,-2.04,-0.9,,
38.031,pausa,quieto,0.0,0.0,0.0,0,0,0,0,4,1,1,4,1067.99,-86.81,113.39,-0.01056,0.0005,2.20169,41.8,1116.4,-34.33,-132.49,-2.04,-0.88,,
38.078,pausa,quieto,0.0,0.0,0.0,0,0,0,0,4,1,1,4,1067.76,-86.97,113.4,-0.01078,0.00018,2.20192,41.8,1115.5,-34.5,-132.66,-2.02,-0.84,,
38.139,pausa,quieto,0.0,0.0,0.0,0,0,0,0,0,-1,-2,-3,1067.57,-87.1,113.41,-0.01077,0.00023,2.202,41.7,1115.2,-34.51,-132.67,-2.02,-0.83,,
38.187,pausa,quieto,0.0,0.0,0.0,0,0,0,0,0,-1,-2,-3,1067.59,-87.09,113.41,-0.0109,0.00012,2.20196,41.4,1115.0,-34.52,-132.68,-2.01,-0.82,,
38.25,asterisco,hacia_wp,0.8094,0.0031,-0.6874,10.01,119.5,9.51,120.0,2,3,0,1,1067.68,-87.03,113.4,-0.01072,0.00029,2.20195,41.6,1115.3,-34.52,-132.68,-2.01,-0.82,0.0,0.0
38.289,asterisco,hacia_wp,0.8094,0.0031,-0.6875,10.0,119.5,9.5,120.0,1,31,-2,24,1067.59,-86.98,113.43,-0.01154,0.00045,2.20228,41.6,1115.3,-34.53,-132.69,-2.01,-0.81,0.0,0.0
38.35,asterisco,hacia_wp,0.8095,0.0031,-0.6874,10.01,119.5,9.51,120.0,1,31,-2,24,1062.05,-87.07,113.35,-0.01126,0.00112,2.21295,41.7,1115.5,-34.75,-132.91,-1.97,-0.79,0.0,0.0
38.41,asterisco,hacia_wp,0.7975,0.0033,-0.6991,8.14,119.47,7.6,120.0,19,136,7,129,1050.41,-87.09,113.42,-0.01107,0.00174,2.23121,41.6,1111.0,-35.44,-133.6,-1.94,-0.77,0.0,0.0
38.45,asterisco,hacia_wp,0.7872,0.0035,-0.7093,6.52,119.44,5.96,120.0,17,112,1,99,1042.31,-86.85,113.39,-0.01173,0.00139,2.23757,41.4,1092.0,-36.25,-134.41,-1.96,-0.77,0.0,0.0
38.51,asterisco,hacia_wp,0.7873,0.0035,-0.7092,6.53,119.44,5.97,120.0,21,113,1,124,1021.61,-85.86,113.33,-0.01122,0.00187,2.25099,40.5,1064.9,-36.93,-135.09,-1.96,-0.76,0.0,0.0
38.552,asterisco,hacia_wp,0.7694,0.0038,-0.7268,3.71,119.39,3.1,120.0,21,113,1,124,1000.08,-84.83,113.33,-0.0119,0.00208,2.26033,38.8,1038.7,-37.58,-135.74,-1.93,-0.78,0.0,0.0
38.59,asterisco,hacia_wp,0.7685,0.0038,-0.7277,3.57,119.38,2.95,120.0,19,132,12,114,985.69,-84.29,113.27,-0.01172,0.0024,2.26566,36.6,1012.5,-38.1,-136.26,-1.93,-0.8,0.0,0.0
38.649,asterisco,hacia_wp,0.7588,0.004,-0.7372,2.05,119.36,1.4,120.0,5,132,6,132,955.1,-83.52,113.16,-0.01199,0.00151,2.27108,31.0,959.0,-38.51,-136.67,-1.92,-0.8,0.0,0.0
38.71,asterisco,hacia_wp,0.751,0.0042,-0.7448,0.83,119.33,0.16,120.0,16,132,15,142,919.4,-83.38,112.91,-0.01266,0.00125,2.27038,27.1,933.1,-38.6,-136.76,-1.96,-0.73,0.0,0.0
38.75,asterisco,hacia_wp,0.7472,0.0042,-0.7486,0.23,119.32,-0.45,120.0,15,150,16,150,900.04,-83.55,112.82,-0.01203,0.00194,2.26869,23.2,908.5,-38.48,-136.64,-1.98,-0.72,0.0,0.0
38.809,asterisco,hacia_wp,0.7458,0.0043,-0.7499,0.01,119.32,-0.67,120.0,9,114,21,125,877.51,-84.21,112.31,-0.004,0.00311,2.26073,19.2,886.1,-38.35,-136.51,-2.01,-0.71,0.0,0.0
38.85,asterisco,hacia_wp,0.7443,0.0043,-0.7514,-0.23,119.32,-0.91,120.0,21,122,20,102,860.73,-84.93,112.1,-0.0041,0.00304,2.26114,15.0,865.7,-38.21,-136.37,-2.04,-0.68,0.0,0.0
38.909,asterisco,hacia_wp,0.743,0.0043,-0.7527,-0.42,119.31,-1.11,120.0,23,121,28,105,832.22,-86.33,112.01,-0.00425,0.00233,2.2634,11.2,846.1,-38.35,-136.51,-2.05,-0.66,0.0,0.0
38.949,asterisco,hacia_wp,0.7381,0.0044,-0.7575,-1.2,119.3,-1.9,120.0,23,121,18,100,815.57,-87.01,111.97,-0.00407,0.00169,2.26276,7.5,826.6,-38.42,-136.58,-2.08,-0.63,0.0,0.0
39.009,asterisco,hacia_wp,0.7339,0.0045,-0.7616,-1.86,119.29,-2.57,120.0,15,122,19,106,793.78,-87.7,111.85,-0.00322,0.00178,2.26277,3.8,806.5,-38.39,-136.55,-2.13,-0.67,0.0,0.0
39.05,asterisco,hacia_wp,0.7343,0.0045,-0.7612,-1.8,119.29,-2.51,120.0,23,112,16,132,771.11,-88.09,111.84,-0.00263,0.00251,2.26368,-0.3,784.9,-38.43,-136.59,-2.14,-0.67,0.0,0.0
39.108,asterisco,hacia_wp,0.7262,0.0046,-0.7692,-3.08,119.26,-3.82,120.0,15,113,15,114,743.07,-88.53,111.66,-0.00268,0.00246,2.26685,-4.2,762.2,-38.49,-136.65,-2.15,-0.65,0.0,0.0
39.15,asterisco,hacia_wp,0.7218,0.0047,-0.7735,-3.77,119.25,-4.52,120.0,-31,132,14,127,728.74,-88.71,111.54,-0.00321,-0.00061,2.26564,-7.6,738.8,-38.49,-136.65,-2.15,-0.65,0.0,0.0
39.209,asterisco,hacia_wp,0.716,0.0048,-0.7792,-4.68,119.23,-5.44,120.0,16,119,10,125,700.68,-89.46,111.24,-0.00276,0.00021,2.26703,-11.2,715.9,-38.66,-136.82,-2.22,-0.54,0.0,0.0
39.249,asterisco,hacia_wp,0.7156,0.0048,-0.7796,-4.74,119.23,-5.51,120.0,13,143,24,131,677.73,-89.88,111.03,-0.00272,-2e-05,2.26767,-14.9,692.9,-38.66,-136.82,-2.22,-0.54,0.0,0.0
39.311,asterisco,hacia_wp,0.7065,0.005,-0.7885,-6.17,119.21,-6.96,120.0,12,117,14,132,650.74,-90.27,110.74,-0.00373,-0.00206,2.26707,-18.7,670.6,-38.66,-136.82,-2.3,-0.51,0.0,0.0
39.349,asterisco,hacia_wp,0.7015,0.0051,-0.7934,-6.94,119.18,-7.76,120.0,9,121,20,117,637.72,-90.88,110.65,-0.00287,0.00026,2.26902,-22.3,648.7,-38.72,-136.88,-2.25,-0.46,0.0,0.0
39.41,asterisco,hacia_wp,0.7007,0.0051,-0.7942,-7.07,119.18,-7.89,120.0,24,114,13,108,611.45,-91.84,109.95,0.00262,0.00831,2.26829,-25.8,627.7,-38.72,-136.88,-2.25,-0.46,0.0,0.0
39.45,asterisco,hacia_wp,0.6948,0.0053,-0.7999,-7.98,119.15,-8.83,120.0,17,124,14,108,589.48,-92.45,109.76,0.00255,0.00874,2.26806,-29.4,606.8,-38.78,-136.94,-2.29,-0.42,0.0,0.0
39.489,asterisco,hacia_wp,0.6896,0.0055,-0.8049,-8.78,119.12,-9.66,120.0,16,107,16,135,576.0,-92.77,109.63,0.00258,0.00855,2.26829,-29.4,606.8,-38.75,-136.91,-2.27,-0.39,0.0,0.0
39.55,asterisco,hacia_wp,0.6769,0.0059,-0.8173,-10.76,119.06,-11.7,120.0,13,108,18,108,549.13,-93.34,109.53,-0.00092,0.00874,2.27478,-36.8,563.3,-38.92,-137.08,-2.27,-0.36,0.0,0.0
39.589,asterisco,hacia_wp,0.6746,0.0059,-0.8194,-11.11,119.05,-12.06,120.0,21,121,14,138,526.33,-93.45,109.17,0.00185,0.00824,2.2771,-40.4,541.0,-38.92,-137.08,-2.27,-0.36,0.0,0.0
39.649,asterisco,hacia_wp,0.6643,0.0062,-0.8295,-12.72,119.01,-13.71,120.0,19,135,14,115,499.17,-93.61,108.93,0.00099,0.00817,2.27622,-43.9,518.8,-39.17,-137.33,-2.25,-0.34,0.0,0.0
39.71,asterisco,hacia_wp,0.6552,0.0065,-0.8383,-14.13,118.96,-15.16,120.0,18,119,13,110,472.25,-93.26,108.67,0.00147,0.00797,2.27595,-47.5,497.1,-39.22,-137.38,-2.27,-0.23,0.0,0.0
39.75,asterisco,hacia_wp,0.6397,0.007,-0.8532,-16.52,118.88,-17.64,120.0,5,132,8,136,458.97,-92.26,108.45,0.00067,0.00729,2.27649,-50.4,474.9,-39.22,-137.38,-2.3,-0.24,0.0,0.0
39.81,asterisco,hacia_wp,0.6397,0.007,-0.8532,-16.52,118.88,-17.64,120.0,-15,131,-12,130,432.65,-87.2,107.79,0.00558,0.00736,2.27406,-51.0,453.0,-39.22,-137.38,-2.3,-0.24,0.0,0.0
39.849,asterisco,hacia_wp,0.6071,0.0069,-0.8215,-16.6,113.73,-17.71,114.84,-21,107,-23,107,411.53,-80.72,107.64,0.00152,0.00872,2.27856,-48.4,431.3,-39.26,-137.42,-2.36,-0.2,0.0,0.0
39.91,asterisco,hacia_wp,0.5519,0.0065,-0.7385,-14.41,102.71,-15.45,103.75,-14,109,-32,123,385.95,-71.51,107.44,0.0003,0.00726,2.27546,-43.1,409.2,-39.41,-137.57,-2.26,-0.25,0.0,0.0
39.95,asterisco,hacia_wp,0.5266,0.0062,-0.6956,-13.02,97.28,-14.02,98.27,-32,124,-23,122,373.32,-67.11,107.24,2e-05,0.00733,2.27426,-38.0,387.5,-39.22,-137.38,-2.27,-0.26,0.0,0.0
40.01,asterisco,hacia_wp,0.5289,0.0062,-0.6939,-12.7,97.32,-13.69,98.32,-25,102,-19,119,349.4,-59.63,107.12,-0.00319,0.00764,2.27912,-34.0,366.3,-39.22,-137.38,-2.27,-0.26,0.0,0.0
40.049,asterisco,hacia_wp,0.4784,0.0058,-0.6152,-10.48,87.03,-11.41,87.95,-19,90,-25,109,331.14,-54.95,106.89,-0.00423,0.00937,2.28103,-31.0,346.4,-39.15,-137.31,-2.26,-0.28,0.0,0.0
40.09,asterisco,hacia_wp,0.4762,0.0058,-0.617,-10.8,86.99,-11.73,87.92,-13,100,-9,107,320.7,-52.05,106.71,5e-05,0.00806,2.2801,-29.2,328.6,-39.36,-137.52,-2.23,-0.28,0.0,0.0
40.149,asterisco,hacia_wp,0.4266,0.0056,-0.5599,-10.21,78.47,-11.11,79.36,-9,77,-1,66,302.32,-48.86,107.0,-0.00523,0.00022,2.27949,-29.0,312.8,-39.53,-137.69,-2.24,-0.27,0.0,0.0
40.21,asterisco,hacia_wp,0.4271,0.0056,-0.5595,-10.15,78.48,-11.04,79.37,2,79,1,75,285.86,-48.11,107.04,-0.00761,-0.00107,2.28118,-30.1,298.9,-39.48,-137.64,-2.27,-0.32,0.0,0.0
40.25,asterisco,hacia_wp,0.3814,0.0055,-0.5194,-10.6,71.63,-11.48,72.51,10,80,9,71,272.45,-48.48,106.94,-0.00775,-0.00059,2.28268,-32.1,285.8,-39.44,-137.6,-2.2,-0.29,0.0,0.0
40.29,asterisco,hacia_wp,0.3814,0.0055,-0.5194,-10.6,71.63,-11.48,72.51,12,67,15,70,264.26,-49.04,106.83,-0.00791,1e-05,2.28304,-35.2,272.6,-39.44,-137.6,-2.19,-0.31,0.0,0.0
40.35,asterisco,hacia_wp,0.3302,0.0055,-0.4856,-11.98,64.82,-12.87,65.71,9,75,14,68,248.2,-50.47,106.85,-0.01112,-0.00587,2.28268,-38.5,259.3,-39.5,-137.66,-2.21,-0.32,0.0,0.0
40.409,asterisco,hacia_wp,0.3306,0.0055,-0.4853,-11.93,64.83,-12.82,65.72,14,69,17,76,231.51,-51.8,106.65,-0.00797,0.00044,2.28329,-41.9,246.1,-39.45,-137.61,-2.18,-0.33,0.0,0.0
40.449,asterisco,hacia_wp,0.3052,0.0056,-0.4687,-12.63,61.46,-13.52,62.35,20,62,5,81,218.89,-52.63,106.63,-0.01071,-0.00542,2.29238,-45.2,232.9,-39.44,-137.6,-2.14,-0.27,0.0,0.0
40.49,asterisco,hacia_wp,0.2782,0.0056,-0.4528,-13.52,58.03,-14.42,58.93,14,62,-1,87,211.34,-52.48,106.46,-0.00912,0.00169,2.29988,-47.3,220.0,-39.63,-137.79,-2.14,-0.29,0.0,0.0
40.549,asterisco,hacia_wp,0.2508,0.0057,-0.4372,-14.46,54.58,-15.36,55.49,-2,50,-18,64,197.93,-50.5,106.37,-0.00772,0.00163,2.31086,-47.9,207.7,-40.21,-138.37,-2.15,-0.29,0.0,0.0
40.609,asterisco,hacia_wp,0.2263,0.0057,-0.4202,-15.06,51.27,-15.97,52.17,-12,47,-13,49,184.59,-44.53,106.37,-0.01146,-0.00447,2.31199,-46.2,197.6,-40.92,-139.08,-2.09,-0.23,0.0,0.0
40.649,asterisco,hacia_wp,0.2123,0.0056,-0.4018,-14.72,48.68,-15.61,49.57,-29,58,-22,41,179.25,-41.19,106.23,-0.01074,-0.00388,2.30732,-46.2,197.6,-41.2,-139.36,-2.07,-0.18,0.0,0.0
40.69,asterisco,hacia_wp,0.2061,0.0054,-0.3799,-13.47,46.45,-14.34,47.32,-28,59,-17,39,170.4,-35.78,106.09,-0.00852,0.00305,2.30214,-37.8,179.3,-41.07,-139.23,-2.1,-0.2,0.0,0.0
40.749,asterisco,hacia_wp,0.2029,0.0052,-0.3568,-11.9,44.37,-12.73,45.19,-18,46,-26,48,160.94,-30.11,106.03,-0.00897,0.00378,2.30514,-34.0,170.5,-40.66,-138.82,-2.06,-0.29,0.0,0.0
40.79,asterisco,hacia_wp,0.1965,0.005,-0.3361,-10.77,42.21,-11.57,43.01,-12,43,-20,45,156.57,-27.95,106.05,-0.01129,-0.00181,2.30903,-30.8,161.8,-40.62,-138.78,-2.02,-0.32,0.0,0.0
40.85,asterisco,hacia_wp,0.1865,0.0049,-0.3184,-10.16,40.01,-10.94,40.79,-13,41,-10,41,147.36,-24.59,105.95,-0.01063,-0.00223,2.30796,-28.8,153.5,-41.05,-139.21,-1.98,-0.34,0.0,0.0
40.909,asterisco,hacia_wp,0.1778,0.0048,-0.3014,-9.51,37.95,-10.27,38.72,-11,51,-7,42,136.46,-22.25,105.96,-0.01156,-0.00112,2.29915,-27.9,145.9,-41.05,-139.21,-1.98,-0.34,0.0,0.0
40.949,asterisco,hacia_wp,0.1713,0.0047,-0.2854,-8.75,36.16,-9.5,36.91,-6,39,-3,44,132.02,-21.98,105.92,-0.0114,-0.00081,2.29898,-28.0,138.2,-40.37,-138.53,-1.93,-0.36,0.0,0.0
40.989,asterisco,hacia_wp,0.1598,0.0046,-0.2725,-8.65,34.22,-9.39,34.96,15,33,3,46,126.13,-22.15,105.85,-0.011,-0.00045,2.30082,-28.0,138.2,-40.37,-138.53,-1.93,-0.36,0.0,0.0
41.049,asterisco,hacia_wp,0.1529,0.0047,-0.2709,-9.07,33.53,-9.82,34.28,11,33,13,37,116.46,-23.71,105.82,-0.01128,-0.00114,2.30411,-30.3,123.1,-40.64,-138.8,-1.94,-0.39,0.0,0.0
41.109,asterisco,hacia_wp,0.1442,0.0048,-0.2756,-10.13,33.2,-10.89,33.97,11,41,16,30,108.81,-25.6,105.8,-0.01056,-0.0001,2.30226,-33.0,116.6,-40.73,-138.89,-1.93,-0.4,0.0,0.0
41.15,asterisco,hacia_wp,0.1354,0.0049,-0.28,-11.17,32.84,-11.96,33.62,12,35,17,38,104.03,-27.09,105.8,-0.01158,8e-05,2.30184,-36.1,111.2,-40.6,-138.76,-1.92,-0.43,0.0,0.0
41.19,pausa,quieto,0.0,0.0,0.0,0,0,0,0,16,27,13,37,100.4,-28.25,105.71,-0.0097,0.00523,2.3023,-36.1,111.2,-40.64,-138.8,-1.88,-0.39,,
41.227,pausa,quieto,0.0,0.0,0.0,0,0,0,0,16,27,13,37,96.32,-30.18,105.82,-0.01191,-0.00013,2.30495,-39.2,105.6,-40.64,-138.8,-1.88,-0.39,,
41.289,pausa,quieto,0.0,0.0,0.0,0,0,0,0,11,18,20,19,90.11,-33.68,105.67,-0.00898,0.00451,2.30027,-42.1,100.3,-40.79,-138.95,-1.88,-0.41,,
41.334,pausa,quieto,0.0,0.0,0.0,0,0,0,0,16,16,18,18,87.59,-36.05,105.72,-0.0112,-0.0006,2.30084,-45.3,96.4,-40.59,-138.75,-1.94,-0.44,,
41.38,pausa,quieto,0.0,0.0,0.0,0,0,0,0,16,16,13,7,86.12,-37.25,105.71,-0.011,-0.0006,2.30122,-48.3,94.1,-40.59,-138.75,-1.94,-0.44,,
41.426,pausa,quieto,0.0,0.0,0.0,0,0,0,0,10,8,11,15,84.32,-38.68,105.76,-0.01184,-8e-05,2.30133,-51.0,92.1,-40.59,-138.75,-1.93,-0.42,,
41.488,pausa,quieto,0.0,0.0,0.0,0,0,0,0,7,7,7,10,81.68,-40.52,105.71,-0.0101,0.00539,2.3008,-53.1,90.1,-40.59,-138.75,-1.9,-0.39,,
41.534,pausa,quieto,0.0,0.0,0.0,0,0,0,0,13,10,4,1,81.14,-41.25,105.82,-0.0121,0.00052,2.30142,-54.4,88.6,-40.6,-138.76,-1.86,-0.37,,
41.581,pausa,quieto,0.0,0.0,0.0,0,0,0,0,6,5,8,7,80.4,-41.54,105.72,-0.00957,0.00569,2.30033,-55.1,87.7,-40.6,-138.76,-1.86,-0.37,,
41.649,asterisco,hacia_wp,0.1076,-0.0125,1.38,118.01,-100.8,120.0,-102.79,1,4,0,4,80.27,-41.63,105.71,-0.00963,0.00553,2.3003,-55.5,87.2,-40.6,-138.76,-1.85,-0.37,-0.849,0.849
41.71,asterisco,hacia_wp,0.1072,-0.0125,1.3804,118.01,-100.86,120.0,-102.85,10,-23,22,-17,82.1,-43.04,105.69,-0.01277,-0.00166,2.30355,-59.9,90.2,-40.6,-138.76,-1.85,-0.37,-0.849,0.849
41.749,asterisco,hacia_wp,0.1066,-0.0125,1.381,118.01,-100.96,120.0,-102.95,10,-23,22,-17,85.04,-45.63,106.03,-0.01343,-0.00203,2.30529,-59.9,90.2,-40.66,-138.82,-1.88,-0.27,-0.849,0.849
41.809,asterisco,hacia_wp,0.1049,-0.0125,1.3826,118.01,-101.22,120.0,-103.22,138,-121,206,-124,95.75,-55.24,106.08,-0.0137,-0.00257,2.30848,-78.7,104.8,-40.82,-138.98,-1.92,-0.15,-0.849,0.849
41.849,asterisco,hacia_wp,0.1085,-0.0125,1.379,118.01,-100.65,120.0,-102.64,110,-109,85,-131,109.36,-67.62,106.35,-0.01437,-0.00286,2.30772,-103.0,129.7,-40.9,-139.06,-1.87,-0.03,-0.849,0.849
41.909,asterisco,hacia_wp,0.1138,-0.0124,1.3738,118.01,-99.8,120.0,-101.79,128,-85,101,-101,129.46,-87.0,106.58,-0.01235,0.00321,2.30214,-127.4,155.6,-40.74,-138.9,-1.89,0.0,-0.849,0.849
41.949,asterisco,hacia_wp,0.1121,-0.0124,1.3755,118.01,-100.08,120.0,-102.07,143,-111,137,-116,141.01,-98.79,106.9,-0.01541,-0.00301,2.29973,-151.9,181.1,-40.45,-138.61,-1.86,0.04,-0.849,0.849
41.989,asterisco,hacia_wp,0.1078,-0.0125,1.3797,118.01,-100.75,120.0,-102.75,116,-101,130,-110,156.31,-116.03,107.04,-0.01359,0.00388,2.29637,-176.0,206.5,-40.45,-138.61,-1.86,0.04,-0.849,0.849
42.049,asterisco,hacia_wp,0.102,-0.0125,1.3856,118.01,-101.69,120.0,-103.68,150,-103,135,-109,183.13,-150.28,107.78,-0.01567,-0.00177,2.29349,-201.0,230.8,-40.0,-138.16,-1.78,0.11,-0.849,0.849
42.089,asterisco,hacia_wp,0.0973,-0.0125,1.3903,118.01,-102.44,120.0,-104.44,148,-106,144,-130,193.81,-165.79,107.96,-0.01674,-0.00331,2.29261,-225.8,253.7,-40.0,-138.16,-1.78,0.11,-0.849,0.849
42.149,asterisco,hacia_wp,0.0938,-0.0125,1.3937,118.01,-102.99,120.0,-104.99,127,-93,115,-115,213.39,-196.62,108.25,-0.0111,0.00539,2.29161,-249.9,275.0,-39.91,-138.07,-1.75,0.11,-0.849,0.849
42.209,asterisco,hacia_wp,0.09,-0.0125,1.3975,118.0,-103.6,120.0,-105.59,136,-81,127,-91,231.7,-226.54,108.79,-0.01187,0.00289,2.28896,-273.2,294.6,-39.86,-138.02,-1.8,0.08,-0.849,0.849
42.249,asterisco,hacia_wp,0.0863,-0.0125,1.4012,118.0,-104.19,120.0,-106.19,120,-89,97,-76,246.67,-250.27,109.16,-0.01031,0.00405,2.28737,-294.9,313.4,-39.86,-138.02,-1.8,0.08,-0.849,0.849
42.289,asterisco,hacia_wp,0.0833,-0.0125,1.4042,118.0,-104.67,120.0,-106.67,109,-101,126,-109,255.86,-263.97,109.43,-0.01058,0.00218,2.28732,-315.2,332.0,-39.73,-137.89,-1.88,0.05,-0.849,0.849
42.349,asterisco,hacia_wp,0.0796,-0.0125,1.4079,118.0,-105.27,120.0,-107.27,95,-106,106,-119,275.01,-291.07,109.96,-0.01093,0.00228,2.28687,-334.1,351.4,-39.63,-137.79,-1.91,0.02,-0.849,0.849
42.41,asterisco,hacia_wp,0.0801,-0.0125,1.4074,118.0,-105.19,120.0,-107.19,102,-113,105,-108,298.9,-323.15,110.4,-0.01016,0.00214,2.28488,-353.4,372.2,-39.59,-137.75,-1.88,0.06,-0.849,0.849
42.449,asterisco,hacia_wp,0.0824,-0.0125,1.4051,118.0,-104.82,120.0,-106.82,123,-96,118,-116,313.14,-342.04,110.67,-0.00958,0.00305,2.28466,-373.3,393.8,-39.56,-137.72,-1.95,0.1,-0.849,0.849
42.49,asterisco,hacia_wp,0.0851,-0.0124,1.4025,118.01,-104.4,120.0,-106.39,125,-108,139,-97,323.82,-356.5,110.82,-0.00956,0.0022,2.28351,-394.2,415.9,-39.52,-137.68,-2.01,0.09,-0.849,0.849
42.55,asterisco,hacia_wp,0.0828,-0.0122,1.3976,117.45,-104.2,119.41,-106.16,118,-102,116,-90,348.64,-390.74,111.3,-0.00846,0.00377,2.28055,-394.2,415.9,-39.3,-137.46,-1.99,0.0,-0.849,0.849
42.61,asterisco,hacia_wp,0.0792,-0.0115,1.3292,111.76,-99.09,113.59,-100.92,138,-110,111,-103,369.11,-420.16,111.52,-0.00685,0.00339,2.27924,-437.4,459.4,-39.21,-137.37,-1.98,-0.06,-0.849,0.849
42.65,asterisco,hacia_wp,0.076,-0.0108,1.2611,106.11,-93.95,107.83,-95.67,117,-107,128,-98,382.23,-439.45,111.79,-0.00613,0.00424,2.27858,-459.0,479.9,-39.19,-137.35,-2.03,-0.11,-0.849,0.849
42.69,asterisco,hacia_wp,0.0722,-0.01,1.1947,100.54,-89.0,102.15,-90.6,91,-96,155,-92,391.92,-453.66,111.91,-0.00563,0.00438,2.27827,-459.0,479.9,-39.19,-137.35,-2.03,-0.11,-0.849,0.849
42.75,asterisco,hacia_wp,0.0677,-0.0093,1.13,95.08,-84.24,96.57,-85.73,101,-80,109,-82,413.26,-485.0,112.33,-0.00333,0.00449,2.27607,-480.3,499.7,-39.15,-137.31,-2.12,-0.24,-0.849,0.849
42.809,asterisco,hacia_wp,0.0608,-0.0086,1.0688,89.68,-79.95,91.06,-81.33,86,-85,86,-92,430.13,-509.26,112.6,-0.00229,0.00443,2.27488,-519.1,536.4,-39.04,-137.2,-2.09,-0.32,-0.849,0.849
42.85,asterisco,hacia_wp,0.0568,-0.008,1.0114,84.81,-75.73,86.1,-77.01,94,-80,120,-70,437.94,-520.4,112.64,-0.00176,0.0026,2.27373,-535.8,552.6,-38.98,-137.14,-2.13,-0.35,-0.849,0.849
42.91,asterisco,hacia_wp,0.0538,-0.0074,0.9593,80.45,-71.85,81.64,-73.04,85,-76,78,-64,452.45,-541.38,112.91,-0.00125,0.00565,2.27363,-535.8,552.6,-38.94,-137.1,-2.11,-0.4,-0.849,0.849
42.951,asterisco,hacia_wp,0.0513,-0.0069,0.9116,76.48,-68.27,77.59,-69.38,99,-73,92,-83,463.64,-557.51,112.94,-0.0017,0.00401,2.27211,-565.6,581.6,-38.91,-137.07,-2.1,-0.35,-0.849,0.849
42.995,asterisco,hacia_wp,0.0495,-0.0064,0.8668,72.79,-64.87,73.82,-65.9,99,-73,92,-83,474.42,-573.12,113.18,-0.0022,0.00435,2.2715,-565.6,581.6,-38.83,-136.99,-2.09,-0.41,-0.849,0.849
43.05,asterisco,hacia_wp,0.0446,-0.0055,0.7831,65.78,-58.64,66.66,-59.52,72,-67,73,-63,482.73,-585.08,113.18,-0.00118,0.00383,2.27014,-592.6,607.7,-38.77,-136.93,-2.02,-0.47,-0.849,0.849
43.109,asterisco,hacia_wp,0.0417,-0.0051,0.7437,62.43,-55.75,63.25,-56.57,73,-57,73,-67,496.71,-605.55,113.25,-0.00079,0.00421,2.26917,-605.4,619.9,-38.69,-136.85,-2.06,-0.46,-0.849,0.849
43.149,asterisco,hacia_wp,0.038,-0.0047,0.7059,59.14,-53.05,59.89,-53.8,72,-53,65,-67,504.23,-616.69,113.29,-0.00096,0.00527,2.2687,-618.0,631.3,-38.69,-136.85,-2.09,-0.53,-0.849,0.849
43.19,asterisco,hacia_wp,0.038,-0.0047,0.7059,59.14,-53.05,59.89,-53.8,66,-60,60,-56,509.58,-624.48,113.38,-0.00129,0.00458,2.26736,-618.0,631.3,-38.64,-136.8,-2.07,-0.52,-0.849,0.849
43.249,asterisco,hacia_wp,0.0374,-0.0047,0.7059,59.09,-53.11,59.84,-53.85,49,-56,64,-41,521.09,-641.17,113.46,-0.00118,0.00549,2.26583,-640.6,652.6,-38.64,-136.8,-2.07,-0.52,-0.849,0.849
43.309,asterisco,hacia_wp,0.0325,-0.0039,0.6369,53.24,-48.03,53.86,-48.66,60,-43,53,-57,530.18,-654.19,113.51,-0.00081,0.00709,2.26727,-650.3,661.8,-38.5,-136.66,-2.04,-0.54,-0.849,0.849
43.349,asterisco,hacia_wp,0.0303,-0.0033,0.5793,48.5,-43.65,49.03,-44.18,52,-48,52,-42,535.96,-662.79,113.56,-0.00154,0.00497,2.26678,-659.1,670.6,-38.55,-136.71,-2.04,-0.52,-0.849,0.849
43.389,asterisco,hacia_wp,0.0288,-0.003,0.5505,46.1,-41.5,46.58,-41.98,49,-56,54,-54,540.28,-669.18,113.63,-0.00138,0.0052,2.26817,-668.6,679.3,-38.58,-136.74,-2.04,-0.5,-0.849,0.849
43.449,asterisco,hacia_wp,0.0291,-0.003,0.5505,46.13,-41.48,46.6,-41.95,61,-48,53,-52,550.27,-683.74,113.68,-0.00131,0.00493,2.26692,-677.9,687.9,-38.58,-136.74,-2.04,-0.5,-0.849,0.849
43.51,asterisco,hacia_wp,0.0282,-0.0027,0.5222,43.82,-39.31,44.25,-39.74,56,-45,44,-45,558.24,-695.44,113.71,-0.00099,0.00534,2.26552,-686.8,696.5,-38.58,-136.74,-2.06,-0.52,-0.849,0.849
43.549,asterisco,hacia_wp,0.0248,-0.0021,0.4692,39.35,-35.39,39.69,-35.73,51,-38,69,-46,562.04,-700.98,113.8,-0.00091,0.0054,2.26506,-695.2,704.3,-38.48,-136.64,-2.07,-0.54,-0.849,0.849
43.61,asterisco,hacia_wp,0.0239,-0.0021,0.4693,39.29,-35.46,39.62,-35.79,50,-41,37,-45,569.28,-711.25,113.85,-0.00125,0.00499,2.2676,-702.9,711.8,-38.53,-136.69,-2.09,-0.46,-0.849,0.849
43.649,asterisco,hacia_wp,0.0234,-0.0018,0.4452,37.35,-33.6,37.64,-33.89,39,-35,53,-44,574.82,-719.06,113.84,-0.00108,0.00563,2.26567,-709.9,718.5,-38.53,-136.69,-2.09,-0.46,-0.849,0.849
43.71,asterisco,hacia_wp,0.0232,-0.0014,0.4024,33.93,-30.23,34.15,-30.45,33,-25,40,-36,580.86,-727.62,114.02,-0.00161,0.00577,2.2616,-716.5,725.4,-38.61,-136.77,-2.07,-0.49,-0.849,0.849
43.75,asterisco,hacia_wp,0.0216,-0.0014,0.4025,33.81,-30.36,34.03,-30.58,38,-36,42,-29,583.71,-731.77,114.13,-0.00168,0.00604,2.2632,-722.5,731.6,-38.26,-136.42,-2.03,-0.47,-0.849,0.849
43.809,asterisco,hacia_wp,0.0208,-0.0012,0.3832,32.22,-28.9,32.41,-29.08,34,-33,36,-28,589.17,-739.71,114.1,-0.00139,0.0066,2.26674,-728.4,736.9,-38.26,-136.42,-2.03,-0.47,-0.849,0.849
43.849,asterisco,hacia_wp,0.0206,-0.001,0.3653,30.79,-27.5,30.95,-27.66,33,-34,28,-31,593.95,-745.97,114.16,-0.00215,0.00578,2.27016,-734.0,742.4,-38.43,-136.59,-1.99,-0.46,-0.849,0.849
43.889,asterisco,hacia_wp,0.0211,-0.0008,0.3478,29.45,-26.07,29.57,-26.2,23,-25,24,-22,596.54,-749.71,114.16,-0.00258,0.00692,2.27112,-739.0,748.1,-38.6,-136.76,-2.03,-0.43,-0.849,0.849
43.949,asterisco,hacia_wp,0.0229,-0.0004,0.3126,26.8,-23.15,26.87,-23.22,36,-31,38,-38,601.67,-757.45,114.36,-0.00203,0.00624,2.26285,-744.5,754.2,-38.69,-136.85,-2.02,-0.36,-0.849,0.849
44.009,asterisco,hacia_wp,0.0216,-0.0004,0.3127,26.71,-23.26,26.78,-23.33,25,-23,29,-28,606.29,-764.77,114.38,-0.00191,0.00626,2.26101,-750.4,759.5,-38.46,-136.62,-2.0,-0.41,-0.849,0.849
44.049,asterisco,hacia_wp,0.0192,-0.0004,0.3094,26.26,-23.19,26.32,-23.25,25,-31,25,-17,609.76,-770.68,114.34,-0.00211,0.0073,2.26767,-755.5,763.9,-38.17,-136.33,-2.0,-0.39,-0.849,0.849
44.089,asterisco,hacia_wp,0.0194,-0.0004,0.3094,26.27,-23.17,26.33,-23.23,48,-25,27,-14,611.62,-774.03,114.41,-0.00287,0.00711,2.26992,-760.7,767.6,-38.21,-136.37,-2.0,-0.34,-0.849,0.849
44.149,pausa,quieto,0.0,0.0,0.0,0,0,0,0,28,-19,17,-18,614.83,-779.52,114.5,-0.00155,0.00784,2.27117,-765.5,771.0,-38.67,-136.83,-2.0,-0.37,,
44.185,pausa,quieto,0.0,0.0,0.0,0,0,0,0,15,-8,20,-25,617.64,-783.52,114.55,-0.00225,0.0069,2.2691,-765.5,771.0,-38.67,-136.83,-2.0,-0.37,,
44.231,pausa,quieto,0.0,0.0,0.0,0,0,0,0,15,-8,20,-25,619.64,-785.75,114.49,-0.00155,0.00695,2.26736,-769.2,774.4,-38.56,-136.72,-2.0,-0.36,,
44.277,pausa,quieto,0.0,0.0,0.0,0,0,0,0,14,-13,16,-13,621.03,-786.63,114.48,-0.00124,0.00695,2.26914,-771.8,778.1,-38.48,-136.64,-2.04,-0.36,,
44.34,pausa,quieto,0.0,0.0,0.0,0,0,0,0,-4,1,-1,3,621.89,-786.18,114.44,-0.0022,0.00655,2.27033,-772.6,780.2,-38.53,-136.69,-2.05,-0.35,,
44.386,pausa,quieto,0.0,0.0,0.0,0,0,0,0,-4,1,-1,3,622.46,-786.04,114.5,-0.00198,0.00513,2.26748,-771.9,780.8,-38.6,-136.76,-2.04,-0.32,,
44.433,pausa,quieto,0.0,0.0,0.0,0,0,0,0,-8,-1,-1,-3,622.69,-785.83,114.5,-0.00207,0.00495,2.26745,-770.9,780.8,-38.57,-136.73,-2.04,-0.31,,
44.479,pausa,quieto,0.0,0.0,0.0,0,0,0,0,-8,-1,-1,-3,622.79,-785.76,114.51,-0.00213,0.00491,2.26736,-770.5,781.0,-38.57,-136.73,-2.04,-0.3,,
44.541,pausa,quieto,0.0,0.0,0.0,0,0,0,0,-1,13,-1,0,622.79,-785.76,114.49,-0.00216,0.00478,2.26737,-770.3,781.0,-38.57,-136.73,-2.04,-0.3,,
44.61,asterisco,hacia_wp,-0.0221,0.0184,-1.4595,-117.06,113.53,-120.0,116.47,-4,1,-2,0,622.67,-785.84,114.49,-0.00205,0.00488,2.26732,-770.2,780.8,-38.57,-136.73,-2.04,-0.3,0.0,0.0
44.649,asterisco,hacia_wp,-0.0225,0.0184,-1.4591,-117.06,113.46,-120.0,116.4,-21,21,-23,13,622.13,-785.44,114.32,-0.00057,0.00632,2.26593,-770.2,780.6,-38.58,-136.74,-2.04,-0.3,0.0,0.0
44.689,asterisco,hacia_wp,-0.0237,0.0184,-1.4579,-117.06,113.26,-120.0,116.2,-21,21,-23,13,620.41,-783.15,114.35,-0.00124,0.00805,2.26718,-770.1,780.3,-38.62,-136.78,-2.04,-0.54,0.0,0.0
44.75,asterisco,hacia_wp,-0.0239,0.0184,-1.4578,-117.06,113.24,-120.0,116.18,-133,85,-91,149,613.96,-773.15,114.17,0.00039,0.00849,2.27032,-768.4,778.4,-38.68,-136.84,-2.04,-0.44,0.0,0.0
44.809,asterisco,hacia_wp,-0.0267,0.0183,-1.4549,-117.06,112.78,-120.0,115.72,-127,107,-89,82,600.91,-751.52,114.04,-0.00035,0.00674,2.27383,-754.4,763.8,-38.72,-136.88,-2.04,-0.42,0.0,0.0
44.85,asterisco,hacia_wp,-0.035,0.0183,-1.4467,-117.07,111.48,-120.0,114.41,-127,107,-89,82,590.89,-734.84,114.07,-0.00044,0.00768,2.27521,-730.3,736.8,-38.95,-137.11,-2.09,-0.42,0.0,0.0
44.889,asterisco,hacia_wp,-0.0387,0.0183,-1.443,-117.07,110.89,-120.0,113.81,-133,94,-155,113,582.56,-720.6,113.97,-0.00071,0.00542,2.27562,-704.3,710.5,-39.1,-137.26,-2.03,-0.4,0.0,0.0
44.95,asterisco,hacia_wp,-0.0381,0.0183,-1.4436,-117.07,110.97,-120.0,113.9,-158,136,-133,120,559.25,-683.14,113.77,-0.00076,0.00554,2.28283,-651.9,659.6,-39.36,-137.52,-2.04,-0.4,0.0,0.0
44.989,asterisco,hacia_wp,-0.0505,0.0182,-1.4313,-117.08,109.0,-120.0,111.92,-158,136,-133,120,548.07,-666.3,113.77,-0.00168,0.0054,2.28637,-651.9,659.6,-39.67,-137.83,-2.04,-0.36,0.0,0.0
45.05,asterisco,hacia_wp,-0.0557,0.0182,-1.4261,-117.09,108.17,-120.0,111.09,-139,116,-141,122,524.22,-633.36,113.5,-0.00183,0.00348,2.29193,-600.0,607.9,-39.94,-138.1,-2.01,-0.32,0.0,0.0
45.109,asterisco,hacia_wp,-0.0619,0.0182,-1.42,-117.09,107.19,-120.0,110.1,-116,134,-122,130,500.27,-602.86,113.34,-0.00268,0.0045,2.29592,-600.0,607.9,-40.18,-138.34,-2.06,-0.32,0.0,0.0
45.149,asterisco,hacia_wp,-0.064,0.0182,-1.4178,-117.09,106.85,-120.0,109.76,-116,134,-122,130,481.24,-579.63,113.14,-0.0017,0.00547,2.298,-577.0,582.7,-40.34,-138.5,-2.03,-0.32,0.0,0.0
45.209,asterisco,hacia_wp,-0.0709,0.0181,-1.411,-117.1,105.75,-120.0,108.66,-93,105,-131,108,459.97,-553.43,112.85,-0.0011,0.00623,2.29985,-556.3,559.2,-40.44,-138.6,-2.03,-0.28,0.0,0.0
45.256,asterisco,hacia_wp,-0.0795,0.0181,-1.4024,-117.1,104.38,-120.0,107.27,-133,99,-96,104,446.64,-535.84,112.73,-0.00197,0.00629,2.30214,-519.8,517.6,-40.55,-138.71,-2.04,-0.28,0.0,0.0
45.289,asterisco,hacia_wp,-0.0821,0.0181,-1.3998,-117.11,103.97,-120.0,106.86,-118,111,-119,107,433.65,-517.9,112.46,-0.00241,0.00354,2.30514,-501.0,497.9,-40.55,-138.71,-2.04,-0.28,0.0,0.0
45.35,asterisco,hacia_wp,-0.0876,0.0181,-1.3943,-117.11,103.09,-120.0,105.98,-129,112,-113,112,413.99,-489.94,112.14,-0.00268,0.00608,2.30894,-480.7,478.3,-40.73,-138.89,-2.01,-0.3,0.0,0.0
45.41,asterisco,hacia_wp,-0.0912,0.018,-1.3908,-117.11,102.53,-120.0,105.42,-102,95,-94,119,393.8,-460.75,112.01,-0.00525,0.00437,2.31202,-459.8,458.2,-41.08,-139.24,-2.05,-0.09,0.0,0.0
45.449,asterisco,hacia_wp,-0.0921,0.0181,-1.3791,-116.24,101.51,-119.14,104.41,-97,99,-125,113,383.56,-446.07,111.77,-0.00551,0.00447,2.31349,-438.3,437.5,-41.23,-139.39,-2.0,0.07,0.0,0.0
45.49,asterisco,hacia_wp,-0.0957,0.0181,-1.3788,-116.51,101.19,-119.41,104.1,-130,96,-113,120,369.64,-426.44,111.62,-0.00726,0.00359,2.31618,-416.9,416.6,-41.23,-139.39,-2.0,0.07,0.0,0.0
45.549,asterisco,hacia_wp,-0.0943,0.0174,-1.3119,-111.1,96.01,-113.89,98.8,-99,95,-133,117,344.96,-392.94,111.31,-0.00797,0.00423,2.32013,-396.5,395.5,-41.4,-139.56,-1.99,0.11,0.0,0.0
45.61,asterisco,hacia_wp,-0.0903,0.016,-1.182,-100.49,86.05,-103.06,88.62,-121,90,-115,107,323.87,-365.09,110.99,-0.00911,0.00333,2.32307,-376.6,374.7,-41.7,-139.86,-1.93,0.26,0.0,0.0
45.65,asterisco,hacia_wp,-0.0912,0.0154,-1.1187,-95.56,80.97,-98.02,83.43,-121,90,-108,104,313.77,-351.64,110.79,-0.01028,0.00286,2.3246,-357.4,354.0,-41.89,-140.05,-1.88,0.28,0.0,0.0
45.711,asterisco,hacia_wp,-0.0949,0.0154,-1.1183,-95.83,80.64,-98.29,83.11,-103,107,-94,102,294.67,-326.24,110.34,-0.00983,0.00367,2.32654,-339.1,334.5,-42.0,-140.16,-1.86,0.27,0.0,0.0
45.75,asterisco,hacia_wp,-0.0942,0.0148,-1.0587,-91.05,75.98,-93.41,78.35,-94,89,-83,78,280.76,-307.12,109.98,-0.01011,0.00358,2.32757,-322.5,316.7,-42.0,-140.16,-1.86,0.27,0.0,0.0
45.791,asterisco,hacia_wp,-0.0932,0.0142,-1.0043,-86.66,71.75,-88.93,74.03,-88,82,-79,74,273.3,-296.48,109.75,-0.01074,0.00305,2.32789,-307.3,301.5,-42.09,-140.25,-1.86,0.25,0.0,0.0
45.851,asterisco,hacia_wp,-0.0864,0.0132,-0.9124,-78.85,65.02,-80.96,67.13,-80,66,-111,71,259.41,-276.6,109.41,-0.0111,0.00391,2.32905,-293.1,287.7,-42.22,-140.38,-1.79,0.3,0.0,0.0
45.91,asterisco,hacia_wp,-0.0869,0.0132,-0.9123,-78.88,64.98,-81.0,67.09,-78,67,-73,62,244.54,-254.16,109.34,-0.01614,-0.00414,2.33272,-279.3,274.3,-42.33,-140.49,-1.77,0.31,0.0,0.0
45.951,asterisco,hacia_wp,-0.08,0.0123,-0.8281,-71.67,58.87,-73.63,60.84,-83,65,-76,55,235.73,-241.28,108.99,-0.01259,0.00375,2.33484,-265.9,261.4,-42.33,-140.49,-1.77,0.31,0.0,0.0
45.991,asterisco,hacia_wp,-0.0821,0.0123,-0.8279,-71.82,58.68,-73.79,60.65,-85,64,-75,71,229.67,-231.97,108.95,-0.01558,-0.00247,2.33657,-252.4,248.8,-42.48,-140.64,-1.74,0.32,0.0,0.0
46.05,asterisco,hacia_wp,-0.0793,0.0118,-0.7869,-68.34,55.66,-70.24,57.55,-76,68,-67,59,214.89,-211.21,108.44,-0.01273,0.00377,2.3379,-239.6,236.4,-42.65,-140.81,-1.71,0.43,0.0,0.0
46.11,asterisco,hacia_wp,-0.0749,0.0114,-0.7472,-64.86,52.87,-66.68,54.69,-75,63,-87,54,203.03,-195.25,107.99,-0.01363,0.00543,2.33987,-227.6,224.3,-42.65,-140.81,-1.74,0.42,0.0,0.0
46.15,asterisco,hacia_wp,-0.0735,0.011,-0.709,-61.72,49.96,-63.48,51.72,-54,56,-66,53,197.27,-187.27,108.19,-0.01637,-0.00229,2.34324,-216.3,212.4,-42.81,-140.97,-1.73,0.47,0.0,0.0
46.211,asterisco,hacia_wp,-0.0727,0.0106,-0.6725,-58.77,47.14,-60.46,48.83,-75,58,-78,50,185.94,-172.89,107.6,-0.01408,0.0057,2.344,-205.8,200.9,-42.96,-141.12,-1.68,0.51,0.0,0.0
46.251,asterisco,hacia_wp,-0.0727,0.0102,-0.6375,-56.0,44.37,-57.64,46.0,-66,56,-67,65,177.56,-161.06,107.64,-0.01485,-0.00251,2.34823,-195.6,190.1,-43.12,-141.28,-1.69,0.48,0.0,0.0
46.31,asterisco,hacia_wp,-0.0712,0.0099,-0.6043,-53.25,41.86,-54.83,43.44,-53,50,-55,53,167.73,-148.28,106.91,-0.00857,0.01347,2.34734,-186.2,179.7,-43.2,-141.36,-1.68,0.52,0.0,0.0
46.35,asterisco,hacia_wp,-0.0702,0.0095,-0.573,-50.69,39.46,-52.22,40.98,-51,37,-53,51,162.44,-140.22,106.98,-0.01099,0.00753,2.34874,-177.3,170.3,-43.27,-141.43,-1.7,0.46,0.0,0.0
46.39,asterisco,hacia_wp,-0.0683,0.0092,-0.5442,-48.26,37.33,-49.74,38.81,-55,42,-47,31,157.01,-132.37,107.0,-0.01315,0.00695,2.34857,-177.3,170.3,-43.31,-141.47,-1.68,0.48,0.0,0.0
46.45,asterisco,hacia_wp,-0.0665,0.0089,-0.5168,-45.95,35.32,-47.38,36.74,-47,39,-51,41,149.12,-120.57,106.65,-0.00935,0.01425,2.35034,-168.3,162.1,-43.56,-141.72,-1.66,0.41,0.0,0.0
46.511,asterisco,hacia_wp,-0.0636,0.0086,-0.4911,-43.69,33.51,-45.07,34.89,-51,41,-41,38,142.44,-109.29,106.91,-0.01354,-0.00062,2.35367,-151.3,146.4,-43.7,-141.86,-1.67,0.32,0.0,0.0
46.551,asterisco,hacia_wp,-0.0593,0.0083,-0.4659,-41.35,31.87,-42.68,33.2,-45,30,-36,30,137.53,-102.4,106.73,-0.01419,-0.00098,2.35288,-151.3,146.4,-43.62,-141.78,-1.68,0.3,0.0,0.0
46.611,asterisco,hacia_wp,-0.0562,0.0081,-0.442,-39.21,30.22,-40.5,31.5,-38,32,-40,38,131.13,-94.14,106.5,-0.01132,0.00446,2.35288,-136.3,131.9,-43.62,-141.78,-1.68,0.3,0.0,0.0
46.65,asterisco,hacia_wp,-0.0532,0.0078,-0.4197,-37.2,28.7,-38.45,29.94,-35,33,-34,33,125.41,-86.87,106.62,-0.0136,0.00127,2.35366,-136.3,131.9,-43.59,-141.75,-1.65,0.32,0.0,0.0
46.71,asterisco,hacia_wp,-0.053,0.0076,-0.397,-35.4,26.91,-36.61,28.12,-40,28,-41,29,119.17,-77.87,106.23,-0.01077,0.00551,2.36044,-123.4,117.2,-43.69,-141.85,-1.68,0.23,0.0,0.0
46.751,asterisco,hacia_wp,-0.0546,0.0073,-0.3756,-33.83,25.1,-35.01,26.27,-28,27,-29,25,115.51,-72.47,106.3,-0.01292,0.00046,2.35935,-123.4,117.2,-44.09,-142.25,-1.63,0.2,0.0,0.0
46.81,asterisco,hacia_wp,-0.0522,0.0071,-0.355,-32.01,23.65,-33.15,24.79,-28,27,-29,25,111.11,-65.94,106.31,-0.0121,0.00074,2.35623,-116.9,110.6,-43.97,-142.13,-1.65,0.12,0.0,0.0
46.85,asterisco,hacia_wp,-0.0495,0.0069,-0.3374,-30.4,22.48,-31.51,23.58,-37,30,-32,16,106.86,-59.84,106.09,-0.00977,0.0053,2.35386,-111.3,104.9,-43.82,-141.98,-1.68,0.09,0.0,0.0
46.891,asterisco,hacia_wp,-0.0461,0.0067,-0.321,-28.83,21.46,-29.9,22.53,-33,14,-33,27,104.74,-56.55,106.1,-0.01232,0.00034,2.35555,-105.7,99.8,-43.77,-141.93,-1.68,0.09,0.0,0.0
46.95,asterisco,hacia_wp,-0.0444,0.0065,-0.3066,-27.55,20.45,-28.6,21.5,-29,20,-24,22,99.99,-49.6,105.95,-0.00992,0.00573,2.35919,-100.4,94.9,-43.92,-142.08,-1.68,0.1,0.0,0.0
47.01,asterisco,hacia_wp,-0.0456,0.0066,-0.3064,-27.63,20.34,-28.68,21.39,-31,14,-44,27,95.33,-41.77,105.95,-0.01047,0.00106,2.36349,-95.8,89.9,-44.22,-142.38,-1.66,0.04,0.0,0.0
47.05,pausa,quieto,0.0,0.0,0.0,0,0,0,0,-27,14,-33,22,92.55,-37.46,105.85,-0.00836,0.00513,2.3606,-85.3,80.3,-44.3,-142.46,-1.71,0.0,,
47.082,pausa,quieto,0.0,0.0,0.0,0,0,0,0,-35,16,-21,19,90.43,-33.64,105.85,-0.01029,0.00109,2.35934,-80.8,76.8,-44.3,-142.46,-1.71,0.0,,
47.129,pausa,quieto,0.0,0.0,0.0,0,0,0,0,-28,11,-11,13,88.59,-31.09,105.73,-0.00894,0.00514,2.35936,-77.3,74.0,-44.16,-142.32,-1.73,-0.03,,
47.191,pausa,quieto,0.0,0.0,0.0,0,0,0,0,-6,5,-14,7,87.59,-30.0,105.71,-0.00949,0.00479,2.3614,-75.7,72.3,-44.14,-142.3,-1.7,0.04,,
47.238,pausa,quieto,0.0,0.0,0.0,0,0,0,0,1,3,-6,5,87.23,-30.34,105.66,-0.00911,0.00462,2.36241,-75.9,71.8,-44.14,-142.3,-1.7,0.04,,
47.284,pausa,quieto,0.0,0.0,0.0,0,0,0,0,1,3,3,5,86.79,-30.73,105.64,-0.00911,0.00462,2.36248,-76.7,71.7,-44.27,-142.43,-1.7,0.05,,
47.33,pausa,quieto,0.0,0.0,0.0,0,0,0,0,-1,-2,2,1,86.5,-30.96,105.63,-0.00888,0.00497,2.36242,-76.7,71.7,-44.25,-142.41,-1.7,0.06,,
47.391,pausa,quieto,0.0,0.0,0.0,0,0,0,0,3,4,4,3,85.8,-31.59,105.59,-0.0086,0.00523,2.36216,-77.8,70.5,-44.26,-142.42,-1.7,0.06,,
47.438,pausa,quieto,0.0,0.0,0.0,0,0,0,0,6,5,-2,1,85.27,-32.08,105.6,-0.0088,0.00518,2.3622,-78.6,70.0,-44.26,-142.42,-1.7,0.06,,
47.51,asterisco,hacia_wp,0.8862,-0.0109,0.6029,118.25,23.54,120.0,21.79,5,2,4,3,84.84,-32.8,105.68,-0.01075,0.00053,2.36284,-79.4,69.5,-44.25,-142.41,-1.7,0.06,-1.2,0.0
47.551,asterisco,hacia_wp,0.8862,-0.0109,0.6029,118.25,23.54,120.0,21.79,7,-1,3,-3,83.71,-34.21,105.64,-0.01166,0.00046,2.36031,-80.2,69.1,-44.25,-142.41,-1.7,0.06,-1.2,0.0
47.59,asterisco,hacia_wp,0.8858,-0.0109,0.6033,118.25,23.47,120.0,21.73,119,16,69,2,81.66,-36.79,105.7,-0.01203,0.00101,2.35535,-85.0,68.5,-44.24,-142.4,-1.7,0.05,-1.2,0.0
47.651,asterisco,hacia_wp,0.8819,-0.0109,0.6072,118.25,22.86,120.0,21.11,125,32,120,22,74.31,-46.51,106.01,-0.01284,0.00571,2.34215,-103.6,67.1,-43.53,-141.69,-1.54,-0.05,-1.2,0.0
47.71,asterisco,hacia_wp,0.8758,-0.011,0.6132,118.25,21.88,120.0,20.13,111,43,87,30,63.7,-64.86,106.1,-0.01269,0.00109,2.33788,-130.2,63.7,-43.53,-141.69,-1.54,-0.05,-1.2,0.0
47.75,asterisco,hacia_wp,0.8649,-0.011,0.6241,118.24,20.15,120.0,18.39,109,43,94,36,57.08,-78.8,106.22,-0.01201,0.00438,2.34459,-156.3,58.8,-43.0,-141.16,-1.6,-0.0,-1.2,0.0
47.791,asterisco,hacia_wp,0.8622,-0.011,0.6268,118.24,19.72,120.0,17.96,119,19,170,39,52.78,-90.79,106.37,-0.01224,0.00427,2.35172,-182.7,54.5,-42.8,-140.96,-1.57,0.09,-1.2,0.0
47.85,asterisco,hacia_wp,0.8681,-0.011,0.6209,118.24,20.66,120.0,18.9,147,28,131,22,45.89,-117.72,106.66,-0.01519,-0.00163,2.3587,-210.0,52.0,-43.4,-141.56,-1.59,0.19,-1.2,0.0
47.91,asterisco,hacia_wp,0.8736,-0.011,0.6155,118.25,21.52,120.0,19.77,123,17,125,15,40.2,-151.61,107.1,-0.01505,-0.00103,2.35635,-236.9,51.9,-43.86,-142.02,-1.6,0.35,-1.2,0.0
47.95,asterisco,hacia_wp,0.8753,-0.011,0.6137,118.25,21.8,120.0,20.05,141,13,141,3,37.76,-170.96,107.13,-0.01381,0.00473,2.34937,-262.8,53.5,-43.91,-142.07,-1.59,0.47,-1.2,0.0
47.991,asterisco,hacia_wp,0.8755,-0.011,0.6136,118.25,21.82,120.0,20.07,103,11,134,3,36.24,-185.2,107.3,-0.0124,0.00645,2.34474,-262.8,53.5,-43.74,-141.9,-1.58,0.44,-1.2,0.0
48.05,asterisco,hacia_wp,0.8789,-0.0109,0.6102,118.25,22.37,120.0,20.62,103,11,134,3,32.46,-216.67,107.77,-0.01536,0.00142,2.34171,-287.8,56.1,-43.01,-141.17,-1.47,0.36,-1.2,0.0
48.11,asterisco,hacia_wp,0.8723,-0.011,0.6168,118.25,21.32,120.0,19.56,113,19,106,25,26.9,-241.78,108.04,-0.01469,0.00233,2.34358,-332.3,57.5,-43.05,-141.21,-1.46,0.27,-1.2,0.0
48.15,asterisco,hacia_wp,0.8743,-0.011,0.6147,118.25,21.64,120.0,19.89,113,19,106,25,23.25,-254.03,108.15,-0.01403,0.00246,2.34511,-332.3,57.5,-43.13,-141.29,-1.44,0.24,-1.2,0.0
48.21,asterisco,hacia_wp,0.8752,-0.011,0.6139,118.25,21.78,120.0,20.03,112,38,101,34,14.82,-278.62,108.39,-0.01407,0.0021,2.34888,-352.9,55.1,-43.26,-141.42,-1.47,0.26,-1.2,0.0
48.251,asterisco,hacia_wp,0.8729,-0.011,0.6162,118.25,21.41,120.0,19.66,109,25,120,29,7.73,-299.64,108.67,-0.0143,0.0008,2.34851,-373.6,51.3,-43.38,-141.54,-1.52,0.32,-1.2,0.0
48.31,asterisco,hacia_wp,0.8719,-0.011,0.6171,118.25,21.26,120.0,19.51,122,23,114,18,0.29,-325.95,108.84,-0.01196,-0.00018,2.34331,-395.3,47.3,-43.29,-141.45,-1.53,0.34,-1.2,0.0
48.351,asterisco,hacia_wp,0.8651,-0.011,0.6239,118.24,20.17,120.0,18.41,102,28,139,13,-2.93,-339.5,109.0,-0.01168,-0.00133,2.34082,-417.5,44.4,-42.99,-141.15,-1.67,0.35,-1.2,0.0
48.412,asterisco,hacia_wp,0.8648,-0.011,0.6242,118.24,20.12,120.0,18.37,108,12,121,22,-8.56,-366.96,109.19,-0.01096,-0.00213,2.34187,-463.7,41.9,-42.89,-141.05,-1.73,0.32,-1.2,0.0
48.45,asterisco,hacia_wp,0.8639,-0.011,0.6251,118.24,19.98,120.0,18.23,108,12,121,22,-12.01,-385.0,109.11,-0.00647,0.00577,2.34096,-463.7,41.9,-42.95,-141.11,-1.76,0.34,-1.2,0.0
48.511,asterisco,hacia_wp,0.8656,-0.011,0.6234,118.24,20.25,120.0,18.49,99,20,121,14,-17.3,-416.16,109.52,-0.00496,0.00182,2.33982,-509.3,41.6,-42.91,-141.07,-1.8,0.18,-1.2,0.0
48.551,asterisco,hacia_wp,0.8665,-0.011,0.6225,118.24,20.4,120.0,18.65,123,21,181,6,-19.85,-429.04,109.3,-0.00836,0.00167,2.34027,-531.3,41.2,-42.9,-141.06,-1.84,-0.08,-1.2,0.0
48.611,asterisco,hacia_wp,0.8676,-0.011,0.6214,118.24,20.58,120.0,18.82,112,25,109,16,-25.95,-454.78,109.36,-0.00389,0.00675,2.33474,-552.9,40.2,-42.77,-140.93,-1.74,0.17,-1.2,0.0
48.65,asterisco,hacia_wp,0.8663,-0.0109,0.6228,118.25,20.36,120.0,18.61,112,25,109,16,-31.04,-476.26,109.5,-0.0038,0.00695,2.33346,-552.9,40.2,-42.55,-140.71,-1.79,0.06,-1.2,0.0
48.711,asterisco,hacia_wp,0.8635,-0.0109,0.6257,118.26,19.89,120.0,18.15,115,22,106,16,-37.69,-502.41,109.59,-0.00325,0.00693,2.33555,-596.8,37.8,-42.52,-140.68,-1.83,0.05,-1.2,0.0
48.75,asterisco,hacia_wp,0.8651,-0.0108,0.6241,118.28,20.14,120.0,18.42,119,19,114,26,-41.08,-515.41,109.68,-0.00354,0.00631,2.33759,-596.8,37.8,-42.65,-140.81,-1.84,0.1,-1.2,0.0
48.811,asterisco,hacia_wp,0.8645,-0.0107,0.6248,118.29,20.03,120.0,18.32,119,19,114,26,-47.65,-541.75,109.82,-0.00319,0.00514,2.33498,-618.9,35.9,-42.74,-140.9,-1.89,0.16,-1.2,0.0
48.85,asterisco,hacia_wp,0.8653,-0.0106,0.6241,118.31,20.14,120.0,18.45,125,31,117,14,-52.96,-563.95,109.87,-0.00143,0.00507,2.32966,-641.1,34.1,-42.5,-140.66,-1.94,0.14,-1.2,0.0
48.891,asterisco,hacia_wp,0.8622,-0.0105,0.6273,118.32,19.63,120.0,17.95,99,29,119,11,-55.95,-577.25,109.92,-0.00151,0.00438,2.32787,-663.5,32.8,-42.22,-140.38,-2.0,0.1,-1.2,0.0
48.951,asterisco,hacia_wp,0.8582,-0.0104,0.6315,118.34,18.97,120.0,17.3,100,23,116,15,-61.99,-603.96,109.96,-0.00077,0.00375,2.32801,-686.1,31.7,-42.16,-140.32,-2.0,0.04,-1.2,0.0
49.01,asterisco,hacia_wp,0.8588,-0.0103,0.6309,118.36,19.05,120.0,17.41,140,10,122,18,-68.96,-634.59,109.99,-0.00124,0.00476,2.33211,-708.5,30.7,-42.31,-140.47,-1.99,0.05,-1.2,0.0
49.05,asterisco,hacia_wp,0.8472,-0.0099,0.6136,116.07,19.48,117.65,17.89,120,21,100,19,-73.06,-651.89,109.99,-0.00119,0.00486,2.33027,-730.7,29.7,-42.5,-140.66,-1.99,-0.02,-1.2,0.0
49.09,asterisco,hacia_wp,0.8074,-0.0093,0.5846,110.61,18.57,112.1,17.08,113,25,113,11,-76.14,-664.8,109.94,-0.00187,0.00634,2.32681,-752.7,28.4,-42.34,-140.5,-1.96,-0.06,-1.2,0.0
49.15,asterisco,hacia_wp,0.7272,-0.0081,0.5284,99.8,16.55,101.09,15.25,117,21,145,15,-82.25,-690.55,110.05,-0.00044,0.00685,2.32051,-796.7,26.0,-41.98,-140.14,-1.95,-0.13,-1.2,0.0
49.21,asterisco,hacia_wp,0.6856,-0.0075,0.5046,94.62,15.08,95.82,13.88,134,15,103,16,-88.91,-719.38,110.13,-0.00135,0.00766,2.31989,-818.0,24.7,-41.76,-139.92,-1.92,-0.14,-1.2,0.0
49.251,asterisco,hacia_wp,0.6472,-0.007,0.4807,89.67,13.88,90.79,12.77,100,16,96,23,-92.54,-734.34,110.2,-0.00249,0.0066,2.3241,-838.3,23.3,-41.76,-139.92,-1.92,-0.14,-1.2,0.0
49.29,asterisco,hacia_wp,0.6482,-0.007,0.4794,89.65,14.06,90.76,12.94,104,15,86,22,-95.14,-744.73,110.33,-0.00203,0.00671,2.32654,-856.3,21.4,-41.87,-140.03,-1.92,-0.1,-1.2,0.0
49.35,asterisco,hacia_wp,0.5876,-0.006,0.433,81.17,12.85,82.13,11.89,85,18,90,10,-99.98,-763.12,110.39,-0.00238,0.00635,2.323,-872.4,19.9,-42.17,-140.33,-1.91,-0.01,-1.2,0.0
49.41,asterisco,hacia_wp,0.5875,-0.006,0.4331,81.17,12.84,82.13,11.87,85,23,83,11,-104.93,-782.99,110.46,-0.00316,0.00635,2.31709,-887.0,19.1,-42.17,-140.33,-1.91,-0.01,-1.2,0.0
49.45,asterisco,hacia_wp,0.5335,-0.0053,0.3989,74.17,11.19,75.01,10.35,61,13,78,10,-107.64,-794.28,110.52,-0.00318,0.00618,2.31872,-901.0,18.0,-41.81,-139.97,-1.92,0.04,-1.2,0.0
49.491,asterisco,hacia_wp,0.5324,-0.0053,0.4003,74.2,10.99,75.04,10.15,69,9,91,18,-109.68,-802.88,110.54,-0.00344,0.00665,2.32274,-914.8,16.5,-41.66,-139.82,-1.9,0.07,-1.2,0.0
49.55,asterisco,hacia_wp,0.5086,-0.0049,0.3811,70.78,10.59,71.56,9.81,76,15,62,21,-115.28,-822.68,110.58,-0.00331,0.0073,2.32767,-929.2,14.7,-41.9,-140.06,-1.91,0.09,-1.2,0.0
49.611,asterisco,hacia_wp,0.4835,-0.0045,0.3608,67.19,10.17,67.9,9.46,64,17,67,21,-121.25,-838.89,110.61,-0.00364,0.00752,2.32687,-943.4,12.8,-42.32,-140.48,-1.87,0.06,-1.2,0.0
49.65,asterisco,hacia_wp,0.4572,-0.0041,0.3428,63.68,9.48,64.33,8.82,57,37,75,25,-124.48,-846.61,110.63,-0.0037,0.00813,2.32406,-957.6,10.1,-42.32,-140.48,-1.87,0.06,-1.2,0.0
49.71,asterisco,hacia_wp,0.4285,-0.0037,0.3278,60.21,8.35,60.8,7.76,73,17,66,20,-130.41,-861.42,110.61,-0.00348,0.00776,2.31906,-971.0,7.0,-42.24,-140.4,-1.85,0.05,-1.2,0.0
49.751,asterisco,hacia_wp,0.4,-0.0034,0.3157,56.99,7.02,57.53,6.48,62,15,54,15,-135.0,-873.0,110.65,-0.00351,0.00789,2.31934,-983.5,4.1,-42.02,-140.18,-1.87,0.04,-1.2,0.0
49.792,asterisco,hacia_wp,0.3734,-0.003,0.3041,53.96,5.79,54.44,5.3,51,15,55,17,-139.65,-883.43,110.64,-0.0045,0.00575,2.31471,-983.5,4.1,-41.81,-139.97,-1.84,0.0,-1.2,0.0
49.871,asterisco,hacia_wp,0.3493,-0.0027,0.2935,51.2,4.68,51.64,4.24,48,27,57,19,-145.86,-896.49,110.53,-0.00316,0.00612,2.31822,-1005.6,-1.1,-41.67,-139.83,-1.8,-0.04,-1.2,0.0
49.91,asterisco,hacia_wp,0.3276,-0.0025,0.2821,48.58,3.83,48.97,3.44,42,19,41,26,-148.65,-901.37,110.36,-0.00049,0.00733,2.31672,-1015.4,-4.3,-41.67,-139.83,-1.8,-0.04,-1.2,0.0
49.95,asterisco,hacia_wp,0.308,-0.0022,0.2718,46.21,3.07,46.56,2.72,45,20,36,26,-152.99,-909.38,110.34,0.00044,0.0074,2.31758,-1015.4,-4.3,-41.97,-140.13,-1.79,0.02,-1.2,0.0
49.991,asterisco,hacia_wp,0.2894,-0.002,0.2657,44.25,2.06,44.57,1.74,38,19,59,12,-155.44,-914.0,110.09,0.00448,0.00923,2.31627,-1031.3,-10.5,-41.95,-140.11,-1.8,-0.01,-1.2,0.0
50.05,asterisco,hacia_wp,0.2712,-0.0018,0.2604,42.38,1.0,42.67,0.72,47,18,46,16,-160.57,-924.05,110.42,2e-05,0.00769,2.31554,-1031.3,-10.5,-41.83,-139.99,-1.79,0.01,-1.2,0.0
50.11,asterisco,hacia_wp,0.2535,-0.0016,0.2525,40.35,0.21,40.61,-0.05,40,18,42,16,-166.28,-935.33,110.46,-0.00096,0.00668,2.31578,-1048.5,-15.7,-41.83,-139.99,-1.79,0.01,-1.2,0.0
50.151,asterisco,hacia_wp,0.2348,-0.0013,0.2443,38.22,-0.65,38.44,-0.87,42,22,42,39,-168.79,-939.89,110.42,-0.00092,0.00307,2.31488,-1057.2,-18.3,-41.89,-140.05,-1.75,0.06,-1.2,0.0
50.211,asterisco,hacia_wp,0.2162,-0.0011,0.2362,36.11,-1.51,36.29,-1.69,42,20,34,17,-173.56,-948.57,110.36,-0.00044,0.00342,2.31445,-1065.1,-20.9,-41.89,-140.05,-1.75,0.06,-1.2,0.0
50.251,asterisco,hacia_wp,0.202,-0.001,0.2337,34.78,-2.46,34.94,-2.62,36,18,37,18,-177.39,-955.34,110.45,-0.00029,0.00235,2.31265,-1065.1,-20.9,-41.8,-139.96,-1.8,0.05,-1.2,0.0
50.312,asterisco,hacia_wp,0.1947,-0.001,0.2399,34.68,-3.54,34.84,-3.7,33,17,34,17,-181.95,-962.43,110.4,9e-05,0.00246,2.31411,-1079.6,-26.3,-41.76,-139.92,-1.84,0.07,-1.2,0.0
50.35,asterisco,hacia_wp,0.1873,-0.001,0.2457,34.56,-4.59,34.72,-4.75,29,17,28,17,-184.06,-965.4,110.12,0.00393,0.00291,2.31381,-1085.9,-29.1,-41.81,-139.97,-1.83,0.09,-1.2,0.0
50.41,pausa,quieto,0.0,0.0,0.0,0,0,0,0,34,18,25,20,-188.27,-972.17,110.5,-0.00083,0.00257,2.31551,-1085.9,-29.1,-41.84,-140.0,-1.8,0.12,,
50.43,pausa,quieto,0.0,0.0,0.0,0,0,0,0,34,18,25,20,-189.66,-974.45,110.41,-0.00049,0.00135,2.31588,-1091.5,-31.7,-41.84,-140.0,-1.8,0.12,,
50.491,pausa,quieto,0.0,0.0,0.0,0,0,0,0,11,16,21,16,-195.27,-980.84,110.13,0.00422,0.00273,2.31409,-1097.2,-34.6,-41.87,-140.03,-1.85,0.12,,
50.539,pausa,quieto,0.0,0.0,0.0,0,0,0,0,11,16,21,16,-197.49,-982.7,110.08,0.00409,0.00187,2.31411,-1102.7,-37.5,-41.87,-140.03,-1.83,0.13,,
50.585,pausa,quieto,0.0,0.0,0.0,0,0,0,0,22,13,15,9,-199.66,-984.81,110.24,0.00407,0.00542,2.31573,-1106.0,-40.4,-41.84,-140.0,-1.83,0.12,,
50.631,pausa,quieto,0.0,0.0,0.0,0,0,0,0,9,14,9,16,-201.57,-986.23,110.08,0.00416,0.00223,2.31389,-1108.2,-42.5,-41.85,-140.01,-1.84,0.13,,
50.677,pausa,quieto,0.0,0.0,0.0,0,0,0,0,11,9,13,13,-202.83,-987.24,110.07,0.00458,0.00266,2.31405,-1109.9,-44.4,-41.85,-140.01,-1.85,0.13,,
50.74,pausa,quieto,0.0,0.0,0.0,0,0,0,0,6,4,9,5,-204.07,-988.29,110.14,0.00401,0.00254,2.3141,-1111.5,-46.0,-41.84,-140.0,-1.85,0.13,,
50.789,pausa,quieto,0.0,0.0,0.0,0,0,0,0,5,5,5,3,-204.67,-988.97,110.48,-0.00042,0.00184,2.31399,-1112.9,-46.9,-41.85,-140.01,-1.84,0.15,,
50.851,asterisco,hacia_wp,-0.8366,0.0153,-0.6481,-117.55,-16.31,-120.0,-13.86,5,1,5,1,-204.75,-989.05,110.47,-0.00038,0.00202,2.31401,-1113.8,-47.4,-41.85,-140.01,-1.84,0.16,0.0,0.0
50.891,asterisco,hacia_wp,-0.8366,0.0153,-0.6481,-117.55,-16.31,-120.0,-13.86,-33,-5,-26,-5,-204.5,-988.21,109.96,0.00525,0.00142,2.31249,-1114.1,-47.5,-41.85,-140.01,-1.84,0.16,0.0,0.0
50.95,asterisco,hacia_wp,-0.8365,0.0153,-0.6482,-117.55,-16.29,-120.0,-13.84,-33,-5,-26,-5,-201.17,-982.73,109.83,0.00635,0.00312,2.31044,-1114.1,-47.3,-41.76,-139.92,-1.88,0.04,0.0,0.0
51.01,asterisco,hacia_wp,-0.8351,0.0153,-0.6496,-117.55,-16.07,-120.0,-13.61,-156,-19,-128,-24,-194.75,-970.76,110.05,0.00498,0.00606,2.3143,-1090.9,-45.8,-41.76,-139.92,-1.85,0.02,0.0,0.0
51.051,asterisco,hacia_wp,-0.8364,0.0153,-0.6483,-117.55,-16.27,-120.0,-13.82,-84,-25,-112,-16,-191.02,-962.41,110.32,0.00017,0.00215,2.31639,-1064.1,-44.2,-41.87,-140.03,-1.82,0.07,0.0,0.0
51.11,asterisco,hacia_wp,-0.8413,0.0153,-0.6433,-117.55,-17.07,-120.0,-14.62,-113,-22,-114,-27,-183.27,-940.4,110.42,0.00071,0.00576,2.32819,-1064.1,-44.2,-42.27,-140.43,-1.83,0.12,0.0,0.0
51.151,asterisco,hacia_wp,-0.8403,0.0153,-0.6444,-117.55,-16.89,-120.0,-14.44,-113,-22,-114,-27,-177.19,-917.03,110.14,0.00365,0.01098,2.33686,-1037.9,-41.6,-42.8,-140.96,-1.85,0.17,0.0,0.0
51.192,asterisco,hacia_wp,-0.8505,0.0153,-0.6342,-117.55,-18.53,-120.0,-16.09,-138,-5,-197,-26,-173.41,-896.73,110.29,-5e-05,0.0096,2.33676,-1011.3,-39.5,-43.1,-141.26,-1.8,0.27,0.0,0.0
51.251,asterisco,hacia_wp,-0.8485,0.0153,-0.6362,-117.55,-18.21,-120.0,-15.76,-138,-5,-197,-26,-169.69,-870.2,110.33,-0.00075,0.00858,2.33284,-983.2,-38.5,-42.94,-141.1,-1.75,0.18,0.0,0.0
51.311,asterisco,hacia_wp,-0.8474,0.0153,-0.6373,-117.55,-18.02,-120.0,-15.58,-119,-11,-130,-9,-165.47,-839.85,110.28,-0.00276,0.00735,2.33705,-955.0,-38.5,-42.79,-140.95,-1.78,0.25,0.0,0.0
51.35,asterisco,hacia_wp,-0.8512,0.0153,-0.6335,-117.55,-18.64,-120.0,-16.19,-119,-11,-130,-9,-162.16,-817.03,110.4,-0.0056,0.00617,2.34185,-928.1,-39.3,-42.96,-141.12,-1.82,0.25,0.0,0.0
51.39,asterisco,hacia_wp,-0.8531,0.0153,-0.6317,-117.55,-18.93,-120.0,-16.49,-131,-12,-129,-12,-159.83,-804.3,110.33,-0.00551,0.00681,2.34681,-903.2,-40.5,-43.35,-141.51,-1.76,0.27,0.0,0.0
51.45,asterisco,hacia_wp,-0.8638,0.0153,-0.6209,-117.56,-20.65,-120.0,-18.21,-101,-19,-110,-22,-154.67,-780.61,110.19,-0.00481,0.00667,2.35112,-861.2,-40.2,-43.68,-141.84,-1.76,0.24,0.0,0.0
51.51,asterisco,hacia_wp,-0.8642,0.0153,-0.6206,-117.56,-20.71,-120.0,-18.27,-99,-20,-78,-24,-148.16,-757.51,109.99,-0.00386,0.00804,2.35191,-842.1,-38.4,-43.81,-141.97,-1.79,0.18,0.0,0.0
51.55,asterisco,hacia_wp,-0.8649,0.0153,-0.6198,-117.56,-20.83,-120.0,-18.39,-99,-20,-78,-24,-142.48,-737.28,109.98,-0.00229,0.00816,2.35025,-842.1,-38.4,-43.8,-141.96,-1.77,0.12,0.0,0.0
51.591,asterisco,hacia_wp,-0.8634,0.0153,-0.6214,-117.56,-20.58,-120.0,-18.14,-133,-24,-95,-28,-139.18,-724.46,109.9,-0.0024,0.00789,2.35069,-822.5,-35.8,-43.76,-141.92,-1.79,0.12,0.0,0.0
51.651,asterisco,hacia_wp,-0.8636,0.0153,-0.6212,-117.56,-20.61,-120.0,-18.17,-123,-18,-113,-21,-132.9,-697.22,109.88,-0.0025,0.0066,2.35563,-778.7,-31.9,-43.92,-142.08,-1.79,0.16,0.0,0.0
51.71,asterisco,hacia_wp,-0.863,0.0153,-0.6218,-117.56,-20.51,-120.0,-18.07,-123,-18,-113,-21,-126.18,-664.4,109.83,-0.00497,-0.00036,2.36173,-778.7,-31.9,-44.14,-142.3,-1.86,0.15,0.0,0.0
51.75,asterisco,hacia_wp,-0.8686,0.0152,-0.6161,-117.56,-21.42,-120.0,-18.98,-137,-15,-106,-16,-123.34,-645.54,109.7,-0.00175,0.00507,2.36199,-754.6,-31.1,-44.33,-142.49,-1.89,0.29,0.0,0.0
51.79,asterisco,hacia_wp,-0.8707,0.0152,-0.6141,-117.56,-21.75,-120.0,-19.31,-130,-15,-122,-13,-120.37,-627.3,109.62,-0.00105,0.00486,2.36201,-707.1,-31.0,-44.34,-142.5,-1.92,0.27,0.0,0.0
51.852,asterisco,hacia_wp,-0.8723,0.0152,-0.6125,-117.56,-22.01,-120.0,-19.57,-124,-8,-137,-18,-115.71,-600.83,109.65,-0.00147,0.00414,2.3632,-684.7,-31.3,-44.36,-142.52,-1.95,0.34,0.0,0.0
51.911,asterisco,hacia_wp,-0.8726,0.0152,-0.6122,-117.56,-22.05,-120.0,-19.61,-106,-22,-139,-13,-110.37,-575.35,109.54,-0.00205,0.00546,2.36905,-663.2,-31.0,-44.36,-142.52,-1.95,0.34,0.0,0.0
51.95,asterisco,hacia_wp,-0.8749,0.0153,-0.6098,-117.55,-22.43,-120.0,-19.98,-92,-23,-102,-12,-106.97,-562.9,109.67,-0.00444,-0.00053,2.3738,-642.0,-30.6,-44.74,-142.9,-1.87,0.34,0.0,0.0
52.01,asterisco,hacia_wp,-0.8791,0.0153,-0.6056,-117.55,-23.1,-120.0,-20.65,-116,-28,-126,-30,-100.64,-537.22,109.52,-0.00473,0.00021,2.37863,-620.5,-29.4,-44.74,-142.9,-1.87,0.34,0.0,0.0
52.05,asterisco,hacia_wp,-0.8845,0.0154,-0.6001,-117.54,-23.99,-120.0,-21.53,-138,-28,-158,-18,-95.8,-515.22,109.53,-0.00511,0.00132,2.37662,-598.6,-27.6,-45.16,-143.32,-1.83,0.35,0.0,0.0
52.091,asterisco,hacia_wp,-0.8851,0.0155,-0.5994,-117.53,-24.1,-120.0,-21.62,-123,-13,-101,-28,-92.92,-501.77,109.34,-0.00544,0.00055,2.37465,-576.6,-26.3,-45.28,-143.44,-1.79,0.34,0.0,0.0
52.15,asterisco,hacia_wp,-0.8828,0.0156,-0.6016,-117.5,-23.75,-120.0,-21.25,-120,-20,-102,-17,-87.13,-474.77,109.29,-0.00613,-0.00022,2.37758,-554.1,-25.6,-45.08,-143.24,-1.73,0.35,0.0,0.0
52.21,asterisco,hacia_wp,-0.8824,0.0157,-0.602,-117.5,-23.69,-120.0,-21.18,-106,-30,-163,-24,-81.03,-447.56,109.12,-0.00734,0.00058,2.38111,-531.4,-24.9,-45.08,-143.24,-1.73,0.35,0.0,0.0
52.25,asterisco,hacia_wp,-0.8858,0.0159,-0.5983,-117.46,-24.27,-120.0,-21.73,-131,-23,-120,-22,-76.43,-425.05,109.05,-0.00778,0.00013,2.38301,-508.7,-24.0,-45.29,-143.45,-1.76,0.45,0.0,0.0
52.31,asterisco,hacia_wp,-0.8876,0.0159,-0.5965,-117.46,-24.55,-120.0,-22.02,-99,-22,-112,-23,-70.93,-398.51,109.02,-0.00894,0.00041,2.38712,-486.3,-23.4,-45.42,-143.58,-1.73,0.49,0.0,0.0
52.35,asterisco,hacia_wp,-0.8896,0.016,-0.5944,-117.44,-24.89,-120.0,-22.33,-116,-23,-107,-26,-68.08,-385.36,108.91,-0.00926,0.00052,2.39072,-464.1,-22.9,-45.52,-143.68,-1.67,0.58,0.0,0.0
52.409,asterisco,hacia_wp,-0.8625,0.0156,-0.5696,-113.33,-24.68,-115.82,-22.19,-132,-26,-117,-26,-61.86,-354.51,108.54,-0.00883,0.00722,2.39483,-442.4,-21.9,-45.76,-143.92,-1.63,0.6,0.0,0.0
52.45,asterisco,hacia_wp,-0.8252,0.0149,-0.5382,-107.88,-24.16,-110.27,-21.77,-132,-26,-117,-26,-58.33,-336.83,108.58,-0.01196,0.00272,2.39513,-442.4,-21.9,-46.07,-144.23,-1.57,0.64,0.0,0.0
52.51,asterisco,hacia_wp,-0.7852,0.0143,-0.5098,-102.45,-23.18,-104.75,-20.88,-98,-22,-116,-15,-54.38,-314.74,108.31,-0.01103,0.00715,2.39431,-420.3,-20.9,-46.17,-144.33,-1.4,0.69,0.0,0.0
52.55,asterisco,hacia_wp,-0.7445,0.0137,-0.482,-97.02,-22.1,-99.22,-19.9,-98,-22,-116,-15,-49.82,-293.63,107.99,-0.01162,0.00814,2.39632,-398.2,-20.4,-46.15,-144.31,-1.36,0.73,0.0,0.0
52.61,asterisco,hacia_wp,-0.7057,0.0131,-0.4529,-91.64,-21.28,-93.74,-19.17,-104,-27,-109,-21,-43.89,-270.23,107.7,-0.01242,0.00745,2.40026,-355.9,-19.0,-46.3,-144.46,-1.34,0.75,0.0,0.0
52.651,asterisco,hacia_wp,-0.6687,0.0126,-0.4259,-86.57,-20.43,-88.58,-18.42,-84,-25,-93,-27,-40.97,-259.49,107.8,-0.01485,0.00368,2.40115,-336.8,-17.6,-46.47,-144.63,-1.29,0.72,0.0,0.0
52.69,asterisco,hacia_wp,-0.6325,0.0121,-0.4035,-81.92,-19.28,-83.85,-17.35,-97,-19,-131,-16,-36.78,-242.85,107.68,-0.01568,0.00241,2.40069,-336.8,-17.6,-46.48,-144.64,-1.29,0.81,0.0,0.0
52.75,asterisco,hacia_wp,-0.5996,0.0116,-0.385,-77.84,-18.1,-79.7,-16.24,-97,-19,-131,-16,-32.5,-224.87,107.5,-0.01426,0.00318,2.40278,-319.9,-15.8,-46.52,-144.68,-1.28,0.8,0.0,0.0
52.81,asterisco,hacia_wp,-0.5707,0.0112,-0.3667,-74.1,-17.21,-75.89,-15.42,-79,-23,-90,-11,-28.97,-208.27,107.25,-0.01422,0.00262,2.40762,-290.8,-14.6,-46.74,-144.9,-1.31,0.76,0.0,0.0
52.85,asterisco,hacia_wp,-0.5478,0.0108,-0.3455,-70.6,-17.05,-72.33,-15.32,-79,-23,-90,-11,-27.44,-200.02,107.18,-0.01432,0.0015,2.40749,-290.8,-14.6,-46.91,-145.07,-1.3,0.78,0.0,0.0
52.911,asterisco,hacia_wp,-0.5233,0.0104,-0.3285,-67.31,-16.42,-68.98,-14.75,-90,-14,-78,-18,-24.79,-183.98,106.73,-0.01259,0.0098,2.4049,-264.3,-14.5,-46.87,-145.03,-1.3,0.79,0.0,0.0
52.95,asterisco,hacia_wp,-0.4994,0.0101,-0.312,-64.1,-15.8,-65.72,-14.19,-90,-14,-78,-18,-22.48,-170.47,106.55,-0.01237,0.0105,2.40579,-264.3,-14.5,-46.86,-145.02,-1.32,0.84,0.0,0.0
52.99,asterisco,hacia_wp,-0.475,0.0097,-0.295,-60.82,-15.18,-62.38,-13.62,-80,-12,-65,-15,-20.97,-162.5,106.45,-0.01277,0.00959,2.40727,-250.9,-14.5,-46.96,-145.12,-1.3,0.79,0.0,0.0
53.051,asterisco,hacia_wp,-0.452,0.0094,-0.2762,-57.51,-14.81,-59.0,-13.32,-54,-20,-59,-15,-17.62,-147.51,106.31,-0.01154,0.01066,2.4094,-237.7,-14.5,-47.1,-145.26,-1.31,0.73,0.0,0.0
53.11,asterisco,hacia_wp,-0.4287,0.009,-0.2604,-54.4,-14.19,-55.84,-12.74,-59,-19,-55,-10,-14.13,-134.32,106.15,-0.01144,0.01069,2.41365,-225.0,-14.0,-47.18,-145.34,-1.31,0.7,0.0,0.0
53.15,asterisco,hacia_wp,-0.4068,0.0087,-0.2446,-51.42,-13.67,-52.81,-12.29,-59,-19,-55,-10,-11.38,-124.49,106.05,-0.01055,0.01508,2.41615,-213.0,-13.0,-47.5,-145.66,-1.3,0.7,0.0,0.0
53.191,asterisco,hacia_wp,-0.3865,0.0084,-0.2328,-48.87,-12.96,-50.21,-11.62,-52,-15,-55,-15,-9.71,-118.98,106.55,-0.01506,0.00599,2.41513,-202.4,-12.2,-47.54,-145.7,-1.17,0.68,0.0,0.0
53.25,asterisco,hacia_wp,-0.3666,0.0082,-0.225,-46.68,-11.98,-47.99,-10.67,-55,-5,-35,-17,-6.77,-108.59,106.34,-0.01349,0.00355,2.40881,-193.1,-11.0,-47.22,-145.38,-1.18,0.61,0.0,0.0
53.311,asterisco,hacia_wp,-0.3503,0.008,-0.217,-44.75,-11.3,-46.02,-10.02,-60,-3,-41,-24,-3.22,-96.02,106.11,-0.01211,0.00382,2.40844,-185.0,-9.7,-46.97,-145.13,-1.34,0.55,0.0,0.0
53.35,asterisco,hacia_wp,-0.3327,0.0077,-0.2081,-42.64,-10.58,-43.88,-9.35,-50,-9,-44,-15,-0.81,-88.74,106.03,-0.01185,0.00358,2.41131,-176.2,-8.9,-47.09,-145.25,-1.33,0.51,0.0,0.0
53.39,asterisco,hacia_wp,-0.3152,0.0075,-0.1973,-40.4,-10.03,-41.6,-8.83,-50,-20,-43,-19,1.17,-83.42,105.99,-0.01182,0.00435,2.4128,-167.0,-8.4,-47.27,-145.43,-1.31,0.49,0.0,0.0
53.45,asterisco,hacia_wp,-0.2965,0.0072,-0.1861,-38.03,-9.41,-39.19,-8.25,-39,-18,-44,-16,6.55,-71.7,105.85,-0.0113,0.004,2.41725,-157.2,-7.2,-47.44,-145.6,-1.26,0.49,0.0,0.0
53.51,asterisco,hacia_wp,-0.2781,0.007,-0.1772,-35.86,-8.63,-36.98,-7.51,-45,-25,-44,-21,10.77,-62.62,105.81,-0.01101,0.00506,2.42021,-148.1,-5.3,-47.6,-145.76,-1.31,0.44,0.0,0.0
53.55,asterisco,hacia_wp,-0.2606,0.0068,-0.1695,-33.87,-7.83,-34.96,-6.75,-29,-17,-49,-16,12.82,-58.39,105.81,-0.0106,0.00596,2.42142,-139.8,-3.0,-47.75,-145.91,-1.29,0.4,0.0,0.0
53.61,asterisco,hacia_wp,-0.2562,0.0068,-0.1726,-33.76,-7.23,-34.85,-6.15,-37,-18,-41,-22,16.69,-50.58,105.72,-0.01109,0.00528,2.41804,-132.3,-0.7,-47.77,-145.93,-1.28,0.38,0.0,0.0
53.65,asterisco,hacia_wp,-0.2534,0.0068,-0.1767,-33.86,-6.68,-34.95,-5.6,-9,-16,-27,-25,20.17,-44.83,105.69,-0.01031,0.00556,2.41772,-125.1,1.4,-47.63,-145.79,-1.28,0.37,0.0,0.0
53.69,pausa,quieto,0.0,0.0,0.0,0,0,0,0,-29,-18,-26,-18,22.15,-41.59,105.65,-0.00949,0.00777,2.41765,-113.0,6.0,-47.64,-145.8,-1.31,0.34,,
53.737,pausa,quieto,0.0,0.0,0.0,0,0,0,0,-32,-24,-33,-23,26.36,-35.68,105.62,-0.00967,0.0042,2.42067,-107.2,8.6,-47.73,-145.89,-1.34,0.36,,
53.785,pausa,quieto,0.0,0.0,0.0,0,0,0,0,-25,-20,-13,-19,29.33,-32.16,105.55,-0.0094,0.00432,2.41942,-102.4,11.1,-47.73,-145.89,-1.34,0.36,,
53.832,pausa,quieto,0.0,0.0,0.0,0,0,0,0,-11,-16,-16,-13,31.92,-29.48,105.5,-0.0093,0.00472,2.42023,-102.4,11.1,-47.74,-145.9,-1.37,0.33,,
53.879,pausa,quieto,0.0,0.0,0.0,0,0,0,0,-5,-13,-12,-16,33.18,-28.08,105.48,-0.00949,0.00469,2.41986,-97.2,15.8,-47.74,-145.9,-1.37,0.33,,
53.941,pausa,quieto,0.0,0.0,0.0,0,0,0,0,-10,-9,-13,-12,35.65,-25.51,105.48,-0.00944,0.00476,2.4201,-97.2,15.8,-47.76,-145.92,-1.35,0.32,,
53.987,pausa,quieto,0.0,0.0,0.0,0,0,0,0,-9,-11,-7,-7,36.97,-24.14,105.44,-0.0093,0.00459,2.42037,-92.9,18.0,-47.76,-145.92,-1.35,0.32,,
54.034,pausa,quieto,0.0,0.0,0.0,0,0,0,0,-6,-8,-4,-7,37.88,-23.27,105.44,-0.00912,0.00476,2.42077,-92.9,18.0,-47.79,-145.95,-1.36,0.34,,
54.081,pausa,quieto,0.0,0.0,0.0,0,0,0,0,-2,-2,-1,-4,38.28,-22.94,105.44,-0.00908,0.00442,2.42131,-91.3,18.7,-47.79,-145.95,-1.36,0.34,,
54.15,asterisco,hacia_wp,1.1842,-0.0033,-0.3125,69.46,120.0,70.0,119.47,7,-3,-5,2,38.35,-23.05,105.44,-0.009,0.00445,2.42255,-90.3,19.5,-47.86,-146.02,-1.38,0.34,-0.849,-0.849
54.21,asterisco,hacia_wp,1.1834,-0.0033,-0.3133,69.34,120.0,69.87,119.47,4,3,-3,5,36.39,-24.94,105.56,-0.01192,0.00466,2.42556,-90.7,19.3,-47.9,-146.06,-1.37,0.34,-0.849,-0.849
54.251,asterisco,hacia_wp,1.1828,-0.0033,-0.3138,69.25,120.0,69.78,119.47,33,92,33,30,32.87,-28.43,105.6,-0.01151,0.00573,2.42815,-94.0,15.1,-48.09,-146.25,-1.2,0.33,-0.849,-0.849
54.31,asterisco,hacia_wp,1.1809,-0.0033,-0.3158,68.94,120.0,69.46,119.48,77,162,44,132,20.17,-41.09,105.53,-0.01123,0.00555,2.43573,-106.9,-1.9,-48.42,-146.58,-1.2,0.33,-0.849,-0.849
54.351,asterisco,hacia_wp,1.1752,-0.0032,-0.3216,68.04,120.0,68.55,119.49,82,90,78,126,3.89,-56.8,105.69,-0.01177,0.00557,2.43555,-127.0,-25.6,-48.42,-146.58,-1.2,0.33,-0.849,-0.849
54.39,asterisco,hacia_wp,1.1676,-0.0031,-0.3294,66.81,120.0,67.3,119.51,93,106,112,116,-8.08,-67.91,105.74,-0.01183,0.00507,2.43328,-150.9,-47.7,-48.72,-146.88,-1.12,0.29,-0.849,-0.849
54.45,asterisco,hacia_wp,1.1653,-0.003,-0.3317,66.45,120.0,66.93,119.52,101,150,126,150,-36.26,-90.92,105.95,-0.01001,0.00744,2.42226,-175.5,-69.9,-48.22,-146.38,-1.28,0.51,-0.849,-0.849
54.51,asterisco,hacia_wp,1.1723,-0.0031,-0.3246,67.56,120.0,68.06,119.5,80,150,93,142,-66.88,-111.67,106.11,-0.00894,0.0079,2.41852,-199.0,-92.9,-48.22,-146.38,-1.28,0.51,-0.849,-0.849
54.552,asterisco,hacia_wp,1.1769,-0.0032,-0.3199,68.3,120.0,68.81,119.49,83,127,73,115,-91.86,-125.61,106.22,-0.01044,0.00511,2.42367,-218.9,-116.8,-47.79,-145.95,-1.3,0.5,-0.849,-0.849
54.591,asterisco,hacia_wp,1.1778,-0.0032,-0.319,68.45,120.0,68.96,119.48,65,124,54,115,-106.3,-132.54,106.37,-0.01037,0.0049,2.42729,-235.0,-140.0,-47.77,-145.93,-1.3,0.57,-0.849,-0.849
54.652,asterisco,hacia_wp,1.1795,-0.0033,-0.3172,68.72,120.0,69.24,119.48,50,109,42,135,-133.11,-144.71,106.4,-0.01033,0.00666,2.42842,-248.2,-161.0,-48.3,-146.46,-1.31,0.65,-0.849,-0.849
54.71,asterisco,hacia_wp,1.1757,-0.0032,-0.3211,68.12,120.0,68.63,119.49,44,117,59,115,-161.47,-159.3,106.5,-0.01196,0.00591,2.41988,-260.3,-178.9,-48.3,-146.46,-1.31,0.65,-0.849,-0.849
54.75,asterisco,hacia_wp,1.1834,-0.0033,-0.3132,69.35,120.0,69.88,119.47,59,113,66,116,-176.9,-169.25,106.61,-0.0116,0.00513,2.41931,-274.0,-195.3,-48.02,-146.18,-1.25,0.64,-0.849,-0.849
54.791,asterisco,hacia_wp,1.19,-0.0034,-0.3065,70.4,120.0,70.95,119.45,59,113,66,116,-188.79,-177.57,106.55,-0.01113,0.0077,2.41955,-274.0,-195.3,-47.68,-145.84,-1.21,0.73,-0.849,-0.849
54.851,asterisco,hacia_wp,1.1891,-0.0034,-0.3075,70.26,120.0,70.81,119.45,78,125,79,105,-213.45,-195.9,106.86,-0.01064,0.00682,2.41892,-307.6,-229.5,-47.68,-145.84,-1.21,0.73,-0.849,-0.849
54.91,asterisco,hacia_wp,1.1868,-0.0034,-0.3098,69.89,120.0,70.43,119.46,62,111,88,112,-240.08,-215.19,106.85,-0.00986,0.00728,2.41839,-326.2,-248.3,-47.68,-145.84,-1.27,0.69,-0.849,-0.849
54.95,asterisco,hacia_wp,1.1848,-0.0033,-0.3119,69.56,120.0,70.1,119.46,86,128,86,147,-263.36,-231.03,106.56,-0.00621,0.01526,2.41464,-326.2,-248.3,-47.68,-145.84,-1.27,0.69,-0.849,-0.849
54.99,asterisco,hacia_wp,1.1869,-0.0034,-0.3097,69.9,120.0,70.44,119.46,72,123,60,124,-277.48,-239.75,106.65,-0.00589,0.01583,2.41451,-363.6,-288.3,-47.46,-145.62,-1.28,0.55,-0.849,-0.849
55.052,asterisco,hacia_wp,1.1859,-0.0034,-0.3107,69.74,120.0,70.28,119.46,47,131,101,139,-305.19,-256.12,106.82,-0.00578,0.01636,2.41449,-380.3,-308.9,-47.46,-145.62,-1.28,0.55,-0.849,-0.849
55.11,asterisco,hacia_wp,1.1849,-0.0033,-0.3118,69.58,120.0,70.11,119.46,68,131,78,123,-336.34,-273.4,106.88,-0.00459,0.01792,2.41654,-396.1,-329.1,-47.59,-145.75,-1.31,0.55,-0.849,-0.849
55.151,asterisco,hacia_wp,1.1868,-0.0034,-0.3098,69.89,120.0,70.43,119.46,43,114,64,112,-353.51,-283.13,106.85,-0.00412,0.01828,2.41484,-411.2,-348.7,-47.59,-145.75,-1.31,0.55,-0.849,-0.849
55.191,asterisco,hacia_wp,1.1924,-0.0035,-0.3041,70.79,120.0,71.35,119.45,51,115,82,103,-366.22,-290.61,106.94,-0.00438,0.01896,2.41213,-411.2,-348.7,-47.39,-145.55,-1.29,0.42,-0.849,-0.849
55.251,asterisco,hacia_wp,1.1934,-0.0034,-0.3032,70.95,120.0,71.49,119.46,73,114,69,129,-395.75,-309.02,106.99,-0.00347,0.01891,2.41373,-426.4,-367.0,-47.39,-145.55,-1.29,0.42,-0.849,-0.849
55.311,asterisco,hacia_wp,1.193,-0.0033,-0.3038,70.87,120.0,71.4,119.48,70,129,71,115,-421.74,-326.36,107.03,-0.00074,0.0186,2.41325,-458.9,-404.0,-47.43,-145.59,-1.34,0.35,-0.849,-0.849
55.352,asterisco,hacia_wp,1.1939,-0.0032,-0.303,71.02,120.0,71.53,119.49,78,113,77,96,-439.38,-338.27,107.04,0.00038,0.01822,2.41377,-476.9,-422.9,-47.37,-145.53,-1.45,0.36,-0.849,-0.849
55.41,asterisco,hacia_wp,1.1913,-0.003,-0.3057,70.61,120.0,71.09,119.52,92,125,79,126,-461.9,-353.24,107.02,0.00193,0.02075,2.41377,-476.9,-422.9,-47.42,-145.58,-1.52,0.33,-0.849,-0.849
55.451,asterisco,hacia_wp,1.1654,-0.0028,-0.3015,68.89,117.58,69.34,117.13,92,125,79,126,-484.18,-367.93,107.18,0.00269,0.01888,2.4151,-495.2,-442.3,-47.46,-145.62,-1.54,0.25,-0.849,-0.849
55.49,asterisco,hacia_wp,1.1063,-0.0024,-0.291,65.03,111.98,65.42,111.59,62,136,78,125,-497.68,-376.38,107.25,0.0025,0.01874,2.41434,-513.6,-461.8,-47.53,-145.69,-1.54,0.2,-0.849,-0.849
55.551,asterisco,hacia_wp,1.0495,-0.0022,-0.2749,61.79,106.12,62.14,105.78,70,125,70,137,-524.19,-392.68,107.37,0.00248,0.01929,2.41217,-548.1,-501.1,-47.44,-145.6,-1.56,0.16,-0.849,-0.849
55.611,asterisco,hacia_wp,0.9936,-0.0019,-0.2602,58.53,100.45,58.83,100.15,65,120,53,123,-549.68,-407.41,107.19,0.00605,0.01939,2.40964,-548.1,-501.1,-47.42,-145.58,-1.56,0.13,-0.849,-0.849
55.652,asterisco,hacia_wp,0.9403,-0.0016,-0.2451,55.49,94.96,55.75,94.69,50,119,57,113,-569.31,-418.98,107.14,0.00615,0.01733,2.40743,-578.4,-538.1,-47.41,-145.57,-1.53,0.08,-0.849,-0.849
55.69,asterisco,hacia_wp,0.8914,-0.0014,-0.2283,52.93,89.69,53.16,89.46,50,119,57,113,-580.14,-425.58,107.2,0.00634,0.01772,2.40642,-578.4,-538.1,-47.3,-145.46,-1.54,0.06,-0.849,-0.849
55.751,asterisco,hacia_wp,0.8453,-0.0012,-0.2153,50.3,84.95,50.5,84.75,47,110,52,104,-599.97,-438.18,107.24,0.00679,0.01916,2.40557,-592.0,-554.6,-47.3,-145.46,-1.57,-0.02,-0.849,-0.849
55.81,asterisco,hacia_wp,0.8031,-0.001,-0.2044,47.82,80.68,47.98,80.52,63,84,57,65,-620.66,-451.53,107.3,0.006,0.01943,2.40112,-604.8,-569.4,-47.2,-145.36,-1.47,0.02,-0.849,-0.849
55.851,asterisco,hacia_wp,0.7651,-0.0009,-0.1911,45.85,76.57,45.98,76.43,39,97,54,86,-631.81,-458.55,107.3,0.00664,0.01985,2.40144,-616.7,-582.7,-47.01,-145.17,-1.44,-0.02,-0.849,-0.849
55.91,asterisco,hacia_wp,0.7288,-0.0007,-0.1823,43.66,72.94,43.77,72.83,44,76,40,79,-645.49,-467.0,107.3,0.00643,0.02103,2.40432,-627.8,-595.2,-47.1,-145.26,-1.44,-0.08,-0.849,-0.849
55.95,asterisco,hacia_wp,0.6936,-0.0005,-0.1742,41.51,69.47,41.59,69.39,49,72,47,77,-659.24,-475.22,107.37,0.00607,0.02091,2.40461,-638.3,-607.5,-47.2,-145.36,-1.44,-0.08,-0.849,-0.849
56.01,asterisco,hacia_wp,0.6259,-0.0002,-0.1552,37.64,62.5,37.67,62.47,33,68,36,68,-675.41,-485.36,107.43,0.00497,0.02159,2.40194,-657.9,-632.1,-47.19,-145.35,-1.4,-0.06,-0.849,-0.849
56.051,asterisco,hacia_wp,0.5923,0.0,-0.1467,35.65,59.12,35.65,59.12,39,81,54,75,-683.06,-490.29,107.44,0.00526,0.02099,2.40335,-668.1,-643.8,-47.08,-145.24,-1.35,-0.08,-0.849,-0.849
56.11,asterisco,hacia_wp,0.5606,0.0001,-0.1371,33.89,55.81,33.86,55.83,41,67,39,79,-697.29,-499.84,107.49,0.00616,0.02214,2.40313,-677.7,-655.0,-47.17,-145.33,-1.39,-0.12,-0.849,-0.849
56.152,asterisco,hacia_wp,0.5604,0.0002,-0.138,33.8,55.86,33.78,55.88,32,74,44,56,-707.83,-506.99,107.55,0.0057,0.02171,2.40068,-687.0,-665.2,-47.1,-145.26,-1.39,-0.15,-0.849,-0.849
56.192,asterisco,hacia_wp,0.5044,0.0004,-0.1251,30.38,50.33,30.31,50.4,39,62,43,55,-713.53,-510.97,107.53,0.00548,0.02116,2.40134,-695.2,-673.8,-47.04,-145.2,-1.38,-0.16,-0.849,-0.849
56.271,asterisco,hacia_wp,0.481,0.0006,-0.1197,28.94,48.01,28.85,48.1,34,46,41,49,-727.67,-519.77,107.61,0.00776,0.02452,2.40136,-702.6,-681.6,-47.03,-145.19,-1.38,-0.17,-0.849,-0.849
56.312,asterisco,hacia_wp,0.481,0.0006,-0.1197,28.95,48.01,28.86,48.1,27,53,28,48,-735.66,-524.96,107.66,0.00521,0.02211,2.40598,-709.4,-689.0,-47.03,-145.19,-1.38,-0.17,-0.849,-0.849
56.352,asterisco,hacia_wp,0.4585,0.0007,-0.1174,27.34,46.01,27.23,46.12,24,49,19,54,-742.46,-528.67,107.74,0.00596,0.02188,2.40694,-709.4,-689.0,-47.36,-145.52,-1.35,-0.11,-0.849,-0.849
56.391,asterisco,hacia_wp,0.4376,0.0008,-0.1107,26.22,43.81,26.09,43.94,24,51,32,37,-747.6,-531.57,107.75,0.00529,0.02181,2.40451,-715.5,-696.7,-47.33,-145.49,-1.37,-0.13,-0.849,-0.849
56.452,asterisco,hacia_wp,0.4182,0.0009,-0.1011,25.43,41.48,25.3,41.61,56,52,30,44,-757.99,-537.78,107.8,0.00577,0.02179,2.39752,-727.2,-711.7,-46.98,-145.14,-1.36,-0.12,-0.849,-0.849
56.491,asterisco,hacia_wp,0.3978,0.0009,-0.0947,24.33,39.32,24.18,39.47,23,31,18,54,-766.34,-543.27,107.95,0.00516,0.0221,2.39929,-727.2,-711.7,-46.85,-145.01,-1.35,-0.14,-0.849,-0.849
56.551,asterisco,hacia_wp,0.3754,0.0011,-0.0916,22.79,37.28,22.62,37.45,34,41,29,47,-776.04,-549.69,107.94,0.00552,0.02109,2.40261,-740.5,-726.8,-47.07,-145.23,-1.38,-0.1,-0.849,-0.849
56.591,asterisco,hacia_wp,0.3536,0.0012,-0.0858,21.52,35.05,21.33,35.24,29,39,30,40,-780.64,-552.56,107.97,0.00555,0.02173,2.40176,-740.5,-726.8,-47.13,-145.29,-1.41,-0.12,-0.849,-0.849
56.632,asterisco,hacia_wp,0.3332,0.0013,-0.081,20.28,33.03,20.08,33.24,29,39,30,40,-787.31,-557.17,107.98,0.00508,0.02098,2.4038,-746.7,-733.8,-47.18,-145.34,-1.37,-0.09,-0.849,-0.849
56.712,asterisco,hacia_wp,0.3144,0.0014,-0.0779,19.04,31.27,18.81,31.5,19,33,24,34,-796.53,-563.27,107.98,0.00558,0.02048,2.40224,-757.7,-745.0,-47.24,-145.4,-1.39,-0.09,-0.849,-0.849
56.751,asterisco,hacia_wp,0.3013,0.0015,-0.075,18.22,29.99,17.99,30.23,19,33,24,34,-800.6,-565.58,107.97,0.00706,0.02066,2.40097,-757.7,-745.0,-47.14,-145.3,-1.41,-0.09,-0.849,-0.849
56.791,asterisco,hacia_wp,0.3011,0.0015,-0.0759,18.14,30.04,17.9,30.28,18,27,11,27,-803.46,-567.67,108.05,0.00458,0.02032,2.40208,-762.1,-749.3,-47.12,-145.28,-1.39,-0.05,-0.849,-0.849
56.831,asterisco,hacia_wp,0.3012,0.0015,-0.0757,18.16,30.03,17.92,30.27,18,27,11,27,-808.48,-570.58,108.09,0.0046,0.02019,2.40167,-765.7,-753.6,-47.14,-145.3,-1.39,-0.03,-0.849,-0.849
56.911,asterisco,hacia_wp,0.3014,0.0015,-0.0748,18.25,29.98,18.01,30.21,15,31,17,29,-817.32,-575.21,108.08,0.0065,0.02044,2.40312,-769.2,-758.0,-47.06,-145.22,-1.38,-0.02,-0.849,-0.849
56.952,pausa,quieto,0.0,0.0,0.0,0,0,0,0,15,31,17,29,-820.55,-577.46,108.18,0.00405,0.02053,2.40623,-772.6,-762.5,-47.24,-145.4,-1.36,-0.01,,
56.983,pausa,quieto,0.0,0.0,0.0,0,0,0,0,21,24,16,25,-826.26,-580.87,108.04,0.00656,0.01973,2.4052,-776.4,-767.6,-47.4,-145.56,-1.33,0.03,,
57.03,pausa,quieto,0.0,0.0,0.0,0,0,0,0,20,31,17,35,-829.04,-583.19,108.14,0.00502,0.01922,2.40517,-780.8,-772.5,-47.4,-145.56,-1.33,0.03,,
57.077,pausa,quieto,0.0,0.0,0.0,0,0,0,0,17,18,15,15,-832.45,-586.45,108.06,0.00703,0.01807,2.40504,-785.3,-776.1,-47.27,-145.43,-1.39,0.03,,
57.139,pausa,quieto,0.0,0.0,0.0,0,0,0,0,15,15,15,13,-834.76,-589.06,108.15,0.00562,0.01896,2.40608,-788.8,-778.0,-47.31,-145.47,-1.42,0.06,,
57.185,pausa,quieto,0.0,0.0,0.0,0,0,0,0,6,10,10,5,-835.63,-590.0,108.2,0.00507,0.01867,2.40601,-791.3,-779.4,-47.31,-145.47,-1.42,0.06,,
57.231,pausa,quieto,0.0,0.0,0.0,0,0,0,0,7,5,10,9,-837.22,-591.59,108.22,0.00448,0.01913,2.40603,-793.0,-780.7,-47.31,-145.47,-1.41,0.06,,
57.277,pausa,quieto,0.0,0.0,0.0,0,0,0,0,2,5,4,8,-837.97,-592.02,108.16,0.00644,0.0183,2.40477,-794.3,-781.4,-47.3,-145.46,-1.4,0.07,,
57.339,pausa,quieto,0.0,0.0,0.0,0,0,0,0,7,2,0,-2,-838.79,-592.83,108.17,0.00638,0.01784,2.40506,-795.3,-782.1,-47.32,-145.48,-1.38,0.1,,
57.41,asterisco,hacia_wp,-1.2678,0.01,0.2222,-82.85,-120.0,-84.45,-118.4,-2,6,3,5,-839.55,-593.64,108.14,0.00584,0.01803,2.4057,-796.1,-782.5,-47.32,-145.48,-1.37,0.12,0.0,0.0
57.451,asterisco,hacia_wp,-1.2679,0.01,0.2221,-82.86,-120.0,-84.46,-118.4,-3,5,3,2,-839.64,-593.81,107.92,0.00769,0.01782,2.40505,-796.9,-782.9,-47.33,-145.49,-1.36,0.14,0.0,0.0
57.491,asterisco,hacia_wp,-1.2681,0.01,0.2219,-82.89,-120.0,-84.49,-118.4,-14,-16,-21,-36,-837.52,-591.92,107.88,0.0094,0.0169,2.40517,-797.5,-783.3,-47.33,-145.49,-1.52,0.04,0.0,0.0
57.551,asterisco,hacia_wp,-1.2663,0.01,0.2237,-82.61,-120.0,-84.2,-118.41,-58,-139,-110,-167,-826.44,-582.21,107.98,0.00801,0.01882,2.40575,-795.9,-781.7,-47.42,-145.58,-1.46,0.02,0.0,0.0
57.591,asterisco,hacia_wp,-1.268,0.01,0.222,-82.88,-120.0,-84.48,-118.4,-91,-170,-89,-136,-811.25,-567.43,107.86,0.00955,0.02026,2.40069,-760.2,-744.4,-47.26,-145.42,-1.45,-0.05,0.0,0.0
57.651,asterisco,hacia_wp,-1.2692,0.01,0.2208,-83.07,-120.0,-84.67,-118.4,-110,-93,-80,-127,-786.71,-544.29,107.78,0.007,0.02144,2.39769,-733.9,-721.0,-47.03,-145.19,-1.46,-0.09,0.0,0.0
57.691,asterisco,hacia_wp,-1.2709,0.01,0.219,-83.35,-120.0,-84.96,-118.39,-122,-125,-83,-115,-772.33,-531.37,107.75,0.0067,0.02084,2.39776,-707.1,-698.1,-46.84,-145.0,-1.42,-0.12,0.0,0.0
57.732,asterisco,hacia_wp,-1.2746,0.0101,0.2153,-83.93,-120.0,-85.55,-118.38,-92,-129,-102,-152,-746.27,-509.94,107.86,0.00495,0.02145,2.39902,-679.9,-675.1,-46.84,-145.0,-1.42,-0.12,0.0,0.0
57.811,asterisco,hacia_wp,-1.2691,0.01,0.2209,-83.05,-120.0,-84.66,-118.4,-91,-152,-129,-148,-704.35,-479.69,107.61,0.00462,0.02126,2.40389,-655.1,-651.7,-47.02,-145.18,-1.27,-0.06,0.0,0.0
57.852,asterisco,hacia_wp,-1.2687,0.01,0.2213,-82.99,-120.0,-84.59,-118.4,-89,-140,-84,-127,-685.1,-467.12,107.52,0.00535,0.02134,2.40772,-633.9,-628.7,-47.24,-145.4,-1.3,0.01,0.0,0.0
57.891,asterisco,hacia_wp,-1.2671,0.01,0.2229,-82.74,-120.0,-84.33,-118.41,-72,-134,-101,-143,-667.58,-455.89,107.5,0.00619,0.02097,2.4085,-616.3,-608.3,-47.44,-145.6,-1.28,0.03,0.0,0.0
57.951,asterisco,hacia_wp,-1.2633,0.0099,0.2268,-82.13,-120.0,-83.71,-118.42,-69,-115,-68,-111,-643.94,-440.02,107.43,0.006,0.02058,2.40631,-601.0,-590.2,-47.42,-145.58,-1.3,0.06,0.0,0.0
58.011,asterisco,hacia_wp,-1.2676,0.01,0.2224,-82.81,-120.0,-84.41,-118.4,-80,-117,-69,-105,-621.42,-423.58,107.35,0.00615,0.0195,2.40788,-585.6,-573.9,-47.33,-145.49,-1.34,0.11,0.0,0.0
58.05,asterisco,hacia_wp,-1.2691,0.01,0.2209,-83.06,-120.0,-84.66,-118.4,-79,-107,-70,-97,-609.81,-414.61,107.23,0.00785,0.01939,2.40917,-569.3,-558.0,-47.41,-145.57,-1.39,0.11,0.0,0.0
58.092,asterisco,hacia_wp,-1.2663,0.01,0.2237,-82.61,-120.0,-84.2,-118.41,-76,-119,-77,-106,-589.23,-398.26,107.21,0.00707,0.01862,2.41284,-550.9,-541.2,-47.56,-145.72,-1.42,0.14,0.0,0.0
58.152,asterisco,hacia_wp,-1.2635,0.0099,0.2266,-82.16,-120.0,-83.74,-118.42,-101,-116,-90,-122,-562.22,-376.95,107.21,0.00605,0.02149,2.41573,-530.3,-523.1,-47.72,-145.88,-1.43,0.12,0.0,0.0
58.192,asterisco,hacia_wp,-1.2566,0.0098,0.2337,-81.05,-120.0,-82.61,-118.44,-96,-152,-110,-119,-543.18,-362.48,107.36,0.00283,0.02322,2.42008,-508.6,-503.3,-47.86,-146.02,-1.4,0.2,0.0,0.0
58.252,asterisco,hacia_wp,-1.2526,0.0097,0.2377,-80.41,-120.0,-81.96,-118.45,-97,-129,-69,-133,-519.24,-344.49,107.15,0.00135,0.02086,2.42019,-486.8,-483.0,-47.88,-146.04,-1.37,0.22,0.0,0.0
58.291,asterisco,hacia_wp,-1.2513,0.0097,0.2391,-80.2,-120.0,-81.75,-118.45,-73,-142,-77,-137,-495.86,-327.38,107.13,-0.00093,0.0205,2.42103,-465.7,-462.9,-47.88,-146.04,-1.32,0.33,0.0,0.0
58.352,asterisco,hacia_wp,-1.2513,0.0097,0.2391,-80.2,-120.0,-81.75,-118.45,-77,-123,-76,-124,-469.32,-308.38,107.01,-0.00201,0.02071,2.42319,-446.3,-443.3,-47.88,-146.04,-1.32,0.33,0.0,0.0
58.391,asterisco,hacia_wp,-1.2503,0.0099,0.2398,-80.05,-120.0,-81.63,-118.42,-65,-111,-101,-80,-456.61,-299.44,106.94,-0.00237,0.02115,2.42474,-428.1,-424.9,-47.96,-146.12,-1.28,0.42,0.0,0.0
58.452,asterisco,hacia_wp,-1.2485,0.01,0.2415,-79.76,-120.0,-81.36,-118.4,-94,-131,-73,-94,-432.21,-282.11,106.81,-0.00281,0.01902,2.42596,-411.0,-407.2,-48.18,-146.34,-1.2,0.52,0.0,0.0
58.512,asterisco,hacia_wp,-1.247,0.01,0.243,-79.52,-120.0,-81.12,-118.41,-89,-110,-84,-112,-403.88,-261.13,106.78,-0.00417,0.01881,2.42586,-394.3,-389.6,-48.18,-146.34,-1.2,0.52,0.0,0.0
58.551,asterisco,hacia_wp,-1.2162,0.0099,0.2353,-77.69,-116.91,-79.27,-115.33,-87,-111,-72,-115,-387.31,-248.35,106.78,-0.00474,0.01907,2.42685,-376.3,-371.8,-48.18,-146.34,-1.19,0.58,0.0,0.0
58.592,asterisco,hacia_wp,-1.1608,0.0095,0.2243,-74.16,-111.57,-75.69,-110.04,-78,-120,-91,-127,-374.45,-238.44,106.71,-0.00524,0.01782,2.42897,-357.3,-354.0,-48.17,-146.33,-1.18,0.65,0.0,0.0
58.632,asterisco,hacia_wp,-1.1031,0.0092,0.2172,-70.14,-106.36,-71.61,-104.89,-94,-116,-80,-102,-352.77,-221.42,106.62,-0.00485,0.01989,2.43157,-357.3,-354.0,-48.29,-146.45,-1.17,0.68,0.0,0.0
58.714,asterisco,hacia_wp,-1.0428,0.0088,0.2109,-65.86,-101.0,-67.26,-99.59,-82,-124,-78,-103,-318.06,-195.46,106.52,-0.00649,0.01706,2.43202,-317.9,-316.8,-48.46,-146.62,-1.16,0.73,0.0,0.0
58.751,asterisco,hacia_wp,-0.9828,0.0084,0.2006,-61.9,-95.35,-63.25,-94.0,-76,-95,-62,-130,-305.81,-186.63,106.28,-0.0067,0.0172,2.4332,-299.5,-298.0,-48.53,-146.69,-1.14,0.75,0.0,0.0
58.792,asterisco,hacia_wp,-0.9249,0.0081,0.1911,-58.06,-89.93,-59.35,-88.64,-69,-118,-58,-95,-286.93,-173.06,106.15,-0.00794,0.01823,2.43512,-283.2,-281.1,-48.71,-146.87,-1.07,0.66,0.0,0.0
58.851,asterisco,hacia_wp,-0.8734,0.0078,0.1808,-54.78,-84.96,-56.03,-83.71,-58,-90,-59,-72,-267.2,-159.14,106.0,-0.00772,0.01871,2.43559,-283.2,-281.1,-48.79,-146.95,-1.02,0.61,0.0,0.0
58.891,asterisco,hacia_wp,-0.8268,0.0076,0.1703,-51.91,-80.37,-53.12,-79.16,-58,-90,-59,-72,-252.95,-149.16,105.92,-0.00739,0.01937,2.43506,-268.3,-265.8,-48.8,-146.96,-1.0,0.6,0.0,0.0
58.951,asterisco,hacia_wp,-0.787,0.0074,0.1606,-49.52,-76.4,-50.7,-75.22,-46,-79,-44,-75,-242.64,-141.7,105.93,-0.00701,0.0213,2.43467,-255.8,-252.4,-48.8,-146.96,-0.98,0.56,0.0,0.0
58.992,asterisco,hacia_wp,-0.7526,0.0072,0.1522,-47.45,-72.95,-48.6,-71.81,-31,-81,-43,-67,-229.96,-132.82,105.81,-0.00676,0.01981,2.43558,-244.9,-240.8,-48.81,-146.97,-0.98,0.53,0.0,0.0
59.051,asterisco,hacia_wp,-0.7197,0.007,0.1453,-45.39,-69.76,-46.51,-68.64,-31,-81,-43,-67,-215.0,-121.73,105.63,-0.00707,0.01909,2.43568,-234.3,-230.2,-48.84,-147.0,-0.98,0.49,0.0,0.0
59.092,asterisco,hacia_wp,-0.6865,0.0068,0.1383,-43.32,-66.53,-44.41,-65.44,-43,-64,-47,-74,-202.44,-111.89,105.65,-0.00702,0.01827,2.43515,-223.8,-219.3,-48.86,-147.02,-1.0,0.49,0.0,0.0
59.152,asterisco,hacia_wp,-0.6529,0.0066,0.1311,-41.21,-63.25,-42.27,-62.19,-51,-73,-46,-67,-192.09,-104.12,105.55,-0.00658,0.01855,2.43574,-201.2,-197.7,-48.84,-147.0,-1.04,0.56,0.0,0.0
59.191,asterisco,hacia_wp,-0.6176,0.0064,0.1263,-38.8,-60.02,-39.82,-59.0,-41,-71,-60,-62,-179.44,-94.65,105.43,-0.00692,0.01806,2.43786,-201.2,-197.7,-48.95,-147.11,-1.01,0.45,0.0,0.0
59.251,asterisco,hacia_wp,-0.5825,0.0062,0.1205,-36.46,-56.74,-37.46,-55.75,-48,-65,-34,-70,-165.49,-84.26,105.45,-0.00658,0.01809,2.4392,-178.8,-176.4,-49.03,-147.19,-1.04,0.46,0.0,0.0
59.291,asterisco,hacia_wp,-0.5496,0.006,0.1153,-34.27,-53.67,-35.23,-52.71,-48,-65,-34,-70,-159.03,-79.41,105.38,-0.00627,0.01819,2.44041,-178.8,-176.4,-49.12,-147.28,-1.05,0.49,0.0,0.0
59.331,asterisco,hacia_wp,-0.5202,0.0059,0.1085,-32.47,-50.77,-33.41,-49.83,-36,-60,-46,-52,-149.29,-71.8,105.32,-0.00611,0.01827,2.44217,-169.4,-166.8,-49.26,-147.42,-1.03,0.43,0.0,0.0
59.411,asterisco,hacia_wp,-0.4937,0.0057,0.1042,-30.71,-48.29,-31.62,-47.37,-29,-46,-17,-53,-135.28,-62.37,105.27,-0.00616,0.0178,2.44014,-160.7,-158.5,-49.21,-147.37,-1.07,0.56,0.0,0.0
59.452,asterisco,hacia_wp,-0.4693,0.0056,0.099,-29.17,-45.91,-30.06,-45.02,-33,-38,-20,-46,-127.11,-57.37,105.11,-0.00509,0.0165,2.43972,-152.6,-150.9,-49.13,-147.29,-1.07,0.51,0.0,0.0
59.491,asterisco,hacia_wp,-0.4484,0.0055,0.0919,-28.08,-43.66,-28.96,-42.79,-24,-44,-25,-41,-122.39,-54.17,105.12,-0.00493,0.01627,2.43937,-146.3,-143.3,-49.08,-147.24,-1.15,0.56,0.0,0.0
59.551,asterisco,hacia_wp,-0.4293,0.0054,0.0856,-27.06,-41.63,-27.93,-40.76,-24,-44,-25,-41,-113.35,-47.63,105.12,-0.00513,0.01549,2.43875,-140.7,-136.3,-49.07,-147.23,-1.17,0.56,0.0,0.0
59.591,asterisco,hacia_wp,-0.4093,0.0053,0.0822,-25.74,-39.74,-26.59,-38.9,-23,-36,-18,-40,-108.8,-44.23,104.98,-0.00462,0.01559,2.44213,-134.1,-130.0,-49.12,-147.28,-1.2,0.56,0.0,0.0
59.631,asterisco,hacia_wp,-0.3898,0.0052,0.078,-24.53,-37.84,-25.36,-37.01,-21,-42,-31,-37,-101.28,-37.99,105.01,-0.00427,0.01612,2.44733,-127.8,-123.7,-49.5,-147.66,-1.16,0.52,0.0,0.0
59.713,asterisco,hacia_wp,-0.3687,0.005,0.0772,-22.92,-36.08,-23.72,-35.27,-35,-40,-16,-48,-90.02,-28.55,104.87,-0.0043,0.01412,2.44051,-113.0,-111.4,-49.43,-147.59,-1.19,0.54,0.0,0.0
59.752,asterisco,hacia_wp,-0.3471,0.0049,0.0727,-21.56,-33.98,-22.35,-33.2,-35,-40,-16,-48,-84.79,-24.47,104.89,-0.00379,0.01481,2.44051,-113.0,-111.4,-49.12,-147.28,-1.26,0.6,0.0,0.0
59.791,asterisco,hacia_wp,-0.3265,0.0048,0.0677,-20.32,-31.92,-21.09,-31.15,-26,-36,-25,-37,-81.02,-21.67,104.87,-0.00404,0.01503,2.44401,-106.4,-104.5,-49.27,-147.43,-1.25,0.54,0.0,0.0
59.851,asterisco,hacia_wp,-0.3091,0.0047,0.0651,-19.15,-30.31,-19.9,-29.56,-19,-40,-24,-27,-72.57,-15.84,104.78,-0.00411,0.01396,2.44914,-100.8,-99.1,-49.56,-147.72,-1.26,0.6,0.0,0.0
59.912,asterisco,hacia_wp,-0.3034,0.0046,0.0659,-18.63,-29.91,-19.37,-29.17,-15,-28,-18,-35,-66.45,-11.08,104.77,-0.00358,0.01442,2.44654,-91.0,-89.3,-49.62,-147.78,-1.25,0.64,0.0,0.0
59.952,asterisco,hacia_wp,-0.3036,0.0046,0.065,-18.71,-29.86,-19.46,-29.12,-15,-28,-18,-35,-61.99,-7.2,104.82,-0.0038,0.01379,2.44807,-91.0,-89.3,-49.53,-147.69,-1.28,0.55,0.0,0.0
59.992,asterisco,hacia_wp,-0.3038,0.0047,0.0641,-18.8,-29.8,-19.54,-29.06,-21,-28,-17,-25,-59.38,-5.02,104.71,-0.00345,0.01389,2.44965,-86.7,-84.5,-49.61,-147.77,-1.27,0.58,0.0,0.0
60.051,pausa,quieto,0.0,0.0,0.0,0,0,0,0,-18,-26,-21,-23,-53.87,-0.74,104.64,-0.00357,0.01435,2.45153,-82.3,-80.9,-49.77,-147.93,-1.29,0.58,,
60.089,pausa,quieto,0.0,0.0,0.0,0,0,0,0,-13,-27,-13,-26,-50.07,1.93,104.65,-0.00332,0.01509,2.45131,-77.8,-77.3,-49.77,-147.93,-1.29,0.58,,
60.135,pausa,quieto,0.0,0.0,0.0,0,0,0,0,-14,-23,-13,-29,-46.48,5.42,104.68,-0.00348,0.01467,2.4531,-73.4,-73.4,-49.87,-148.03,-1.25,0.55,,
60.183,pausa,quieto,0.0,0.0,0.0,0,0,0,0,-17,-19,-13,-18,-44.03,8.22,104.66,-0.00323,0.01447,2.45267,-69.6,-69.5,-49.87,-148.03,-1.25,0.55,,
60.23,pausa,quieto,0.0,0.0,0.0,0,0,0,0,-11,-16,-13,-8,-42.74,9.6,104.66,-0.00314,0.01423,2.45329,-66.2,-67.1,-49.86,-148.02,-1.26,0.56,,
60.277,pausa,quieto,0.0,0.0,0.0,0,0,0,0,-12,-12,-12,-9,-40.44,12.08,104.59,-0.00263,0.01434,2.45401,-63.7,-65.1,-49.9,-148.06,-1.28,0.56,,
60.338,pausa,quieto,0.0,0.0,0.0,0,0,0,0,-7,-6,-10,-8,-38.65,14.11,104.58,-0.00272,0.01495,2.454,-61.4,-63.5,-49.94,-148.1,-1.29,0.57,,
60.385,pausa,quieto,0.0,0.0,0.0,0,0,0,0,-6,-6,-6,-10,-37.47,15.47,104.57,-0.00302,0.01477,2.45371,-57.8,-61.2,-49.94,-148.1,-1.29,0.57,,
60.433,pausa,quieto,0.0,0.0,0.0,0,0,0,0,-12,-4,-1,-5,-36.86,16.16,104.58,-0.00314,0.0149,2.4538,-56.6,-60.5,-49.94,-148.1,-1.27,0.57,,
60.492,asterisco,hacia_wp,0.5386,0.008,-0.9534,-32.54,118.71,-33.83,120.0,-6,-5,-6,-6,-35.9,17.27,104.56,-0.00322,0.01494,2.45411,-55.7,-59.6,-49.95,-148.11,-1.25,0.58,-0.0,-1.2
60.552,asterisco,hacia_wp,0.5391,0.008,-0.9529,-32.46,118.71,-33.75,120.0,-5,-3,-5,-9,-35.98,18.3,104.52,-0.00285,0.01581,2.45391,-54.8,-59.2,-49.96,-148.12,-1.25,0.59,-0.0,-1.2
60.612,asterisco,hacia_wp,0.539,0.008,-0.9529,-32.47,118.71,-33.76,120.0,-13,49,-8,38,-41.89,20.83,104.55,-0.00153,0.01801,2.44722,-54.5,-62.9,-49.93,-148.09,-1.22,0.48,-0.0,-1.2
60.652,asterisco,hacia_wp,0.5382,0.0081,-0.9538,-32.61,118.71,-33.89,120.0,-19,163,-16,174,-49.43,24.48,104.46,-0.00055,0.01769,2.44073,-55.4,-80.7,-49.62,-147.78,-1.2,0.37,-0.0,-1.2
60.712,asterisco,hacia_wp,0.5419,0.008,-0.9502,-32.03,118.72,-33.3,120.0,-59,110,-34,130,-68.25,33.89,104.41,-0.00035,0.01796,2.43916,-54.9,-108.6,-49.16,-147.32,-1.32,0.33,-0.0,-1.2
60.752,asterisco,hacia_wp,0.5483,0.0079,-0.9439,-31.02,118.74,-32.27,120.0,-32,128,-40,116,-78.45,38.67,104.42,-0.00052,0.01784,2.44384,-52.0,-137.1,-49.16,-147.32,-1.32,0.33,-0.0,-1.2
60.812,asterisco,hacia_wp,0.5499,0.0078,-0.9422,-30.76,118.75,-32.01,120.0,-45,101,-57,107,-102.4,47.47,104.62,-0.0008,0.01938,2.45819,-48.4,-165.3,-49.68,-147.84,-1.24,0.33,-0.0,-1.2
60.852,asterisco,hacia_wp,0.5451,0.0079,-0.947,-31.52,118.73,-32.78,120.0,-41,122,-60,123,-120.61,52.35,104.59,-0.00066,0.01996,2.46506,-45.5,-193.6,-49.68,-147.84,-1.24,0.33,-0.0,-1.2
60.892,asterisco,hacia_wp,0.536,0.0081,-0.9559,-32.95,118.71,-34.24,120.0,-34,128,-33,108,-135.2,55.08,104.44,2e-05,0.01952,2.46695,-44.8,-221.0,-50.33,-148.49,-1.16,0.32,-0.0,-1.2
60.933,asterisco,hacia_wp,0.5305,0.0082,-0.9613,-33.81,118.69,-35.12,120.0,-30,127,-26,141,-160.16,58.15,104.43,0.00024,0.01959,2.46375,-46.3,-247.1,-50.69,-148.85,-1.2,0.37,-0.0,-1.2
61.012,asterisco,hacia_wp,0.5292,0.0082,-0.9626,-34.01,118.69,-35.33,120.0,-23,133,-15,112,-199.83,61.18,104.31,0.0009,0.01925,2.46258,-49.2,-272.0,-50.42,-148.58,-1.2,0.35,-0.0,-1.2
61.052,asterisco,hacia_wp,0.5252,0.0083,-0.9666,-34.65,118.67,-35.98,120.0,-13,138,-27,149,-223.08,64.08,104.27,0.00124,0.0191,2.46704,-51.6,-296.4,-50.42,-148.58,-1.2,0.35,-0.0,-1.2
61.092,asterisco,hacia_wp,0.524,0.0083,-0.9677,-34.83,118.67,-36.16,120.0,-34,117,-26,108,-236.37,66.58,104.36,0.00099,0.01904,2.47043,-51.6,-296.4,-50.5,-148.66,-1.24,0.4,-0.0,-1.2
61.152,asterisco,hacia_wp,0.5185,0.0084,-0.9731,-35.7,118.65,-37.05,120.0,-34,104,-42,123,-261.8,73.27,104.36,0.00102,0.01937,2.47394,-50.7,-342.4,-50.76,-148.92,-1.28,0.44,-0.0,-1.2
61.192,asterisco,hacia_wp,0.5151,0.0085,-0.9764,-36.23,118.64,-37.59,120.0,-41,115,-44,122,-274.37,77.12,104.5,0.00039,0.01848,2.47335,-47.7,-363.9,-51.01,-149.17,-1.28,0.47,-0.0,-1.2
61.252,asterisco,hacia_wp,0.5176,0.0084,-0.9739,-35.83,118.65,-37.18,120.0,-39,128,-37,123,-299.76,84.76,104.45,-0.00031,0.01873,2.47162,-44.5,-385.3,-51.09,-149.25,-1.3,0.51,-0.0,-1.2
61.312,asterisco,hacia_wp,0.5191,0.0084,-0.9725,-35.6,118.65,-36.95,120.0,-40,148,-31,116,-330.51,92.94,104.71,-0.00132,0.01774,2.47331,-42.0,-407.5,-50.99,-149.15,-1.25,0.54,-0.0,-1.2
61.352,asterisco,hacia_wp,0.5209,0.0084,-0.9707,-35.31,118.66,-36.65,120.0,-33,114,-29,101,-348.61,96.94,104.66,-0.00143,0.01828,2.47373,-40.1,-430.9,-50.95,-149.11,-1.23,0.51,-0.0,-1.2
61.393,asterisco,hacia_wp,0.5202,0.0084,-0.9714,-35.42,118.66,-36.76,120.0,-36,110,-27,131,-362.46,99.68,104.53,-0.00159,0.0187,2.47516,-39.4,-454.3,-51.05,-149.21,-1.2,0.61,-0.0,-1.2
61.452,asterisco,hacia_wp,0.5189,0.0084,-0.9727,-35.63,118.65,-36.97,120.0,-38,133,-32,108,-395.07,105.38,104.47,-0.00178,0.01702,2.47942,-39.1,-478.4,-51.1,-149.26,-1.19,0.64,-0.0,-1.2
61.512,asterisco,hacia_wp,0.5152,0.0085,-0.9764,-36.22,118.64,-37.57,120.0,-37,112,-35,122,-423.04,110.03,104.49,-0.00226,0.01783,2.48261,-39.5,-502.1,-51.29,-149.45,-1.24,0.73,-0.0,-1.2
61.552,asterisco,hacia_wp,0.5111,0.0086,-0.9803,-36.85,118.63,-38.22,120.0,-43,123,-44,130,-441.26,113.69,104.43,-0.00319,0.01728,2.48631,-40.2,-525.5,-51.43,-149.59,-1.23,0.75,-0.0,-1.2
61.592,asterisco,hacia_wp,0.5068,0.0086,-0.9846,-37.54,118.62,-38.92,120.0,-33,121,-42,103,-459.39,117.64,104.45,-0.00274,0.01697,2.48807,-39.1,-548.8,-51.57,-149.73,-1.2,0.76,-0.0,-1.2
61.652,asterisco,hacia_wp,0.5024,0.0088,-0.9888,-38.21,118.6,-39.61,120.0,-45,114,-35,124,-486.17,123.82,104.32,-0.0024,0.01751,2.48596,-37.6,-571.6,-51.84,-150.0,-1.21,0.87,-0.0,-1.2
61.712,asterisco,hacia_wp,0.5027,0.0088,-0.9885,-38.15,118.58,-39.57,120.0,-42,114,-40,128,-512.82,130.15,104.47,-0.00268,0.01684,2.48458,-35.8,-593.8,-51.83,-149.99,-1.21,0.85,-0.0,-1.2
61.753,asterisco,hacia_wp,0.5049,0.0089,-0.9862,-37.8,118.58,-39.22,120.0,-40,132,-25,117,-535.04,135.4,104.42,-0.00271,0.0193,2.48493,-34.2,-616.5,-51.72,-149.88,-1.22,0.81,-0.0,-1.2
61.792,asterisco,hacia_wp,0.5058,0.009,-0.9852,-37.64,118.57,-39.07,120.0,-46,145,-36,117,-548.37,138.78,104.43,-0.00247,0.01918,2.48827,-32.7,-639.5,-51.68,-149.84,-1.18,0.8,-0.0,-1.2
61.852,asterisco,hacia_wp,0.5054,0.0091,-0.9855,-37.68,118.55,-39.14,120.0,-41,109,-35,127,-575.35,145.24,104.49,-0.0034,0.01975,2.48896,-30.7,-663.2,-51.72,-149.88,-1.14,0.74,-0.0,-1.2
61.912,asterisco,hacia_wp,0.5026,0.0092,-0.9881,-38.1,118.52,-39.58,120.0,-43,123,-33,115,-602.67,151.22,104.37,-0.00374,0.01781,2.48788,-29.7,-686.4,-51.98,-150.14,-1.09,0.78,-0.0,-1.2
61.952,asterisco,hacia_wp,0.5026,0.0094,-0.9881,-38.09,118.5,-39.59,120.0,-38,123,-39,111,-616.09,154.07,104.36,-0.00327,0.02113,2.49032,-28.8,-709.6,-51.95,-150.11,-1.07,0.73,-0.0,-1.2
61.992,asterisco,hacia_wp,0.4952,0.0095,-0.9824,-38.22,117.45,-39.74,118.96,-54,103,-40,122,-638.87,158.99,104.42,-0.00251,0.02164,2.4932,-28.2,-732.8,-52.1,-150.26,-1.04,0.63,-0.0,-1.2
62.052,asterisco,hacia_wp,0.4703,0.0092,-0.9368,-36.58,111.83,-38.05,113.3,-36,115,-40,115,-666.13,165.11,104.45,-0.00403,0.02169,2.4931,-28.2,-732.8,-52.1,-150.26,-1.04,0.63,-0.0,-1.2
62.093,asterisco,hacia_wp,0.4449,0.0089,-0.8907,-34.96,106.14,-36.38,107.56,-47,125,-38,108,-688.62,170.01,104.39,-0.0029,0.02192,2.49383,-25.7,-779.5,-52.22,-150.38,-1.0,0.63,-0.0,-1.2
62.152,asterisco,hacia_wp,0.4208,0.0086,-0.8443,-33.19,100.52,-34.57,101.9,-29,116,-43,115,-706.18,173.91,104.4,-0.00206,0.02277,2.49359,-24.6,-802.5,-52.23,-150.39,-1.03,0.58,-0.0,-1.2
62.192,asterisco,hacia_wp,0.397,0.0083,-0.7985,-31.45,94.98,-32.78,96.31,-33,99,-37,111,-727.04,178.55,104.43,-0.002,0.02291,2.49683,-23.7,-824.6,-52.24,-150.4,-1.02,0.6,-0.0,-1.2
62.253,asterisco,hacia_wp,0.3734,0.008,-0.7551,-29.9,89.64,-31.18,90.93,-27,107,-43,111,-750.35,183.77,104.52,-0.00212,0.0235,2.4995,-22.6,-845.7,-52.3,-150.46,-1.03,0.52,-0.0,-1.2
62.292,asterisco,hacia_wp,0.3489,0.0078,-0.7143,-28.61,84.43,-29.85,85.68,-27,107,-43,111,-761.28,186.23,104.56,-0.00276,0.02311,2.49835,-22.6,-845.7,-52.54,-150.7,-1.0,0.5,-0.0,-1.2
62.352,asterisco,hacia_wp,0.3305,0.0075,-0.675,-26.95,79.83,-28.16,81.04,-25,85,-24,82,-781.24,190.63,104.65,-0.00264,0.02283,2.49731,-21.5,-865.1,-52.45,-150.61,-1.01,0.47,-0.0,-1.2
62.393,asterisco,hacia_wp,0.3132,0.0073,-0.6402,-25.57,75.69,-26.74,76.86,-25,85,-24,82,-796.2,193.75,104.67,-0.00173,0.02396,2.49844,-20.5,-882.4,-52.53,-150.69,-0.97,0.5,-0.0,-1.2
62.453,asterisco,hacia_wp,0.2966,0.0071,-0.6088,-24.41,71.87,-25.54,73.0,-23,86,-26,76,-812.78,197.26,104.71,-0.00199,0.02412,2.50195,-19.6,-898.2,-52.61,-150.77,-0.96,0.5,-0.0,-1.2
62.492,asterisco,hacia_wp,0.2805,0.0069,-0.5807,-23.46,68.34,-24.57,69.45,-27,79,-29,78,-820.72,198.9,104.79,-0.00317,0.02418,2.50423,-19.2,-912.7,-52.8,-150.96,-0.98,0.48,-0.0,-1.2
62.552,asterisco,hacia_wp,0.2633,0.0068,-0.5536,-22.68,64.81,-23.77,65.9,-26,75,-22,69,-836.5,202.62,104.86,-0.0022,0.02442,2.50478,-18.4,-926.8,-52.94,-151.1,-0.97,0.48,-0.0,-1.2
62.592,asterisco,hacia_wp,0.25,0.0066,-0.5255,-21.51,61.51,-22.56,62.57,-26,75,-22,69,-849.47,205.59,104.84,-0.00166,0.02369,2.50236,-17.4,-940.7,-52.88,-151.04,-0.93,0.52,-0.0,-1.2
62.652,asterisco,hacia_wp,0.2378,0.0064,-0.4982,-20.33,58.37,-21.35,59.39,-27,82,-17,70,-864.72,209.08,104.89,-0.00194,0.02437,2.50036,-16.5,-954.0,-52.69,-150.85,-0.98,0.46,-0.0,-1.2
62.692,asterisco,hacia_wp,0.2133,0.006,-0.4452,-18.07,52.2,-19.03,53.17,-26,60,-23,60,-871.96,210.83,104.89,-0.00125,0.02424,2.50207,-15.1,-980.0,-52.69,-150.85,-0.99,0.47,-0.0,-1.2
62.752,asterisco,hacia_wp,0.2016,0.0059,-0.4201,-17.01,49.26,-17.95,50.2,-15,60,-27,59,-885.18,214.08,105.07,-0.00415,0.01568,2.50825,-14.1,-992.4,-53.03,-151.19,-0.96,0.53,-0.0,-1.2
62.812,asterisco,hacia_wp,0.1884,0.0057,-0.3986,-16.36,46.5,-17.27,47.42,-20,56,-23,66,-899.16,217.37,105.13,-0.00409,0.01628,2.51216,-13.4,-1003.6,-53.19,-151.35,-1.01,0.51,-0.0,-1.2
62.853,asterisco,hacia_wp,0.1777,0.0056,-0.3795,-15.7,44.13,-16.6,45.02,-20,43,-22,38,-906.45,219.03,104.94,-0.00093,0.02428,2.51194,-12.9,-1013.3,-53.35,-151.51,-1.0,0.54,-0.0,-1.2
62.894,asterisco,hacia_wp,0.1686,0.0055,-0.3627,-15.09,42.07,-15.97,42.95,-16,46,-18,36,-914.23,220.72,105.15,-0.00421,0.01713,2.51039,-12.3,-1021.8,-53.29,-151.45,-1.05,0.49,-0.0,-1.2
62.932,asterisco,hacia_wp,0.169,0.0055,-0.3626,-15.05,42.08,-15.93,42.96,-13,40,-17,35,-918.56,221.71,105.11,-0.00337,0.01698,2.50998,-11.9,-1029.6,-53.29,-151.45,-1.05,0.49,-0.0,-1.2
63.012,asterisco,hacia_wp,0.1546,0.0053,-0.3317,-13.74,38.48,-14.59,39.33,-17,37,-8,28,-930.25,224.18,105.04,-0.0006,0.02401,2.50812,-11.4,-1037.0,-53.16,-151.32,-1.01,0.48,-0.0,-1.2
63.052,asterisco,hacia_wp,0.148,0.0052,-0.3168,-13.08,36.77,-13.91,37.6,-10,37,-8,37,-936.11,225.43,105.09,-0.00104,0.02308,2.51127,-10.9,-1044.2,-53.14,-151.3,-1.05,0.49,-0.0,-1.2
63.092,asterisco,hacia_wp,0.1398,0.0051,-0.3008,-12.48,34.84,-13.29,35.66,-11,38,-16,42,-941.93,226.6,105.25,-0.00237,0.01695,2.51479,-10.8,-1052.2,-53.14,-151.3,-1.05,0.49,-0.0,-1.2
63.152,asterisco,hacia_wp,0.1384,0.0051,-0.3015,-12.64,34.78,-13.45,35.6,-12,43,-20,41,-951.35,228.48,105.13,-0.00147,0.02365,2.51751,-10.6,-1060.5,-53.4,-151.56,-1.06,0.52,-0.0,-1.2
63.212,asterisco,hacia_wp,0.1266,0.005,-0.284,-12.2,32.45,-13.0,33.25,-7,35,-11,41,-959.76,229.39,105.3,-0.00281,0.01662,2.52289,-10.7,-1068.5,-53.74,-151.9,-1.05,0.55,-0.0,-1.2
63.252,asterisco,hacia_wp,0.123,0.005,-0.2856,-12.6,32.29,-13.41,33.09,-8,37,-9,32,-966.37,230.02,105.31,-0.00229,0.01686,2.52714,-11.3,-1075.9,-54.02,-152.18,-1.08,0.54,-0.0,-1.2
63.292,asterisco,hacia_wp,0.1217,0.0051,-0.2862,-12.76,32.22,-13.57,33.03,-1,36,-16,39,-969.88,230.24,105.29,-0.0025,0.01705,2.5302,-12.0,-1082.3,-54.02,-152.18,-1.08,0.54,-0.0,-1.2
63.352,pausa,quieto,0.0,0.0,0.0,0,0,0,0,-7,29,-8,39,-976.72,230.77,105.17,-0.00125,0.02341,2.53416,-12.7,-1088.2,-54.24,-152.4,-1.06,0.54,,
63.377,pausa,quieto,0.0,0.0,0.0,0,0,0,0,-8,32,-12,21,-978.73,231.08,105.33,-0.00237,0.01639,2.53467,-12.7,-1088.2,-54.53,-152.69,-1.06,0.54,,
63.439,pausa,quieto,0.0,0.0,0.0,0,0,0,0,-6,25,-1,27,-984.51,231.14,105.28,-0.00279,0.0162,2.52805,-13.4,-1097.9,-54.66,-152.82,-1.05,0.55,,
63.485,pausa,quieto,0.0,0.0,0.0,0,0,0,0,0,10,5,7,-986.47,230.23,105.2,-0.00074,0.02264,2.52529,-13.4,-1097.9,-54.39,-152.55,-1.06,0.57,,
63.533,pausa,quieto,0.0,0.0,0.0,0,0,0,0,1,7,5,5,-987.05,229.13,105.31,-0.00236,0.01686,2.5252,-15.8,-1100.9,-54.17,-152.33,-1.06,0.57,,
63.579,pausa,quieto,0.0,0.0,0.0,0,0,0,0,12,3,12,7,-987.53,228.53,105.32,-0.00237,0.01695,2.52505,-15.8,-1100.9,-54.08,-152.24,-1.06,0.56,,
63.627,pausa,quieto,0.0,0.0,0.0,0,0,0,0,12,3,12,7,-987.8,228.11,105.27,-0.00228,0.01585,2.52518,-17.1,-1101.4,-54.09,-152.25,-1.06,0.56,,
63.69,pausa,quieto,0.0,0.0,0.0,0,0,0,0,1,1,1,1,-987.78,228.15,105.27,-0.00225,0.01605,2.52516,-17.8,-1101.6,-54.09,-152.25,-1.06,0.56,,
63.738,pausa,quieto,0.0,0.0,0.0,0,0,0,0,-2,2,-3,-3,-987.55,228.5,105.3,-0.00221,0.01699,2.52518,-17.6,-1101.2,-54.09,-152.25,-1.06,0.57,,
63.792,asterisco,hacia_wp,-0.5338,-0.0038,0.9625,33.99,-119.4,34.59,-120.0,0,-1,-6,-8,-987.25,228.85,105.3,-0.00236,0.01684,2.52524,-17.1,-1101.2,-54.1,-152.26,-1.06,0.57,0.0,0.0
63.851,asterisco,hacia_wp,-0.5334,-0.0038,0.9628,34.05,-119.4,34.65,-120.0,0,0,-2,-2,-986.07,229.23,105.03,-0.0008,0.02049,2.5242,-16.5,-1101.0,-54.1,-152.26,-1.05,0.57,0.0,0.0
63.892,asterisco,hacia_wp,-0.533,-0.0038,0.9632,34.11,-119.4,34.71,-120.0,0,-94,12,-82,-982.76,229.07,105.17,-0.00237,0.01432,2.52118,-16.5,-1101.0,-54.1,-152.26,-1.05,0.58,0.0,0.0
63.952,asterisco,hacia_wp,-0.5329,-0.0038,0.9633,34.13,-119.4,34.73,-120.0,13,-157,31,-146,-970.67,226.49,105.07,-0.00145,0.01909,2.51315,-13.3,-1079.1,-53.59,-151.75,-1.1,0.65,0.0,0.0
63.991,asterisco,hacia_wp,-0.538,-0.0037,0.9583,33.33,-119.41,33.92,-120.0,34,-124,40,-144,-954.83,221.44,105.07,-0.00153,0.02083,2.50304,-12.0,-1050.5,-53.59,-151.75,-1.1,0.65,0.0,0.0
64.052,asterisco,hacia_wp,-0.5438,-0.0036,0.9526,32.42,-119.43,33.0,-120.0,51,-118,46,-117,-929.83,213.64,104.99,-0.00142,0.02048,2.50222,-13.7,-1021.8,-53.13,-151.29,-1.09,0.59,0.0,0.0
64.092,asterisco,hacia_wp,-0.5516,-0.0035,0.9449,31.19,-119.45,31.74,-120.0,50,-138,42,-137,-904.96,207.34,104.98,-0.0013,0.02267,2.50695,-16.2,-993.5,-52.68,-150.84,-1.1,0.61,0.0,0.0
64.152,asterisco,hacia_wp,-0.5526,-0.0034,0.944,31.04,-119.45,31.58,-120.0,56,-147,48,-159,-883.99,203.41,105.0,-0.00146,0.02226,2.50733,-17.4,-965.0,-53.1,-151.26,-1.02,0.5,0.0,0.0
64.192,asterisco,hacia_wp,-0.5495,-0.0035,0.947,31.52,-119.44,32.08,-120.0,26,-136,41,-112,-857.77,200.13,104.9,-0.00177,0.02243,2.50478,-16.9,-936.9,-53.1,-151.26,-1.02,0.5,0.0,0.0
64.252,asterisco,hacia_wp,-0.5498,-0.0035,0.9467,31.47,-119.44,32.03,-120.0,22,-125,23,-101,-827.9,198.45,104.77,-0.00159,0.02331,2.50009,-15.0,-910.7,-53.08,-151.24,-1.01,0.52,0.0,0.0
64.292,asterisco,hacia_wp,-0.5519,-0.0034,0.9447,31.15,-119.45,31.7,-120.0,33,-120,17,-117,-809.38,197.91,104.65,-0.0019,0.02307,2.50301,-11.9,-887.0,-52.84,-151.0,-0.96,0.52,0.0,0.0
64.352,asterisco,hacia_wp,-0.5483,-0.0035,0.9482,31.71,-119.44,32.27,-120.0,20,-124,19,-130,-779.33,196.24,104.53,-0.00207,0.02241,2.50982,-8.9,-865.9,-53.03,-151.19,-0.92,0.57,0.0,0.0
64.392,asterisco,hacia_wp,-0.5443,-0.0036,0.9522,32.35,-119.43,32.92,-120.0,24,-111,29,-122,-767.03,194.8,104.51,-0.00267,0.02278,2.50907,-6.9,-845.5,-53.03,-151.19,-0.92,0.57,0.0,0.0
64.452,asterisco,hacia_wp,-0.5398,-0.0037,0.9566,33.05,-119.42,33.64,-120.0,35,-101,37,-122,-742.54,190.58,104.33,-0.00304,0.0221,2.50008,-6.7,-824.9,-53.23,-151.39,-0.94,0.57,0.0,0.0
64.511,asterisco,hacia_wp,-0.5428,-0.0036,0.9536,32.57,-119.42,33.15,-120.0,27,-115,38,-106,-716.67,185.08,104.32,-0.00289,0.02182,2.49708,-7.8,-803.4,-53.01,-151.17,-0.93,0.58,0.0,0.0
64.552,asterisco,hacia_wp,-0.5522,-0.0034,0.9444,31.1,-119.45,31.65,-120.0,39,-116,42,-110,-693.62,180.07,104.34,-0.00303,0.02196,2.50109,-9.6,-780.9,-52.49,-150.65,-0.94,0.65,0.0,0.0
64.593,asterisco,hacia_wp,-0.5534,-0.0034,0.9431,30.9,-119.45,31.45,-120.0,42,-117,27,-135,-679.51,177.32,104.34,-0.0031,0.0215,2.5032,-11.3,-757.7,-52.49,-150.65,-0.94,0.65,0.0,0.0
64.632,asterisco,hacia_wp,-0.5523,-0.0034,0.9442,31.08,-119.45,31.63,-120.0,42,-117,27,-135,-660.55,174.11,104.31,-0.00264,0.02162,2.50359,-11.3,-757.7,-52.72,-150.88,-0.91,0.67,0.0,0.0
64.712,asterisco,hacia_wp,-0.5512,-0.0035,0.9453,31.25,-119.45,31.81,-120.0,27,-125,29,-125,-623.2,169.46,104.34,-0.00303,0.02065,2.49692,-11.2,-709.5,-52.87,-151.03,-0.94,0.68,0.0,0.0
64.752,asterisco,hacia_wp,-0.552,-0.0034,0.9445,31.13,-119.45,31.68,-120.0,19,-113,35,-98,-605.11,167.77,104.37,-0.00199,0.02055,2.49434,-9.6,-685.9,-52.79,-150.95,-1.01,0.69,0.0,0.0
64.793,asterisco,hacia_wp,-0.5553,-0.0034,0.9413,30.61,-119.46,31.15,-120.0,30,-118,21,-139,-587.26,166.19,104.23,-0.00161,0.01949,2.49797,-8.0,-663.5,-52.45,-150.61,-0.97,0.73,0.0,0.0
64.852,asterisco,hacia_wp,-0.5548,-0.0034,0.9418,30.69,-119.46,31.24,-120.0,28,-98,26,-127,-560.57,163.42,104.25,-0.00321,0.01861,2.50702,-8.0,-663.5,-52.38,-150.54,-1.01,0.75,0.0,0.0
64.892,asterisco,hacia_wp,-0.5478,-0.0034,0.9488,31.8,-119.45,32.35,-120.0,31,-117,37,-140,-538.87,160.46,104.23,-0.00346,0.0162,2.50267,-5.5,-620.1,-52.77,-150.93,-1.0,0.82,0.0,0.0
64.952,asterisco,hacia_wp,-0.5474,-0.0034,0.9493,31.88,-119.46,32.42,-120.0,32,-109,31,-121,-521.21,157.63,104.26,-0.00288,0.01808,2.49802,-5.4,-597.2,-52.73,-150.89,-1.05,0.84,0.0,0.0
64.993,asterisco,hacia_wp,-0.5514,-0.0032,0.9454,31.26,-119.49,31.77,-120.0,29,-129,31,-135,-498.76,153.52,104.29,-0.00311,0.01773,2.49564,-5.6,-574.2,-52.45,-150.61,-1.08,0.94,0.0,0.0
65.052,asterisco,hacia_wp,-0.5534,-0.0031,0.9435,30.96,-119.51,31.45,-120.0,47,-108,50,-134,-471.34,148.16,104.27,-0.0028,0.01719,2.49589,-5.6,-574.2,-52.35,-150.51,-1.05,0.93,0.0,0.0
65.092,asterisco,hacia_wp,-0.5532,-0.003,0.9439,31.02,-119.53,31.49,-120.0,32,-140,27,-90,-457.66,145.88,104.3,-0.00175,0.01571,2.49822,-7.2,-527.7,-52.45,-150.61,-1.09,1.01,0.0,0.0
65.152,asterisco,hacia_wp,-0.5502,-0.0029,0.9469,31.5,-119.54,31.96,-120.0,32,-140,27,-90,-430.09,141.84,104.35,-0.00363,0.01548,2.50374,-7.2,-527.7,-52.81,-150.97,-1.06,1.03,0.0,0.0
65.192,asterisco,hacia_wp,-0.5409,-0.0026,0.9328,31.15,-117.69,31.57,-118.11,34,-113,43,-127,-407.52,138.94,104.35,-0.003,0.01643,2.49841,-6.1,-481.4,-52.76,-150.92,-1.09,0.94,0.0,0.0
65.251,asterisco,hacia_wp,-0.514,-0.0023,0.8872,29.67,-111.91,30.05,-112.28,26,-118,28,-132,-380.62,135.77,104.39,-0.00117,0.01713,2.4958,-5.2,-457.7,-52.43,-150.59,-1.09,0.91,0.0,0.0
65.292,asterisco,hacia_wp,-0.4914,-0.002,0.8419,27.87,-106.5,28.2,-106.83,18,-129,26,-125,-367.17,134.22,104.48,-0.00159,0.01771,2.497,-3.9,-435.2,-52.46,-150.62,-1.08,0.91,0.0,0.0
65.352,asterisco,hacia_wp,-0.4656,-0.0018,0.8002,26.62,-101.12,26.91,-101.41,40,-112,34,-108,-340.63,130.72,104.33,-0.00109,0.01882,2.50096,-3.3,-413.3,-52.63,-150.79,-1.08,0.82,0.0,0.0
65.392,asterisco,hacia_wp,-0.4394,-0.0016,0.7596,25.49,-95.79,25.74,-96.04,33,-104,33,-117,-319.43,127.57,104.41,-0.0007,0.01901,2.50158,-3.3,-391.7,-52.73,-150.89,-1.06,0.8,0.0,0.0
65.452,asterisco,hacia_wp,-0.4153,-0.0013,0.7204,24.3,-90.75,24.52,-90.97,24,-92,24,-97,-295.91,123.93,104.35,-0.00069,0.01958,2.50164,-3.2,-371.2,-52.79,-150.95,-1.08,0.82,0.0,0.0
65.492,asterisco,hacia_wp,-0.3942,-0.0011,0.684,23.09,-86.16,23.27,-86.34,26,-89,33,-122,-285.02,122.01,104.37,-0.00089,0.01976,2.49922,-3.4,-352.4,-52.68,-150.84,-1.05,0.81,0.0,0.0
65.552,asterisco,hacia_wp,-0.3769,-0.0009,0.6483,21.64,-81.95,21.78,-82.09,25,-90,36,-81,-264.98,118.24,104.28,-0.0005,0.02035,2.49338,-3.9,-334.8,-52.38,-150.54,-1.03,0.75,0.0,0.0
65.592,asterisco,hacia_wp,-0.3629,-0.0006,0.6147,20.09,-78.16,20.2,-78.26,18,-83,19,-81,-249.68,115.62,104.29,-9e-05,0.02016,2.49727,-4.2,-318.7,-52.32,-150.48,-1.05,0.76,0.0,0.0
65.652,asterisco,hacia_wp,-0.3636,-0.0006,0.6144,20.01,-78.18,20.12,-78.28,23,-82,14,-63,-232.66,113.29,104.31,-0.0002,0.01917,2.50375,-3.8,-304.7,-52.7,-150.86,-1.07,0.78,0.0,0.0
65.692,asterisco,hacia_wp,-0.3273,-0.0004,0.5643,18.93,-71.3,18.99,-71.36,20,-76,11,-64,-219.15,111.65,104.38,-0.00047,0.02018,2.50326,-3.2,-291.2,-52.93,-151.09,-1.09,0.8,0.0,0.0
65.752,asterisco,hacia_wp,-0.3097,-0.0003,0.5396,18.38,-67.92,18.42,-67.96,16,-61,26,-81,-208.2,110.35,104.29,-0.00047,0.01982,2.50124,-2.8,-277.8,-52.8,-150.96,-1.02,0.74,0.0,0.0
65.792,asterisco,hacia_wp,-0.3109,-0.0002,0.5389,18.23,-67.97,18.27,-68.01,10,-70,22,-77,-194.61,108.67,104.26,-0.00019,0.01934,2.4976,-2.5,-263.9,-52.8,-150.96,-1.02,0.74,0.0,0.0
65.852,asterisco,hacia_wp,-0.2966,-0.0001,0.5114,17.18,-64.63,17.19,-64.64,21,-60,18,-78,-178.75,106.56,104.32,-0.00032,0.02042,2.49567,-1.7,-250.3,-52.62,-150.78,-1.01,0.75,0.0,0.0
65.892,asterisco,hacia_wp,-0.2812,0.0001,0.485,16.31,-61.31,16.3,-61.29,18,-74,8,-86,-171.02,105.5,104.31,0.00029,0.01966,2.49757,-1.7,-250.3,-52.48,-150.64,-1.06,0.7,0.0,0.0
65.952,asterisco,hacia_wp,-0.2515,0.0004,0.4362,14.81,-55.05,14.75,-54.99,31,-64,15,-68,-156.19,103.16,104.23,0.00111,0.02021,2.50217,-0.9,-224.8,-52.7,-150.86,-1.06,0.72,0.0,0.0
65.992,asterisco,hacia_wp,-0.2496,0.0003,0.4373,15.04,-54.98,14.98,-54.93,22,-56,19,-62,-144.82,101.34,104.31,0.00011,0.02059,2.50162,-1.1,-212.6,-52.7,-150.86,-1.06,0.72,0.0,0.0
66.052,asterisco,hacia_wp,-0.2355,0.0005,0.4139,14.31,-51.99,14.24,-51.92,11,-51,13,-67,-132.35,99.36,104.27,0.00103,0.01943,2.49945,-1.4,-201.3,-52.85,-151.01,-1.08,0.64,0.0,0.0
66.092,asterisco,hacia_wp,-0.2246,0.0006,0.391,13.36,-49.29,13.26,-49.19,14,-48,19,-55,-122.69,97.91,104.3,0.00056,0.01987,2.4959,-1.1,-191.1,-52.72,-150.88,-1.07,0.71,0.0,0.0
66.152,asterisco,hacia_wp,-0.2135,0.0008,0.3711,12.67,-46.83,12.55,-46.71,9,-40,17,-55,-111.88,96.39,104.29,0.00114,0.01937,2.49564,-0.9,-181.3,-52.61,-150.77,-1.1,0.68,0.0,0.0
66.192,asterisco,hacia_wp,-0.2035,0.0009,0.3515,11.91,-44.48,11.77,-44.33,12,-49,9,-47,-106.65,95.8,104.31,0.00072,0.01924,2.49804,-0.5,-172.5,-52.39,-150.55,-1.08,0.68,0.0,0.0
66.253,asterisco,hacia_wp,-0.1925,0.001,0.3349,11.46,-42.27,11.31,-42.11,9,-54,8,-46,-96.52,94.9,104.24,0.00103,0.01879,2.50425,-0.0,-164.2,-52.47,-150.63,-1.11,0.69,0.0,0.0
66.292,asterisco,hacia_wp,-0.1812,0.001,0.3201,11.2,-40.19,11.03,-40.02,9,-54,8,-46,-90.16,95.29,104.27,0.00113,0.01946,2.50787,-0.0,-164.2,-52.69,-150.85,-1.1,0.74,0.0,0.0
66.352,asterisco,hacia_wp,-0.1684,0.0011,0.3063,11.12,-38.07,10.94,-37.89,-7,-40,-7,-39,-82.69,96.88,104.19,0.00133,0.01912,2.50996,3.2,-148.7,-53.03,-151.19,-1.13,0.71,0.0,0.0
66.392,asterisco,hacia_wp,-0.1545,0.0011,0.295,11.33,-36.05,11.15,-35.87,-13,-38,-11,-41,-75.78,99.63,104.19,0.00139,0.0189,2.51056,6.8,-142.1,-53.33,-151.49,-1.14,0.7,0.0,0.0
66.452,asterisco,hacia_wp,-0.1404,0.0011,0.2859,11.73,-34.2,11.55,-34.02,-13,-36,-15,-43,-67.97,103.74,104.22,0.0007,0.01846,2.50815,11.2,-136.1,-53.33,-151.49,-1.14,0.7,0.0,0.0
66.493,asterisco,hacia_wp,-0.1285,0.001,0.2832,12.46,-33.02,12.3,-32.85,-24,-30,-18,-43,-64.16,105.88,104.15,0.00104,0.01781,2.50716,15.7,-130.3,-53.13,-151.29,-1.11,0.73,0.0,0.0
66.552,asterisco,hacia_wp,-0.1177,0.0009,0.2878,13.67,-32.51,13.53,-32.37,-20,-29,-10,-25,-57.09,110.14,104.15,0.00088,0.01798,2.50344,20.3,-125.0,-53.13,-151.29,-1.11,0.73,0.0,0.0
66.593,asterisco,hacia_wp,-0.1075,0.0008,0.2917,14.8,-32.0,14.67,-31.87,-20,-29,-10,-25,-51.55,113.77,104.18,0.00042,0.0175,2.49835,20.3,-125.0,-52.79,-150.95,-1.12,0.76,0.0,0.0
66.651,asterisco,hacia_wp,-0.0966,0.0007,0.2954,15.95,-31.41,15.85,-31.31,-10,-32,-9,-29,-44.91,116.2,104.13,0.00052,0.01737,2.50044,24.6,-120.2,-52.59,-150.75,-1.11,0.77,0.0,0.0
66.693,pausa,quieto,0.0,0.0,0.0,0,0,0,0,11,-28,14,-27,-41.54,115.81,104.1,8e-05,0.01715,2.50334,30.4,-110.8,-52.81,-150.97,-1.11,0.76,,
66.74,pausa,quieto,0.0,0.0,0.0,0,0,0,0,11,-28,14,-27,-35.79,112.84,104.12,0.00015,0.01757,2.50672,30.4,-110.8,-53.06,-151.22,-1.1,0.78,,
66.787,pausa,quieto,0.0,0.0,0.0,0,0,0,0,24,-20,20,-15,-31.06,108.02,104.18,-0.00029,0.01836,2.50404,28.8,-105.1,-53.08,-151.24,-1.07,0.76,,
66.833,pausa,quieto,0.0,0.0,0.0,0,0,0,0,25,-16,23,-21,-29.29,105.48,104.18,-0.00034,0.01748,2.5031,24.7,-99.5,-53.08,-151.24,-1.07,0.76,,
66.88,pausa,quieto,0.0,0.0,0.0,0,0,0,0,14,-5,11,-10,-28.77,104.52,104.14,-3e-05,0.01742,2.50617,21.0,-96.0,-53.0,-151.16,-1.09,0.78,,
66.927,pausa,quieto,0.0,0.0,0.0,0,0,0,0,7,-3,1,-3,-28.44,104.41,104.09,-0.0001,0.01723,2.51197,19.5,-94.8,-53.0,-151.16,-1.09,0.78,,
66.989,pausa,quieto,0.0,0.0,0.0,0,0,0,0,2,-3,-6,1,-27.76,105.03,104.06,-2e-05,0.01726,2.5132,19.4,-95.0,-53.49,-151.65,-1.09,0.81,,
67.035,pausa,quieto,0.0,0.0,0.0,0,0,0,0,-7,-5,-3,-5,-27.09,105.81,104.05,-3e-05,0.01719,2.51316,19.9,-95.0,-53.49,-151.65,-1.09,0.81,,
67.083,pausa,quieto,0.0,0.0,0.0,0,0,0,0,3,0,-3,-7,-26.57,106.37,104.02,0.00013,0.01734,2.51249,20.8,-94.3,-53.48,-151.64,-1.09,0.8,,
67.153,asterisco,hacia_wp,-0.3772,0.0168,-1.106,-117.31,56.96,-120.0,59.65,-4,7,3,-3,-26.46,106.52,104.02,0.00034,0.01768,2.51252,21.9,-93.7,-53.46,-151.62,-1.09,0.8,0.849,-0.849
67.212,asterisco,hacia_wp,-0.3766,0.0168,-1.1065,-117.31,57.05,-120.0,59.74,-29,11,-22,17,-27.57,107.54,103.9,0.00227,0.01798,2.51355,21.9,-93.8,-53.47,-151.63,-1.09,0.8,0.849,-0.849
67.253,asterisco,hacia_wp,-0.3796,0.0168,-1.1036,-117.31,56.57,-120.0,59.26,-148,25,-130,65,-31.29,112.77,104.06,0.00086,0.01903,2.51942,25.2,-96.4,-53.65,-151.81,-1.15,0.7,0.849,-0.849
67.292,asterisco,hacia_wp,-0.3851,0.0168,-1.0982,-117.32,55.7,-120.0,58.39,-118,50,-115,84,-35.56,117.93,103.87,0.00205,0.01889,2.523,25.2,-96.4,-54.01,-152.17,-1.08,0.71,0.849,-0.849
67.352,asterisco,hacia_wp,-0.3834,0.0168,-1.0999,-117.31,55.98,-120.0,58.66,-118,50,-115,84,-48.91,133.07,104.06,0.00196,0.01849,2.52328,40.5,-107.5,-54.13,-152.29,-1.13,0.78,0.849,-0.849
67.392,asterisco,hacia_wp,-0.3863,0.0168,-1.0969,-117.32,55.5,-120.0,58.19,-117,71,-142,64,-63.46,150.07,103.95,0.00302,0.01838,2.52351,82.6,-147.8,-54.14,-152.3,-1.11,0.8,0.849,-0.849
67.452,asterisco,hacia_wp,-0.3888,0.0168,-1.0945,-117.32,55.11,-120.0,57.8,-115,76,-167,72,-76.12,166.4,103.94,0.00197,0.01808,2.52479,103.5,-170.3,-54.16,-152.32,-1.18,0.87,0.849,-0.849
67.492,asterisco,hacia_wp,-0.3907,0.0168,-1.0925,-117.32,54.8,-120.0,57.49,-108,67,-157,78,-92.14,189.1,104.05,0.00166,0.01695,2.52729,124.9,-192.1,-54.21,-152.37,-1.18,1.0,0.849,-0.849
67.552,asterisco,hacia_wp,-0.3915,0.0168,-1.0917,-117.32,54.68,-120.0,57.36,-151,66,-148,67,-109.84,217.75,103.98,-0.00017,0.01633,2.53227,146.7,-212.7,-54.21,-152.37,-1.18,1.0,0.849,-0.849
67.592,asterisco,hacia_wp,-0.3935,0.0167,-1.0898,-117.32,54.37,-120.0,57.05,-130,53,-137,50,-120.48,236.58,103.96,0.00036,0.0153,2.53476,168.4,-230.7,-54.37,-152.53,-1.21,1.02,0.849,-0.849
67.652,asterisco,hacia_wp,-0.3958,0.0167,-1.0874,-117.32,53.99,-120.0,56.67,-135,43,-122,47,-132.54,258.83,104.04,-0.00062,0.01645,2.53571,188.9,-246.8,-54.76,-152.92,-1.11,1.06,0.849,-0.849
67.692,asterisco,hacia_wp,-0.3961,0.0167,-1.0871,-117.32,53.94,-120.0,56.62,-106,68,-119,49,-143.98,279.31,103.88,-0.00056,0.01722,2.53641,207.0,-261.3,-54.81,-152.97,-1.06,1.02,0.849,-0.849
67.752,asterisco,hacia_wp,-0.3969,0.0167,-1.0863,-117.32,53.82,-120.0,56.49,-106,49,-112,45,-157.48,301.81,103.83,-0.00221,0.01793,2.53693,223.5,-275.4,-54.81,-152.97,-1.06,1.02,0.849,-0.849
67.792,asterisco,hacia_wp,-0.397,0.0167,-1.0863,-117.32,53.81,-120.0,56.49,-115,46,-104,52,-164.52,312.56,103.88,-0.00173,0.01796,2.53898,238.8,-289.7,-54.86,-153.02,-1.03,1.0,0.849,-0.849
67.851,asterisco,hacia_wp,-0.3988,0.0167,-1.0845,-117.32,53.52,-120.0,56.2,-99,59,-102,60,-182.43,338.54,103.81,-0.00179,0.01668,2.54377,253.9,-305.0,-54.96,-153.12,-0.94,0.94,0.849,-0.849
67.912,asterisco,hacia_wp,-0.4028,0.0167,-1.0804,-117.33,52.87,-120.0,55.54,-98,59,-90,73,-198.86,362.29,103.76,-0.00158,0.01574,2.54778,270.1,-321.8,-55.14,-153.3,-0.95,0.99,0.849,-0.849
67.952,asterisco,hacia_wp,-0.4084,0.0167,-1.0749,-117.33,51.98,-120.0,54.65,-143,56,-138,63,-210.21,379.02,103.8,-0.00209,0.01527,2.54964,287.3,-339.3,-55.39,-153.55,-1.0,1.04,0.849,-0.849
67.992,asterisco,hacia_wp,-0.4119,0.0167,-1.0715,-117.33,51.43,-120.0,54.1,-107,52,-109,59,-221.46,396.12,103.71,-0.00261,0.01431,2.55132,305.7,-357.3,-55.51,-153.67,-1.02,1.07,0.849,-0.849
68.053,asterisco,hacia_wp,-0.4151,0.0167,-1.0683,-117.33,50.92,-120.0,53.59,-134,61,-145,49,-237.79,421.92,103.59,-0.00216,0.0143,2.55505,324.5,-374.8,-55.64,-153.8,-1.02,1.16,0.849,-0.849
68.112,asterisco,hacia_wp,-0.4171,0.0167,-1.0663,-117.34,50.6,-120.0,53.27,-111,49,-120,57,-253.16,447.25,103.47,-0.00302,0.0144,2.55866,343.2,-391.7,-55.74,-153.9,-1.06,1.18,0.849,-0.849
68.151,asterisco,hacia_wp,-0.4212,0.0166,-1.0622,-117.34,49.95,-120.0,52.61,-122,47,-123,60,-265.43,467.51,103.36,-0.00374,0.01543,2.56279,361.4,-407.7,-56.0,-154.16,-1.02,1.17,0.849,-0.849
68.192,asterisco,hacia_wp,-0.4267,0.0167,-1.0567,-117.34,49.07,-120.0,51.74,-118,50,-120,37,-272.72,479.4,103.3,-0.00243,0.01548,2.56403,361.4,-407.7,-56.39,-154.55,-0.94,1.16,0.849,-0.849
68.253,asterisco,hacia_wp,-0.4287,0.0167,-1.0545,-117.32,48.72,-120.0,51.4,-122,53,-102,44,-287.18,502.87,103.18,-0.00364,0.01643,2.56751,395.6,-438.7,-56.53,-154.69,-0.93,1.11,0.849,-0.849
68.312,asterisco,hacia_wp,-0.4307,0.0168,-1.0525,-117.31,48.4,-120.0,51.09,-105,53,-106,44,-302.01,526.13,103.17,-0.00278,0.01608,2.56855,395.6,-438.7,-56.65,-154.81,-0.87,1.11,0.849,-0.849
68.353,asterisco,hacia_wp,-0.4318,0.0169,-1.0513,-117.3,48.22,-120.0,50.92,-123,38,-143,65,-314.59,545.69,103.05,-0.00393,0.01569,2.57125,428.8,-469.7,-56.7,-154.86,-0.9,1.1,0.849,-0.849
68.393,asterisco,hacia_wp,-0.435,0.017,-1.048,-117.28,47.69,-120.0,50.41,-134,51,-104,51,-322.17,557.75,103.04,-0.00374,0.01489,2.57244,428.8,-469.7,-56.86,-155.02,-0.89,1.18,0.849,-0.849
68.451,asterisco,hacia_wp,-0.4363,0.0171,-1.0466,-117.26,47.45,-120.0,50.19,-134,51,-104,51,-337.2,582.18,102.9,-0.00447,0.01621,2.57874,445.4,-485.9,-57.01,-155.17,-0.93,1.2,0.849,-0.849
68.492,asterisco,hacia_wp,-0.4433,0.0172,-1.0395,-117.25,46.31,-120.0,49.07,-119,53,-146,49,-350.2,602.7,102.81,-0.00406,0.01478,2.58085,462.7,-502.1,-57.27,-155.43,-0.91,1.29,0.849,-0.849
68.553,asterisco,hacia_wp,-0.4333,0.0169,-1.0113,-114.22,44.88,-116.92,47.58,-99,56,-106,52,-360.56,619.31,102.68,-0.005,0.01485,2.58174,498.5,-535.2,-57.33,-155.49,-0.93,1.31,0.849,-0.849
68.593,asterisco,hacia_wp,-0.4157,0.0162,-0.9599,-108.75,42.24,-111.35,44.84,-86,48,-143,53,-373.23,639.85,102.59,-0.00518,0.01333,2.58578,498.5,-535.2,-57.5,-155.66,-0.9,1.39,0.849,-0.849
68.651,asterisco,hacia_wp,-0.3951,0.0155,-0.9106,-103.21,40.0,-105.7,42.49,-86,48,-143,53,-388.03,663.84,102.44,-0.00628,0.01444,2.58965,516.1,-551.4,-57.64,-155.8,-0.88,1.33,0.849,-0.849
68.692,asterisco,hacia_wp,-0.3807,0.0149,-0.8593,-98.0,37.1,-100.39,39.48,-106,44,-134,50,-395.13,675.42,102.46,-0.00616,0.01442,2.59193,533.6,-567.5,-57.89,-156.05,-0.79,1.39,0.849,-0.849
68.752,asterisco,hacia_wp,-0.3621,0.0143,-0.8117,-92.77,34.83,-95.05,37.11,-110,39,-80,41,-410.59,700.52,102.28,-0.00648,0.01552,2.59456,550.6,-582.8,-58.02,-156.18,-0.79,1.28,0.849,-0.849
68.793,asterisco,hacia_wp,-0.3419,0.0137,-0.7681,-87.71,33.01,-89.89,35.19,-110,39,-80,41,-418.61,713.49,102.28,-0.0062,0.01638,2.59589,566.9,-596.9,-58.13,-156.29,-0.71,1.33,0.849,-0.849
68.851,asterisco,hacia_wp,-0.3256,0.0131,-0.7271,-83.17,31.07,-85.26,33.17,-98,37,-80,43,-429.83,731.56,102.13,-0.00615,0.01661,2.59759,581.6,-610.2,-58.24,-156.4,-0.73,1.25,0.849,-0.849
68.892,asterisco,hacia_wp,-0.3118,0.0126,-0.6902,-79.15,29.27,-81.17,31.29,-90,32,-86,36,-435.15,740.0,102.11,-0.00619,0.01606,2.59727,594.5,-622.3,-58.28,-156.44,-0.71,1.26,0.849,-0.849
68.952,asterisco,hacia_wp,-0.2961,0.0121,-0.6564,-75.23,27.86,-77.17,29.8,-78,34,-60,24,-444.9,755.82,102.07,-0.00663,0.01658,2.59768,607.0,-633.4,-58.21,-156.37,-0.69,1.25,0.849,-0.849
68.992,asterisco,hacia_wp,-0.2821,0.0117,-0.6255,-71.67,26.54,-73.54,28.41,-78,34,-60,24,-452.34,768.39,102.0,-0.00567,0.0164,2.60015,618.4,-643.5,-58.31,-156.47,-0.73,1.29,0.849,-0.849
69.052,asterisco,hacia_wp,-0.2697,0.0113,-0.5943,-68.22,25.06,-70.02,26.87,-62,22,-86,31,-460.97,783.48,101.92,-0.00481,0.01517,2.6029,629.5,-653.7,-58.52,-156.68,-0.75,1.26,0.849,-0.849
69.092,asterisco,hacia_wp,-0.2447,0.0105,-0.5361,-61.63,22.47,-63.3,24.15,-65,26,-74,24,-465.34,790.86,101.88,-0.00549,0.01559,2.60279,651.0,-672.3,-58.58,-156.74,-0.75,1.25,0.849,-0.849
69.152,asterisco,hacia_wp,-0.2465,0.0105,-0.5353,-61.7,22.26,-63.38,23.94,-79,26,-69,33,-473.93,804.75,101.97,-0.00731,0.01486,2.60887,651.0,-672.3,-58.71,-156.87,-0.7,1.33,0.849,-0.849
69.192,asterisco,hacia_wp,-0.2342,0.0101,-0.5074,-58.52,21.05,-60.13,22.67,-79,26,-69,33,-481.21,815.87,101.9,-0.00669,0.01438,2.61055,661.1,-681.6,-58.92,-157.08,-0.73,1.29,0.849,-0.849
69.253,asterisco,hacia_wp,-0.2248,0.0097,-0.4784,-55.48,19.51,-57.03,21.07,-77,25,-55,33,-489.6,828.09,101.86,-0.00598,0.01458,2.60915,670.7,-691.2,-58.94,-157.1,-0.75,1.26,0.849,-0.849
69.293,asterisco,hacia_wp,-0.2053,0.0091,-0.4285,-49.98,17.13,-51.43,18.58,-71,26,-50,21,-493.44,833.69,101.75,-0.00604,0.01476,2.60873,687.7,-708.2,-58.85,-157.01,-0.77,1.2,0.849,-0.849
69.352,asterisco,hacia_wp,-0.2047,0.0091,-0.4288,-49.95,17.21,-51.4,18.66,-50,24,-57,18,-500.76,845.99,101.68,-0.00588,0.01408,2.61335,687.7,-708.2,-58.99,-157.15,-0.76,1.25,0.849,-0.849
69.413,asterisco,hacia_wp,-0.1967,0.0088,-0.4063,-47.54,16.06,-48.94,17.46,-50,14,-55,12,-505.56,855.48,101.77,-0.00519,0.01502,2.61748,695.3,-715.7,-59.25,-157.41,-0.76,1.21,0.849,-0.849
69.453,asterisco,hacia_wp,-0.1898,0.0085,-0.3855,-45.35,14.98,-46.71,16.34,-43,17,-39,11,-508.73,861.54,101.65,-0.00527,0.01563,2.61705,702.8,-721.9,-59.43,-157.59,-0.75,1.15,0.849,-0.849
69.493,asterisco,hacia_wp,-0.1806,0.0082,-0.3695,-43.35,14.46,-44.67,15.78,-43,17,-39,11,-512.19,867.62,101.67,-0.00423,0.01483,2.61519,709.4,-726.9,-59.39,-157.55,-0.77,1.12,0.849,-0.849
69.553,asterisco,hacia_wp,-0.1632,0.0078,-0.336,-39.31,13.2,-40.56,14.45,-57,23,-47,15,-518.03,876.67,101.58,-0.00393,0.0158,2.6129,722.4,-737.9,-59.24,-157.4,-0.8,1.08,0.849,-0.849
69.613,asterisco,hacia_wp,-0.1551,0.0075,-0.3175,-37.21,12.39,-38.41,13.59,-36,19,-48,17,-524.02,885.15,101.56,-0.00411,0.01571,2.61841,728.6,-744.4,-59.21,-157.37,-0.79,1.03,0.849,-0.849
69.652,asterisco,hacia_wp,-0.1484,0.0073,-0.2983,-35.15,11.41,-36.32,12.57,-37,14,-60,17,-527.36,890.48,101.6,-0.00376,0.01458,2.62388,734.8,-751.3,-59.53,-157.69,-0.78,1.07,0.849,-0.849
69.693,asterisco,hacia_wp,-0.1426,0.007,-0.2808,-33.31,10.5,-34.43,11.62,-39,8,-42,16,-529.61,895.61,101.57,-0.0033,0.01549,2.6312,740.7,-756.9,-59.98,-158.14,-0.8,1.06,0.849,-0.849
69.753,asterisco,hacia_wp,-0.1448,0.007,-0.2797,-33.39,10.23,-34.52,11.35,-27,-8,-46,10,-531.11,902.94,101.57,-0.0032,0.01454,2.63918,746.6,-760.4,-59.98,-158.14,-0.8,1.06,0.849,-0.849
69.813,asterisco,hacia_wp,-0.1426,0.007,-0.2743,-32.79,9.98,-33.91,11.09,-29,-5,-29,-10,-530.67,909.83,101.5,-0.00278,0.01509,2.63537,752.4,-761.9,-60.72,-158.88,-0.79,1.03,0.849,-0.849
69.853,asterisco,hacia_wp,-0.1281,0.0069,-0.2814,-32.21,11.71,-33.32,12.82,-35,-13,-15,-18,-529.62,915.92,101.57,-0.00267,0.01321,2.62891,758.1,-761.2,-60.47,-158.63,-0.8,1.04,0.849,-0.849
69.893,asterisco,hacia_wp,-0.1269,0.0069,-0.282,-32.15,11.85,-33.26,12.96,-35,-11,-31,-20,-528.99,919.65,101.5,-0.00205,0.01548,2.62615,763.9,-760.4,-60.47,-158.63,-0.8,1.04,0.849,-0.849
69.953,asterisco,hacia_wp,-0.1141,0.0069,-0.2875,-31.57,13.32,-32.67,14.42,-29,-9,-40,-1,-528.83,926.96,101.55,-0.00192,0.01533,2.63192,770.5,-760.7,-60.09,-158.25,-0.82,1.04,0.849,-0.849
70.013,pausa,quieto,0.0,0.0,0.0,0,0,0,0,-19,-13,-37,11,-530.32,933.93,101.63,-0.00156,0.0139,2.64609,776.4,-763.1,-60.02,-158.18,-0.84,1.01,,
70.038,pausa,quieto,0.0,0.0,0.0,0,0,0,0,-31,3,-44,3,-531.48,937.6,101.91,-0.00083,0.00121,2.65119,781.7,-766.8,-60.55,-158.71,-0.81,0.99,,
70.085,pausa,quieto,0.0,0.0,0.0,0,0,0,0,-26,10,-15,0,-533.63,941.72,101.92,-0.00174,0.00522,2.64156,781.7,-766.8,-61.18,-159.34,-0.82,1.0,,
70.132,pausa,quieto,0.0,0.0,0.0,0,0,0,0,-26,10,-15,0,-533.85,944.21,101.89,-0.00125,0.00536,2.63556,786.3,-770.1,-61.01,-159.17,-0.85,1.05,,
70.177,pausa,quieto,0.0,0.0,0.0,0,0,0,0,-6,-4,-4,-5,-533.5,944.92,101.67,-0.00063,0.01202,2.63318,788.9,-771.1,-60.58,-158.74,-0.89,1.03,,
70.239,pausa,quieto,0.0,0.0,0.0,0,0,0,0,-8,-6,-2,-9,-532.58,946.28,101.58,-0.00023,0.01337,2.63396,790.1,-770.8,-60.38,-158.54,-0.91,1.01,,
70.286,pausa,quieto,0.0,0.0,0.0,0,0,0,0,-8,-6,-2,-9,-532.32,946.66,101.59,-0.00012,0.01365,2.63395,790.9,-770.3,-60.43,-158.59,-0.92,0.98,,
70.333,pausa,quieto,0.0,0.0,0.0,0,0,0,0,-5,4,-2,-3,-531.9,947.33,101.59,-1e-05,0.014,2.63379,791.6,-770.1,-60.43,-158.59,-0.92,0.97,,
70.38,pausa,quieto,0.0,0.0,0.0,0,0,0,0,-5,-2,-1,-4,-531.69,947.67,101.58,8e-05,0.01372,2.63357,792.1,-770.0,-60.43,-158.59,-0.92,0.96,,
70.453,asterisco,hacia_wp,0.4586,-0.012,1.0294,118.08,-44.71,120.0,-46.63,-2,3,-1,-1,-531.29,948.32,101.57,6e-05,0.01396,2.63333,792.6,-769.9,-60.43,-158.59,-0.92,0.96,0.0,0.0
70.513,asterisco,hacia_wp,0.459,-0.012,1.029,118.08,-44.64,120.0,-46.56,25,-14,8,-8,-530.22,947.57,101.53,-0.0005,0.01229,2.63362,793.6,-769.4,-60.43,-158.59,-0.89,0.94,0.0,0.0
70.553,asterisco,hacia_wp,0.4595,-0.012,1.0285,118.08,-44.56,120.0,-46.48,133,-17,143,-12,-526.85,944.53,101.92,-0.00142,-0.00019,2.63735,793.6,-769.4,-60.43,-158.59,-0.89,0.94,0.0,0.0
70.595,asterisco,hacia_wp,0.4613,-0.012,1.0267,118.08,-44.27,120.0,-46.19,127,-42,148,-40,-522.43,940.57,101.73,-0.00108,0.00334,2.63917,775.8,-755.7,-60.55,-158.71,-0.9,1.03,0.0,0.0
70.653,asterisco,hacia_wp,0.4621,-0.012,1.026,118.08,-44.15,120.0,-46.07,133,-56,170,-34,-505.88,927.57,101.88,-0.00172,0.00209,2.64335,775.8,-755.7,-60.74,-158.9,-0.91,1.21,0.0,0.0
70.713,asterisco,hacia_wp,0.4634,-0.012,1.0246,118.08,-43.94,120.0,-45.86,103,-55,129,-63,-487.03,911.61,101.91,-0.00279,0.00192,2.6428,735.3,-714.8,-60.88,-159.04,-0.87,1.19,0.0,0.0
70.753,asterisco,hacia_wp,0.4637,-0.012,1.0243,118.08,-43.9,120.0,-45.81,110,-69,111,-66,-470.65,894.7,102.02,-0.00346,-0.00258,2.63708,716.5,-692.4,-60.79,-158.95,-0.86,1.23,0.0,0.0
70.795,asterisco,hacia_wp,0.4596,-0.012,1.0284,118.08,-44.54,120.0,-46.46,111,-44,137,-63,-461.47,882.91,102.02,-0.0033,0.00255,2.632,697.5,-670.3,-60.35,-158.51,-0.84,1.33,0.0,0.0
70.853,asterisco,hacia_wp,0.4563,-0.012,1.0317,118.08,-45.06,120.0,-46.98,114,-47,139,-43,-444.53,856.89,102.06,-0.0047,0.00214,2.62726,697.5,-670.3,-59.97,-158.13,-0.82,1.3,0.0,0.0
70.913,asterisco,hacia_wp,0.4539,-0.012,1.0341,118.08,-45.46,120.0,-47.38,111,-34,142,-40,-429.95,829.58,102.09,-0.00456,0.00356,2.62925,656.4,-632.9,-59.77,-157.93,-0.75,1.38,0.0,0.0
70.953,asterisco,hacia_wp,0.4545,-0.012,1.0335,118.08,-45.36,120.0,-47.28,150,-41,103,-31,-419.18,807.49,102.19,-0.0052,0.00194,2.63092,635.8,-617.5,-59.94,-158.1,-0.76,1.37,0.0,0.0
70.995,asterisco,hacia_wp,0.4528,-0.012,1.0352,118.08,-45.63,120.0,-47.55,98,-37,143,-40,-412.71,795.0,102.11,-0.00583,0.00238,2.63025,635.8,-617.5,-60.04,-158.2,-0.79,1.43,0.0,0.0
71.053,asterisco,hacia_wp,0.4495,-0.012,1.0385,118.08,-46.16,120.0,-48.08,98,-37,143,-40,-399.38,771.73,102.04,-0.00354,0.0119,2.62257,616.3,-603.2,-59.91,-158.07,-0.75,1.43,0.0,0.0
71.094,asterisco,hacia_wp,0.442,-0.012,1.046,118.08,-47.36,120.0,-49.28,109,-45,89,-47,-386.68,753.77,102.15,-0.00461,0.01174,2.61982,598.5,-588.6,-59.68,-157.84,-0.75,1.46,0.0,0.0
71.153,asterisco,hacia_wp,0.4404,-0.012,1.0476,118.08,-47.62,120.0,-49.54,120,-58,121,-57,-369.82,732.6,102.28,-0.00564,0.01181,2.62075,568.2,-556.5,-59.57,-157.73,-0.75,1.44,0.0,0.0
71.194,asterisco,hacia_wp,0.443,-0.012,1.045,118.08,-47.2,120.0,-49.12,120,-58,121,-57,-361.08,721.81,102.46,-0.00561,0.01119,2.62051,568.2,-556.5,-59.63,-157.79,-0.7,1.47,0.0,0.0
71.253,asterisco,hacia_wp,0.4456,-0.012,1.0424,118.08,-46.78,120.0,-48.71,123,-56,146,-61,-343.67,699.19,102.65,-0.00585,0.0098,2.61957,553.6,-539.0,-59.6,-157.76,-0.73,1.53,0.0,0.0
71.294,asterisco,hacia_wp,0.4498,-0.012,1.0382,118.08,-46.1,120.0,-48.03,114,-52,118,-52,-329.42,679.27,102.7,-0.00551,0.01048,2.618,521.8,-502.5,-59.57,-157.73,-0.73,1.54,0.0,0.0
71.353,asterisco,hacia_wp,0.4474,-0.012,1.0406,118.08,-46.49,120.0,-48.41,124,-48,144,-63,-318.6,663.03,102.83,-0.0049,0.01117,2.61682,521.8,-502.5,-59.44,-157.6,-0.75,1.54,0.0,0.0
71.394,asterisco,hacia_wp,0.4485,-0.012,1.0395,118.08,-46.32,120.0,-48.24,127,-50,129,-56,-305.72,642.32,102.93,-0.00502,0.01127,2.61595,486.7,-467.6,-59.42,-157.58,-0.76,1.56,0.0,0.0
71.453,asterisco,hacia_wp,0.4465,-0.012,1.0416,118.09,-46.65,120.0,-48.56,118,-36,118,-39,-290.89,617.84,102.85,-0.00476,0.01241,2.61706,468.3,-451.7,-59.36,-157.52,-0.73,1.54,0.0,0.0
71.493,asterisco,hacia_wp,0.4441,-0.0119,1.0441,118.1,-47.05,120.0,-48.95,134,-51,171,-48,-283.55,606.0,102.99,-0.0055,0.01118,2.61706,450.4,-436.0,-59.49,-157.65,-0.79,1.51,0.0,0.0
71.553,asterisco,hacia_wp,0.4448,-0.0118,1.0434,118.12,-46.94,120.0,-48.83,136,-38,108,-57,-266.14,578.5,103.15,-0.00317,0.01347,2.61273,432.8,-420.2,-59.35,-157.51,-0.74,1.44,0.0,0.0
71.613,asterisco,hacia_wp,0.4429,-0.0117,1.0454,118.13,-47.27,120.0,-49.14,116,-48,89,-50,-250.81,555.34,103.27,-0.00395,0.01188,2.60752,416.2,-403.9,-59.21,-157.37,-0.81,1.37,0.0,0.0
71.653,asterisco,hacia_wp,0.4378,-0.0116,1.0506,118.15,-48.09,120.0,-49.95,97,-42,167,-49,-237.0,536.12,103.26,-0.00314,0.01398,2.60787,399.1,-387.3,-59.02,-157.18,-0.79,1.37,0.0,0.0
71.694,asterisco,hacia_wp,0.439,-0.0114,1.0495,118.17,-47.93,120.0,-49.76,118,-56,125,-54,-229.08,524.51,103.39,-0.003,0.01211,2.6061,382.4,-370.2,-58.98,-157.14,-0.82,1.35,0.0,0.0
71.753,asterisco,hacia_wp,0.4371,-0.0113,1.045,117.67,-47.73,119.47,-49.53,125,-45,98,-51,-212.49,501.2,103.54,-0.00302,0.01232,2.60537,365.8,-353.5,-58.98,-157.14,-0.82,1.35,0.0,0.0
71.794,asterisco,hacia_wp,0.436,-0.0113,1.0455,117.62,-47.85,119.42,-49.66,113,-49,121,-55,-201.76,485.36,103.54,-0.00303,0.01346,2.60457,348.7,-336.5,-58.92,-157.08,-0.82,1.38,0.0,0.0
71.853,asterisco,hacia_wp,0.3954,-0.0099,0.9467,106.57,-43.31,108.16,-44.9,134,-44,106,-48,-188.7,465.54,103.57,-0.00245,0.01248,2.60345,331.7,-319.8,-58.88,-157.04,-0.87,1.33,0.0,0.0
71.894,asterisco,hacia_wp,0.3939,-0.0099,0.9473,106.5,-43.48,108.09,-45.07,143,-45,112,-51,-175.42,445.54,103.59,-0.00293,0.01297,2.60197,314.6,-303.1,-58.79,-156.95,-0.86,1.38,0.0,0.0
71.953,asterisco,hacia_wp,0.3728,-0.0092,0.8986,100.98,-41.33,102.46,-42.81,95,-51,110,-51,-160.18,422.39,103.62,-0.00169,0.01452,2.59991,297.5,-286.8,-58.72,-156.88,-0.86,1.29,0.0,0.0
71.993,asterisco,hacia_wp,0.3512,-0.0086,0.8506,95.46,-39.27,96.83,-40.64,89,-40,100,-44,-152.92,411.45,103.66,-0.0016,0.01491,2.60145,281.5,-271.2,-58.64,-156.8,-0.8,1.29,0.0,0.0
72.053,asterisco,hacia_wp,0.3325,-0.008,0.8044,90.32,-37.12,91.59,-38.39,102,-41,120,-45,-139.16,391.03,103.78,-0.00194,0.01404,2.60169,266.5,-257.0,-58.64,-156.8,-0.91,1.23,0.0,0.0
72.113,asterisco,hacia_wp,0.3156,-0.0074,0.7617,85.6,-35.1,86.78,-36.28,87,-29,91,-45,-125.14,370.04,103.8,-0.00154,0.01511,2.59785,252.7,-243.7,-58.72,-156.88,-0.84,1.23,0.0,0.0
72.153,asterisco,hacia_wp,0.2983,-0.0068,0.7227,81.13,-33.41,82.23,-34.5,87,-37,76,-46,-117.51,358.78,103.84,-0.0017,0.01524,2.5958,252.7,-243.7,-58.64,-156.8,-0.87,1.21,0.0,0.0
72.193,asterisco,hacia_wp,0.282,-0.0063,0.6882,77.11,-31.98,78.13,-33.0,87,-37,76,-46,-108.28,345.29,103.88,-0.0017,0.01453,2.59384,240.7,-231.6,-58.44,-156.6,-0.89,1.3,0.0,0.0
72.253,asterisco,hacia_wp,0.267,-0.0059,0.6542,73.22,-30.5,74.16,-31.44,78,-36,62,-30,-101.25,334.96,103.98,-0.00106,0.01534,2.595,217.7,-208.6,-58.29,-156.45,-0.88,1.27,0.0,0.0
72.313,asterisco,hacia_wp,0.2545,-0.0054,0.6213,69.63,-28.92,70.5,-29.79,86,-32,56,-28,-89.42,317.68,104.01,-0.00112,0.01391,2.59596,206.8,-198.4,-58.31,-156.47,-0.86,1.25,0.0,0.0
72.353,asterisco,hacia_wp,0.243,-0.005,0.5901,66.25,-27.36,67.05,-28.17,76,-29,84,-36,-83.01,308.07,103.92,-0.0007,0.01469,2.59445,206.8,-198.4,-58.44,-156.6,-0.86,1.31,0.0,0.0
72.398,asterisco,hacia_wp,0.2307,-0.0046,0.5599,62.88,-25.97,63.62,-26.71,57,-25,73,-29,-75.4,296.81,103.91,-0.00048,0.01556,2.59335,186.1,-178.1,-58.4,-156.56,-0.89,1.25,0.0,0.0
72.452,asterisco,hacia_wp,0.2176,-0.0042,0.5309,59.54,-24.73,60.21,-25.4,59,2,66,-28,-68.25,285.91,103.98,0.0006,0.01563,2.59189,186.1,-178.1,-58.28,-156.44,-0.9,1.22,0.0,0.0
72.513,asterisco,hacia_wp,0.206,-0.0038,0.5042,56.51,-23.54,57.12,-24.16,67,-22,64,-25,-60.03,273.41,103.89,-0.00013,0.01633,2.59405,167.7,-160.6,-58.19,-156.35,-0.95,1.2,0.0,0.0
72.553,asterisco,hacia_wp,0.1957,-0.0035,0.4785,53.65,-22.35,54.21,-22.91,65,-24,62,-24,-54.83,265.68,104.0,0.00046,0.01575,2.59634,158.9,-152.6,-58.26,-156.42,-0.9,1.18,0.0,0.0
72.593,asterisco,hacia_wp,0.1863,-0.0032,0.4537,50.95,-21.14,51.45,-21.64,63,-21,52,-24,-51.05,259.96,103.95,0.00033,0.01703,2.59722,158.9,-152.6,-58.42,-156.58,-0.91,1.18,0.0,0.0
72.652,asterisco,hacia_wp,0.1766,-0.0028,0.4306,48.34,-20.09,48.8,-20.55,48,-23,60,-23,-42.93,247.65,103.95,0.00048,0.01708,2.59529,150.7,-144.8,-58.39,-156.55,-0.95,1.18,0.0,0.0
72.713,asterisco,hacia_wp,0.1668,-0.0025,0.4086,45.83,-19.14,46.24,-19.55,50,-12,61,-30,-36.47,237.92,103.95,0.00034,0.01706,2.59244,135.9,-129.9,-58.29,-156.45,-0.89,1.18,0.0,0.0
72.753,asterisco,hacia_wp,0.1582,-0.0023,0.3877,43.49,-18.18,43.85,-18.54,50,-12,61,-30,-31.44,230.18,104.06,-0.00061,0.01709,2.59074,135.9,-129.9,-58.16,-156.32,-0.9,1.18,0.0,0.0
72.793,asterisco,hacia_wp,0.1507,-0.002,0.3675,41.29,-17.18,41.61,-17.5,38,-14,37,-20,-28.67,225.71,104.12,-0.00053,0.01664,2.59084,129.2,-122.9,-58.13,-156.29,-0.83,1.16,0.0,0.0
72.853,asterisco,hacia_wp,0.1436,-0.0018,0.3498,39.34,-16.36,39.62,-16.64,43,-15,51,-18,-23.08,217.66,103.95,0.00014,0.01675,2.59587,123.1,-117.0,-58.18,-156.34,-0.87,1.18,0.0,0.0
72.913,asterisco,hacia_wp,0.1372,-0.0015,0.3315,37.37,-15.42,37.62,-15.66,33,-11,47,-22,-17.51,210.11,104.02,-8e-05,0.01757,2.59157,116.6,-111.2,-58.38,-156.54,-0.88,1.21,0.0,0.0
72.953,asterisco,hacia_wp,0.1306,-0.0013,0.3164,35.66,-14.76,35.87,-14.97,26,-12,36,-18,-13.1,203.9,103.98,0.00016,0.01795,2.58749,111.6,-105.7,-58.13,-156.29,-0.86,1.19,0.0,0.0
72.992,asterisco,hacia_wp,0.1239,-0.0011,0.3003,33.84,-14.03,34.02,-14.2,26,-12,36,-18,-10.36,200.11,104.02,-0.00102,0.01797,2.58644,106.3,-99.8,-57.86,-156.02,-0.87,1.2,0.0,0.0
73.053,asterisco,hacia_wp,0.1187,-0.0009,0.2856,32.27,-13.28,32.41,-13.42,43,-13,52,-18,-5.31,192.92,104.15,-0.00089,0.01785,2.59199,101.2,-94.5,-57.91,-156.07,-0.83,1.23,0.0,0.0
73.094,asterisco,hacia_wp,0.1189,-0.0009,0.2855,32.28,-13.26,32.42,-13.4,38,-17,33,-5,-2.06,187.59,104.17,-0.00059,0.01767,2.59743,95.7,-89.3,-57.91,-156.07,-0.83,1.23,0.0,0.0
73.153,asterisco,hacia_wp,0.1208,-0.0009,0.2847,32.37,-13.04,32.51,-13.19,29,-9,27,-14,0.12,183.64,104.09,-0.0004,0.01667,2.59819,90.3,-85.0,-58.5,-156.66,-0.84,1.25,0.0,0.0
73.193,pausa,quieto,0.0,0.0,0.0,0,0,0,0,29,-9,27,-14,2.82,178.59,104.08,-0.00034,0.01717,2.59385,85.9,-81.5,-58.5,-156.66,-0.84,1.25,,
73.231,pausa,quieto,0.0,0.0,0.0,0,0,0,0,20,-1,39,-21,5.04,174.57,104.08,-0.0002,0.01637,2.5905,81.8,-77.6,-58.39,-156.55,-0.85,1.24,,
73.276,pausa,quieto,0.0,0.0,0.0,0,0,0,0,29,-5,31,-11,6.67,170.57,104.02,0.00022,0.01748,2.58696,73.6,-69.9,-58.14,-156.3,-0.88,1.27,,
73.337,pausa,quieto,0.0,0.0,0.0,0,0,0,0,16,4,14,0,6.7,168.07,104.04,-1e-05,0.01647,2.58484,71.3,-68.8,-57.93,-156.09,-0.89,1.28,,
73.384,pausa,quieto,0.0,0.0,0.0,0,0,0,0,6,2,10,3,5.98,167.14,104.02,-0.00022,0.01608,2.58506,70.1,-69.6,-57.77,-155.93,-0.89,1.27,,
73.43,pausa,quieto,0.0,0.0,0.0,0,0,0,0,2,8,5,2,5.72,166.74,104.03,-0.00027,0.01619,2.58492,70.1,-69.6,-57.77,-155.93,-0.89,1.28,,
73.478,pausa,quieto,0.0,0.0,0.0,0,0,0,0,0,0,2,0,5.79,166.74,104.03,-0.00018,0.01586,2.5841,69.4,-70.6,-57.75,-155.91,-0.88,1.29,,
73.54,pausa,quieto,0.0,0.0,0.0,0,0,0,0,1,-5,-8,-3,6.1,167.32,104.0,-0.00014,0.01592,2.58486,69.9,-70.4,-57.76,-155.92,-0.89,1.29,,
73.588,pausa,quieto,0.0,0.0,0.0,0,0,0,0,-4,2,-6,0,6.54,167.93,103.99,-0.00011,0.01596,2.58513,70.8,-70.2,-57.76,-155.92,-0.89,1.29,,
73.653,espiral,hacia_wp,-0.6602,0.0051,0.2842,-29.68,-75.96,-30.49,-75.14,-4,0,-2,2,7.0,168.61,103.97,-6e-05,0.01641,2.58535,71.5,-70.0,-57.77,-155.93,-0.89,1.3,0.289,0.167
73.693,espiral,hacia_wp,-0.6585,0.0051,0.2843,-29.53,-75.83,-30.35,-75.02,-4,-1,-1,-10,7.47,169.16,103.92,0.00068,0.01614,2.58494,72.2,-69.7,-57.77,-155.93,-0.89,1.3,0.289,0.167
73.753,espiral,hacia_wp,-0.6585,0.0051,0.2844,-29.52,-75.84,-30.33,-75.02,-15,-13,-13,-31,11.89,173.9,104.02,0.00078,0.01518,2.59016,74.1,-68.2,-57.78,-155.94,-0.88,1.3,0.289,0.167
73.793,espiral,hacia_wp,-0.6529,0.005,0.2838,-29.12,-75.34,-29.93,-74.54,-27,-82,-29,-82,19.8,182.62,104.02,0.00063,0.01533,2.59626,82.1,-60.4,-57.85,-156.01,-0.94,1.29,0.289,0.167
73.853,espiral,hacia_wp,-0.5878,0.0047,0.2643,-25.5,-68.56,-26.26,-67.8,-31,-83,-55,-56,28.71,192.17,104.06,0.00083,0.01542,2.59589,95.8,-47.2,-58.46,-156.62,-0.9,1.29,0.289,0.167
73.893,espiral,hacia_wp,-0.5867,0.0047,0.267,-25.2,-68.67,-25.95,-67.92,-58,-78,-45,-73,42.69,205.35,103.99,-0.00019,0.01592,2.59469,112.3,-33.4,-58.46,-156.62,-0.9,1.29,0.289,0.167
73.957,espiral,hacia_wp,-0.5408,0.0045,0.2529,-22.68,-63.86,-23.4,-63.14,-50,-91,-52,-103,61.69,219.81,104.08,-0.00033,0.01619,2.59487,128.8,-19.3,-58.39,-156.55,-0.88,1.27,0.289,0.167
74.014,espiral,hacia_wp,-0.4949,0.0043,0.2378,-20.22,-58.96,-20.91,-58.27,-30,-87,-22,-102,79.88,229.75,104.13,-0.00077,0.01511,2.59802,143.0,-5.4,-58.4,-156.56,-0.83,1.31,0.289,0.167
74.053,espiral,hacia_wp,-0.4223,0.0041,0.2036,-17.17,-50.41,-17.83,-49.75,-5,-76,-22,-62,92.05,234.51,104.12,0.00015,0.01524,2.59868,152.1,7.9,-58.56,-156.72,-0.84,1.32,0.289,0.167
74.093,espiral,hacia_wp,-0.4218,0.0041,0.2048,-17.03,-50.45,-17.69,-49.8,-9,-55,-8,-55,97.91,236.32,104.11,-0.00015,0.01501,2.59856,152.1,7.9,-58.56,-156.72,-0.84,1.32,0.289,0.167
74.153,espiral,hacia_wp,-0.4014,0.0041,0.1876,-16.77,-47.45,-17.43,-46.79,-7,-43,-2,-39,105.89,239.04,104.17,0.00065,0.01476,2.59551,160.2,26.4,-58.62,-156.78,-0.88,1.29,0.289,0.167
74.193,espiral,hacia_wp,-0.3885,0.0042,0.1741,-16.82,-45.34,-17.49,-44.67,-18,-21,-1,-30,110.22,241.65,104.09,0.0008,0.01467,2.59037,162.9,31.2,-58.55,-156.71,-0.87,1.32,0.289,0.167
74.253,espiral,hacia_wp,-0.291,-0.0007,0.564,21.79,-68.35,21.9,-68.45,-17,-21,-6,-32,115.66,246.15,104.11,0.0002,0.01407,2.58953,166.3,34.7,-58.09,-156.25,-0.92,1.33,0.183,0.318
74.293,espiral,hacia_wp,-0.2936,-0.0006,0.5627,21.47,-68.45,21.57,-68.55,-26,-31,-21,-36,119.14,248.96,104.19,-1e-05,0.01322,2.59129,171.3,38.2,-58.09,-156.25,-0.92,1.33,0.183,0.318
74.353,espiral,hacia_wp,-0.2805,-0.0007,0.5598,22.29,-67.17,22.4,-67.28,-7,-67,-7,-51,129.32,253.68,104.22,-0.00074,0.01231,2.59563,177.4,43.5,-58.07,-156.23,-0.9,1.4,0.183,0.318
74.393,espiral,hacia_wp,-0.2611,-0.0008,0.5554,23.48,-65.25,23.61,-65.38,6,-73,26,-73,141.85,255.17,104.2,-0.00077,0.01334,2.59738,182.3,53.9,-58.28,-156.44,-0.9,1.43,0.183,0.318
74.453,espiral,hacia_wp,-0.2234,-0.0006,0.5091,22.81,-58.55,22.9,-58.65,28,-75,27,-84,154.04,254.35,104.35,-0.00168,0.01215,2.59598,183.8,69.2,-58.43,-156.59,-0.88,1.49,0.183,0.318
74.512,espiral,hacia_wp,-0.2228,-0.0006,0.5094,22.88,-58.52,22.98,-58.62,30,-94,37,-86,177.1,249.86,104.49,-0.00147,0.01191,2.5945,183.2,87.0,-58.5,-156.66,-0.86,1.49,0.183,0.318
74.555,espiral,hacia_wp,-0.2083,-0.0003,0.4722,21.08,-54.42,21.13,-54.47,34,-70,46,-80,189.62,246.51,104.44,-0.00266,0.0114,2.59487,181.3,105.1,-58.45,-156.61,-0.88,1.47,0.183,0.318
74.593,espiral,hacia_wp,-0.1964,-0.0,0.4332,18.94,-50.37,18.95,-50.37,37,-66,34,-72,197.97,244.04,104.52,-0.00182,0.01072,2.59577,178.5,120.6,-58.39,-156.55,-0.87,1.49,0.183,0.318
74.633,espiral,hacia_wp,-0.1878,0.0003,0.3992,16.94,-46.98,16.89,-46.93,22,-48,23,-55,209.27,241.07,104.67,-0.00217,0.01074,2.59576,178.5,120.6,-58.43,-156.59,-0.85,1.58,0.183,0.318
74.713,espiral,hacia_wp,-0.1797,0.0005,0.3721,15.43,-44.18,15.35,-44.1,14,-33,11,-46,221.16,239.48,104.66,-0.00164,0.01025,2.59489,176.4,141.8,-58.51,-156.67,-0.86,1.61,0.183,0.318
74.756,espiral,hacia_wp,0.1272,-0.0051,0.6856,64.61,-44.26,65.44,-45.08,7,-37,5,-32,225.5,239.6,104.74,-0.00226,0.00975,2.59404,176.4,141.8,-58.48,-156.64,-0.88,1.6,0.0,0.4
74.793,espiral,hacia_wp,0.1332,-0.0051,0.6753,64.27,-42.96,65.09,-43.77,9,-30,14,-35,228.7,239.68,104.82,-0.00328,0.00918,2.59348,179.2,152.2,-58.35,-156.51,-0.88,1.67,0.0,0.4
74.853,espiral,hacia_wp,0.1409,-0.005,0.667,64.23,-41.68,65.04,-42.49,61,-35,60,-31,236.41,236.82,104.89,-0.00335,0.00974,2.59487,179.4,158.0,-58.35,-156.51,-0.82,1.65,0.0,0.4
74.913,espiral,hacia_wp,0.1479,-0.005,0.655,63.84,-40.17,64.63,-40.97,85,-43,118,-42,249.38,227.25,105.03,-0.00386,0.0083,2.5943,173.2,167.8,-58.46,-156.62,-0.84,1.73,0.0,0.4
74.953,espiral,hacia_wp,0.1426,-0.0047,0.6297,61.41,-38.59,62.16,-39.34,71,-41,61,-42,258.2,219.31,105.16,-0.00303,0.00813,2.59265,173.2,167.8,-58.34,-156.5,-0.84,1.75,0.0,0.4
74.993,espiral,hacia_wp,0.1324,-0.0042,0.5917,57.59,-36.4,58.26,-37.07,88,-41,69,-51,265.34,212.37,105.13,-0.00351,0.00782,2.5918,162.3,181.8,-58.27,-156.43,-0.92,1.79,0.0,0.4
75.056,espiral,hacia_wp,0.1216,-0.0037,0.5518,53.57,-34.12,54.17,-34.71,70,-49,72,-46,283.33,192.49,105.45,-0.00239,0.00798,2.58836,139.2,211.5,-58.1,-156.26,-0.89,1.84,0.0,0.4
75.113,espiral,hacia_wp,0.1103,-0.0032,0.5107,49.43,-31.78,49.93,-32.29,73,-46,82,-41,292.84,180.77,105.47,-0.00182,0.00717,2.58668,128.1,224.7,-58.03,-156.19,-0.96,1.81,0.0,0.4
75.155,espiral,hacia_wp,0.0997,-0.0027,0.4736,45.65,-29.7,46.08,-30.13,59,-28,51,-30,298.88,173.04,105.64,-0.00205,0.00726,2.58418,118.0,236.2,-57.97,-156.13,-1.0,1.82,0.0,0.4
75.193,espiral,hacia_wp,0.0884,-0.0023,0.4415,42.21,-28.06,42.58,-28.42,46,-25,45,-26,302.69,168.25,105.7,-0.00257,0.00708,2.58401,118.0,236.2,-57.86,-156.02,-0.97,1.78,0.0,0.4
75.253,espiral,hacia_wp,0.0812,-0.002,0.4169,39.69,-26.7,40.0,-27.01,46,-25,45,-26,308.99,160.89,105.71,-0.00175,0.00719,2.58665,110.4,244.8,-57.91,-156.07,-0.97,1.8,0.0,0.4
75.313,espiral,hacia_wp,0.0777,-0.0018,0.3983,37.95,-25.51,38.23,-25.79,26,-17,26,-24,315.44,154.8,105.76,-0.0026,0.00608,2.58758,105.2,251.5,-58.04,-156.2,-0.99,1.82,0.0,0.4
75.353,espiral,hacia_wp,0.5391,-0.0067,0.5293,84.94,1.32,86.0,0.25,26,-17,26,-24,319.48,151.56,105.88,-0.00337,0.00521,2.58762,101.7,256.8,-58.04,-156.2,-0.98,1.83,-0.217,0.375
75.392,espiral,hacia_wp,0.5377,-0.0065,0.5159,83.77,2.26,84.81,1.22,29,-26,27,-31,322.68,148.79,105.97,-0.00353,0.00592,2.5877,98.7,261.9,-58.05,-156.21,-0.97,1.84,-0.217,0.375
75.433,espiral,hacia_wp,0.5373,-0.0064,0.5012,82.57,3.39,83.59,2.38,35,-16,36,-28,326.9,141.58,106.0,-0.00395,0.00573,2.58454,95.8,267.9,-57.97,-156.13,-0.92,1.8,-0.217,0.375
75.513,espiral,hacia_wp,0.5291,-0.0061,0.4875,80.84,3.82,81.82,2.83,76,7,87,-8,330.96,121.43,106.54,-0.00573,-0.00179,2.57161,78.1,281.2,-57.63,-155.79,-0.89,1.76,-0.217,0.375
75.554,espiral,hacia_wp,0.5047,-0.0057,0.4676,77.33,3.42,78.25,2.5,76,7,87,-8,332.12,107.82,106.7,-0.00548,-0.00603,2.56232,78.1,281.2,-56.97,-155.13,-0.9,1.77,-0.217,0.375
75.593,espiral,hacia_wp,0.4752,-0.0052,0.438,72.64,3.39,73.47,2.55,91,15,153,-3,332.72,96.79,106.69,-0.00489,-0.00301,2.55666,60.4,287.6,-56.33,-154.49,-1.0,1.84,-0.217,0.375
75.654,espiral,hacia_wp,0.4366,-0.0047,0.4143,67.69,2.16,68.44,1.41,82,22,137,3,332.93,70.67,106.74,-0.00454,-0.00272,2.55325,41.1,292.9,-55.98,-154.14,-1.01,1.72,-0.217,0.375
75.713,espiral,hacia_wp,0.399,-0.0041,0.3902,62.8,1.04,63.46,0.38,94,18,78,20,331.4,51.33,106.79,-0.00477,-0.00329,2.55491,3.3,298.9,-56.1,-154.26,-1.02,1.76,-0.217,0.375
75.753,espiral,hacia_wp,0.3651,-0.0036,0.3672,58.3,0.12,58.88,-0.46,94,18,78,20,329.89,41.15,106.83,-0.00537,-0.00498,2.55572,3.3,298.9,-56.17,-154.33,-1.0,1.76,-0.217,0.375
75.793,espiral,hacia_wp,0.3119,-0.0029,0.3385,51.8,-1.89,52.27,-2.36,72,19,60,23,328.19,32.97,106.86,-0.00573,-0.00488,2.5561,-23.9,299.8,-56.21,-154.37,-1.02,1.82,-0.217,0.375
75.832,espiral,hacia_wp,0.2943,-0.0027,0.3308,49.79,-2.71,50.22,-3.14,39,19,46,15,326.4,26.3,106.89,-0.00577,-0.00413,2.55728,-32.7,299.3,-56.29,-154.45,-0.98,1.83,-0.217,0.375
75.913,espiral,hacia_wp,0.2799,-0.0025,0.3257,48.24,-3.46,48.65,-3.87,31,19,36,21,322.24,14.79,106.83,-0.00586,-0.00479,2.55533,-39.6,298.4,-56.24,-154.4,-0.99,1.83,-0.217,0.375
75.953,espiral,hacia_wp,0.2647,-0.0024,0.3215,46.7,-4.36,47.09,-4.74,31,21,39,21,320.35,8.67,106.89,-0.00602,-0.00459,2.55557,-46.5,297.2,-56.15,-154.31,-0.99,1.82,-0.217,0.375
75.992,espiral,hacia_wp,0.247,-0.0022,0.3165,44.9,-5.38,45.26,-5.73,43,17,39,21,319.1,3.83,106.9,-0.00696,-0.00427,2.55627,-54.5,296.1,-56.15,-154.31,-0.94,1.85,-0.217,0.375
76.053,espiral,hacia_wp,0.7436,-0.0048,0.2051,75.51,43.47,76.28,42.69,39,13,40,18,316.36,-9.1,107.03,-0.00829,-0.00422,2.55877,-63.5,295.5,-56.32,-154.48,-0.88,1.9,-0.404,0.233
76.113,espiral,hacia_wp,0.7244,-0.0046,0.1925,72.99,42.92,73.71,42.19,58,17,44,16,313.7,-22.34,107.12,-0.00918,-0.0039,2.55571,-73.6,295.9,-56.26,-154.42,-0.83,1.9,-0.404,0.233
76.173,espiral,hacia_wp,0.6994,-0.0043,0.1829,70.24,41.66,70.93,40.98,64,30,68,25,307.73,-39.58,107.19,-0.01052,-0.00301,2.55671,-85.7,295.8,-56.15,-154.31,-0.79,1.9,-0.404,0.233
76.194,espiral,hacia_wp,0.6994,-0.0043,0.1829,70.24,41.66,70.93,40.98,80,39,73,41,305.02,-46.2,107.3,-0.01176,-0.00252,2.55772,-101.5,293.5,-56.15,-154.31,-0.79,1.9,-0.404,0.233
76.253,espiral,hacia_wp,0.6656,-0.0039,0.172,66.7,39.8,67.32,39.18,80,59,84,63,295.31,-67.43,107.36,-0.01086,-0.00039,2.55642,-119.9,289.1,-56.18,-154.34,-0.71,1.91,-0.404,0.233
76.293,espiral,hacia_wp,0.6245,-0.0035,0.1622,62.66,37.26,63.21,36.71,96,63,81,67,288.36,-81.39,107.42,-0.01193,-0.00055,2.5539,-139.5,283.9,-56.26,-154.42,-0.62,1.96,-0.404,0.233
76.353,espiral,hacia_wp,0.5373,-0.0026,0.1471,54.55,31.43,54.97,31.0,74,55,85,46,278.28,-102.97,107.4,-0.01198,-0.00215,2.55273,-158.2,278.8,-55.92,-154.08,-0.6,1.97,-0.404,0.233
76.393,espiral,hacia_wp,0.5368,-0.0027,0.1491,54.66,31.23,55.08,30.8,58,36,80,46,275.15,-110.38,107.55,-0.01131,-0.00072,2.55449,-173.8,274.9,-55.92,-154.08,-0.6,1.97,-0.404,0.233
76.453,espiral,hacia_wp,0.502,-0.0023,0.1415,51.29,29.02,51.66,28.65,47,27,39,20,271.01,-121.94,107.64,-0.01289,0.00039,2.55289,-185.4,272.4,-55.95,-154.11,-0.59,2.01,-0.404,0.233
76.493,espiral,hacia_wp,0.4763,-0.002,0.1343,48.69,27.53,49.02,27.2,47,17,41,16,269.34,-129.26,107.73,-0.01284,-0.0004,2.55421,-194.2,271.8,-56.05,-154.21,-0.57,2.0,-0.404,0.233
76.553,espiral,hacia_wp,0.4443,-0.0017,0.1212,45.11,25.98,45.37,25.71,33,10,24,11,268.28,-134.55,107.77,-0.01339,-0.00113,2.55792,-201.0,271.7,-56.06,-154.22,-0.53,2.1,-0.404,0.233
76.593,espiral,hacia_wp,0.4445,-0.0017,0.1205,45.07,26.05,45.33,25.79,39,17,47,20,266.2,-141.68,107.83,-0.01474,8e-05,2.55848,-207.2,271.1,-56.06,-154.22,-0.53,2.1,-0.404,0.233
76.653,espiral,hacia_wp,0.4319,-0.0015,0.1144,43.58,25.52,43.82,25.28,42,30,50,21,262.57,-152.12,108.03,-0.01506,0.00048,2.55811,-215.6,270.1,-56.21,-154.37,-0.45,2.14,-0.404,0.233
76.693,espiral,hacia_wp,0.4142,-0.0013,0.108,41.68,24.6,41.89,24.39,44,34,59,29,258.3,-162.28,108.03,-0.01461,0.0017,2.5567,-225.4,268.6,-56.25,-154.41,-0.37,2.11,-0.404,0.233
76.753,espiral,hacia_wp,0.7884,-0.0001,-0.2815,40.55,85.6,40.56,85.59,46,32,41,31,254.6,-170.69,108.11,-0.01396,0.00129,2.55591,-237.0,266.2,-56.22,-154.38,-0.37,2.14,-0.5,0.0
76.793,espiral,hacia_wp,0.7889,-0.0001,-0.2801,40.69,85.53,40.71,85.51,66,34,44,35,250.18,-180.83,108.3,-0.0153,0.00137,2.55559,-248.1,263.5,-56.12,-154.28,-0.39,2.1,-0.5,0.0
76.853,espiral,hacia_wp,0.7642,0.0001,-0.2851,38.34,83.94,38.32,83.96,44,46,40,41,241.92,-192.79,108.34,-0.01449,0.00213,2.55524,-259.0,260.3,-56.1,-154.26,-0.4,2.18,-0.5,0.0
76.893,espiral,hacia_wp,0.7392,0.0004,-0.2893,36.03,82.25,35.97,82.31,48,63,58,64,230.92,-203.46,108.41,-0.014,0.00285,2.55732,-270.1,253.4,-56.09,-154.25,-0.36,2.12,-0.5,0.0
76.952,espiral,hacia_wp,0.6717,0.0007,-0.2761,31.71,75.76,31.59,75.88,37,94,46,101,219.35,-212.41,108.12,-0.01332,0.01078,2.55729,-283.5,241.7,-56.13,-154.29,-0.38,2.17,-0.5,0.0
76.993,espiral,hacia_wp,0.671,0.0008,-0.2778,31.51,75.84,31.39,75.97,41,90,44,95,202.45,-222.98,108.16,-0.01201,0.01183,2.5551,-297.0,226.6,-56.28,-154.44,-0.38,2.1,-0.5,0.0
77.052,espiral,hacia_wp,0.629,0.0009,-0.2604,29.56,71.08,29.41,71.22,24,88,36,90,181.27,-234.45,108.14,-0.01176,0.01132,2.55449,-309.9,210.3,-56.28,-154.44,-0.38,2.12,-0.5,0.0
77.092,espiral,hacia_wp,0.5877,0.001,-0.2387,28.0,66.03,27.84,66.19,31,87,23,88,171.39,-239.32,108.16,-0.0122,0.01174,2.55587,-321.2,194.1,-56.15,-154.31,-0.41,2.06,-0.5,0.0
77.153,espiral,hacia_wp,0.5162,0.0011,-0.2001,25.38,57.21,25.2,57.39,23,63,21,82,154.85,-247.4,108.15,-0.01233,0.01262,2.56007,-331.0,180.7,-56.21,-154.37,-0.43,2.02,-0.5,0.0
77.212,espiral,hacia_wp,0.5155,0.0012,-0.2018,25.19,57.29,25.01,57.48,23,52,16,62,141.56,-255.5,108.15,-0.01141,0.01269,2.56388,-338.8,170.6,-56.4,-154.56,-0.38,2.07,-0.5,0.0
77.254,espiral,hacia_wp,0.4893,0.0012,-0.1907,23.99,54.3,23.79,54.5,20,49,29,29,135.92,-259.74,108.22,-0.01311,0.01246,2.56021,-345.4,163.4,-56.6,-154.76,-0.33,2.04,-0.5,0.0
77.294,espiral,hacia_wp,0.4688,0.0013,-0.1833,22.95,52.06,22.73,52.27,20,49,29,29,132.32,-262.83,108.26,-0.01266,0.01282,2.55657,-345.4,163.4,-56.69,-154.85,-0.37,2.01,-0.5,0.0
77.333,espiral,hacia_wp,0.4522,0.0014,-0.1769,22.13,50.21,21.91,50.44,23,47,30,43,126.19,-268.44,108.21,-0.01162,0.0127,2.55156,-351.7,158.4,-56.4,-154.56,-0.33,2.05,-0.5,0.0
77.413,espiral,hacia_wp,0.4362,0.0014,-0.1704,21.37,48.42,21.14,48.65,27,42,31,46,114.28,-278.5,108.32,-0.01196,0.01388,2.55438,-365.2,147.9,-56.02,-154.18,-0.37,1.99,-0.5,0.0
77.453,espiral,hacia_wp,0.4161,0.0016,-0.1659,20.14,46.43,19.89,46.68,36,54,23,51,106.66,-283.29,108.25,-0.01116,0.01394,2.556,-372.9,140.5,-56.02,-154.18,-0.37,1.99,-0.5,0.0
77.493,espiral,hacia_wp,0.3928,0.0017,-0.16,18.76,44.09,18.49,44.36,36,54,23,51,98.57,-287.69,108.3,-0.01142,0.01411,2.55628,-372.9,140.5,-56.23,-154.39,-0.35,1.95,-0.5,0.0
77.552,espiral,hacia_wp,0.5539,0.0063,-0.723,-13.03,101.65,-14.04,102.66,11,64,21,61,86.54,-293.54,108.3,-0.01157,0.01341,2.55439,-380.5,131.6,-56.24,-154.4,-0.38,1.92,-0.462,-0.267
77.593,espiral,hacia_wp,0.5313,0.0064,-0.7109,-13.86,98.87,-14.87,99.89,7,50,14,48,79.07,-297.03,108.27,-0.01055,0.01483,2.55382,-393.8,113.9,-56.18,-154.34,-0.35,1.94,-0.462,-0.267
77.653,espiral,hacia_wp,0.5116,0.0064,-0.6989,-14.48,96.33,-15.5,97.35,-4,74,4,92,67.47,-299.63,108.22,-0.01022,0.01593,2.54961,-393.8,113.9,-56.09,-154.25,-0.36,1.81,-0.462,-0.267
77.694,espiral,hacia_wp,0.4959,0.0063,-0.6834,-14.49,93.83,-15.51,94.85,-25,111,-13,106,52.1,-299.93,108.13,-0.01063,0.01603,2.54292,-399.0,104.9,-55.8,-153.96,-0.38,1.73,-0.462,-0.267
77.753,espiral,hacia_wp,0.4738,0.0063,-0.6592,-14.32,90.14,-15.33,91.14,-25,111,-13,106,29.33,-297.9,107.99,-0.00995,0.01594,2.54075,-403.0,90.8,-55.48,-153.64,-0.39,1.7,-0.462,-0.267
77.793,espiral,hacia_wp,0.4511,0.006,-0.6192,-12.97,85.14,-13.93,86.1,-29,116,-30,100,17.0,-296.46,107.93,-0.01117,0.01429,2.54263,-405.7,70.6,-55.53,-153.69,-0.37,1.75,-0.462,-0.267
77.853,espiral,hacia_wp,0.4225,0.0058,-0.5772,-11.91,79.52,-12.84,80.44,-22,112,-28,123,-8.29,-293.9,107.78,-0.01209,0.01606,2.55282,-407.1,24.7,-55.92,-154.08,-0.31,1.84,-0.462,-0.267
77.893,espiral,hacia_wp,0.3964,0.0055,-0.5332,-10.49,73.92,-11.38,74.81,-22,112,-28,123,-27.96,-293.0,107.65,-0.01144,0.01473,2.55411,-407.1,24.7,-56.16,-154.32,-0.33,1.86,-0.462,-0.267
77.953,espiral,hacia_wp,0.3731,0.0053,-0.4922,-9.1,68.8,-9.95,69.65,-7,127,-11,83,-47.2,-293.68,107.66,-0.01103,0.01482,2.54801,-408.9,3.9,-56.05,-154.21,-0.32,1.9,-0.462,-0.267
77.992,espiral,hacia_wp,0.3488,0.0051,-0.4609,-8.55,64.36,-9.38,65.18,-9,78,-11,76,-55.04,-294.3,107.52,-0.01151,0.01463,2.54707,-412.6,-13.5,-55.82,-153.98,-0.35,1.88,-0.462,-0.267
78.054,espiral,hacia_wp,0.3314,0.005,-0.436,-7.96,60.99,-8.77,61.79,-7,73,2,52,-67.34,-296.17,107.52,-0.01225,0.01467,2.5465,-416.4,-26.5,-55.63,-153.79,-0.34,1.92,-0.462,-0.267
78.113,espiral,hacia_wp,0.3143,0.005,-0.4197,-8.04,58.33,-8.83,59.12,4,43,6,45,-78.76,-299.24,107.58,-0.01157,0.01514,2.54684,-423.4,-44.7,-55.76,-153.92,-0.35,1.93,-0.462,-0.267
78.153,espiral,hacia_wp,0.2977,0.005,-0.4075,-8.38,56.02,-9.18,56.82,4,43,6,45,-85.6,-301.47,107.55,-0.01132,0.01625,2.54872,-423.4,-44.7,-55.84,-154.0,-0.33,1.93,-0.462,-0.267
78.193,espiral,hacia_wp,0.267,0.005,-0.3856,-9.09,51.81,-9.89,52.61,9,48,14,51,-91.03,-303.53,107.52,-0.0113,0.01546,2.54846,-431.4,-59.6,-55.81,-153.97,-0.35,1.92,-0.462,-0.267
78.253,espiral,hacia_wp,0.2473,0.005,-0.3741,-9.74,49.31,-10.55,50.11,16,57,13,52,-105.08,-309.52,107.58,-0.01011,0.01448,2.5453,-437.1,-68.0,-55.81,-153.97,-0.35,1.92,-0.462,-0.267
78.313,espiral,hacia_wp,0.2245,0.0051,-0.3611,-10.52,46.45,-11.33,47.26,9,72,23,67,-118.37,-315.18,107.49,-0.01075,0.01485,2.54857,-443.7,-77.7,-55.77,-153.93,-0.4,1.92,-0.462,-0.267
78.353,espiral,hacia_wp,0.068,0.0126,-0.9717,-71.29,82.16,-73.31,84.18,17,67,20,44,-126.63,-318.92,107.41,-0.00956,0.01412,2.54839,-450.5,-88.0,-55.88,-154.04,-0.42,1.88,-0.283,-0.491
78.393,espiral,hacia_wp,0.0661,0.0127,-0.9718,-71.45,82.02,-73.47,84.05,17,47,14,58,-132.47,-321.43,107.49,-0.00878,0.01445,2.54949,-456.7,-97.5,-55.88,-154.04,-0.42,1.88,-0.283,-0.491
78.454,espiral,hacia_wp,0.0426,0.0127,-0.959,-72.3,79.12,-74.33,81.15,-55,62,-44,75,-147.87,-321.45,107.34,-0.00751,0.01557,2.55514,-460.3,-107.2,-55.97,-154.13,-0.43,1.93,-0.283,-0.491
78.514,espiral,hacia_wp,0.0228,0.0127,-0.943,-72.6,76.25,-74.63,78.28,-100,60,-67,83,-165.38,-314.28,107.26,-0.00778,0.01561,2.56488,-455.1,-122.2,-56.15,-154.31,-0.5,1.85,-0.283,-0.491
78.554,espiral,hacia_wp,0.0153,0.0118,-0.8566,-66.36,68.8,-68.26,70.7,-75,71,-88,77,-179.44,-306.21,107.16,-0.00886,0.01626,2.57197,-444.0,-142.3,-56.53,-154.69,-0.5,1.78,-0.283,-0.491
78.596,espiral,hacia_wp,0.0087,0.0119,-0.8567,-66.89,68.28,-68.79,70.18,-88,86,-94,88,-194.55,-296.31,107.11,-0.00779,0.01567,2.57253,-432.0,-164.4,-56.97,-155.13,-0.47,1.82,-0.283,-0.491
78.654,espiral,hacia_wp,0.0077,0.0113,-0.8006,-62.53,63.76,-64.34,65.57,-94,88,-80,96,-217.2,-280.1,106.97,-0.00947,0.01595,2.57569,-420.2,-186.7,-57.27,-155.43,-0.45,1.84,-0.283,-0.491
78.694,espiral,hacia_wp,0.0089,0.0107,-0.7444,-57.99,59.41,-59.7,61.12,-86,85,-84,70,-234.15,-267.15,106.89,-0.00902,0.01638,2.57665,-409.1,-207.7,-57.4,-155.56,-0.4,1.92,-0.283,-0.491
78.754,espiral,hacia_wp,0.0106,0.0101,-0.6915,-53.66,55.36,-55.28,56.98,-71,64,-75,63,-250.73,-254.21,106.8,-0.00933,0.01616,2.5807,-399.7,-225.5,-57.47,-155.63,-0.35,1.96,-0.283,-0.491
78.794,espiral,hacia_wp,0.0121,0.0097,-0.6467,-49.99,51.93,-51.54,53.47,-54,65,-49,51,-257.42,-248.96,106.86,-0.00869,0.01655,2.58047,-392.3,-239.9,-57.56,-155.72,-0.35,1.87,-0.283,-0.491
78.854,espiral,hacia_wp,0.0121,0.0093,-0.6105,-47.13,49.07,-48.62,50.55,-40,45,-40,47,-268.43,-241.42,106.78,-0.00938,0.0166,2.58126,-392.3,-239.9,-57.7,-155.86,-0.31,1.91,-0.283,-0.491
78.894,espiral,hacia_wp,0.0121,0.009,-0.5831,-44.95,46.9,-46.39,48.34,-37,39,-35,34,-276.32,-236.39,106.72,-0.00936,0.01791,2.58158,-383.8,-259.8,-57.74,-155.9,-0.31,1.87,-0.283,-0.491
78.954,espiral,hacia_wp,0.0086,0.0088,-0.5624,-43.61,44.97,-45.02,46.38,-37,39,-35,34,-285.84,-230.63,106.68,-0.00955,0.01985,2.58601,-383.8,-259.8,-57.93,-156.09,-0.23,1.79,-0.283,-0.491
78.994,espiral,hacia_wp,0.0059,0.0086,-0.5429,-42.27,43.22,-43.66,44.6,-38,42,-34,39,-291.45,-227.5,106.64,-0.00895,0.01873,2.58477,-380.8,-268.0,-58.05,-156.21,-0.23,1.84,-0.283,-0.491
79.054,espiral,hacia_wp,0.0042,0.0084,-0.5219,-40.74,41.41,-42.09,42.76,-57,43,-47,59,-303.66,-219.81,106.63,-0.00947,0.02144,2.58675,-374.4,-286.9,-58.0,-156.16,-0.23,1.73,-0.283,-0.491
79.094,espiral,hacia_wp,0.0008,0.0082,-0.4984,-39.15,39.28,-40.47,40.59,-51,52,-56,56,-314.57,-212.27,106.41,-0.00871,0.01882,2.58754,-374.4,-286.9,-58.14,-156.3,-0.21,1.74,-0.283,-0.491
79.155,espiral,hacia_wp,-0.0009,0.0079,-0.4691,-36.96,36.82,-38.23,38.09,-51,55,-78,48,-326.84,-203.24,106.35,-0.00954,0.01992,2.58966,-363.8,-311.6,-58.22,-156.38,-0.18,1.7,-0.283,-0.491
79.195,espiral,hacia_wp,-0.0013,0.0076,-0.4385,-34.58,34.36,-35.79,35.58,-42,42,-47,35,-332.45,-199.21,106.38,-0.00977,0.02218,2.59058,-363.8,-311.6,-58.31,-156.47,-0.16,1.72,-0.283,-0.491
79.254,espiral,hacia_wp,0.0002,0.0073,-0.4091,-32.13,32.16,-33.29,33.32,-36,41,-42,39,-342.24,-191.89,106.33,-0.00942,0.01952,2.59081,-352.7,-333.3,-58.28,-156.44,-0.15,1.68,-0.283,-0.491
79.294,espiral,hacia_wp,-0.4792,0.0157,-0.8593,-105.83,29.16,-108.34,31.66,-33,30,-34,36,-348.56,-187.12,106.31,-0.00941,0.02217,2.59509,-352.7,-333.3,-58.46,-156.62,-0.14,1.65,-0.0,-0.6
79.354,espiral,hacia_wp,-0.4802,0.0154,-0.8375,-104.18,27.35,-106.65,29.82,-56,24,-45,26,-355.77,-181.21,106.07,-0.00706,0.02256,2.59073,-345.4,-348.7,-58.58,-156.74,-0.16,1.67,-0.0,-0.6
79.394,espiral,hacia_wp,-0.4773,0.0153,-0.8221,-102.73,26.37,-105.17,28.81,-100,24,-89,23,-359.58,-176.25,106.01,-0.00739,0.02381,2.5898,-345.4,-348.7,-58.39,-156.55,-0.21,1.53,-0.0,-0.6
79.454,espiral,hacia_wp,-0.4743,0.015,-0.8045,-101.1,25.21,-103.51,27.62,-96,18,-110,32,-367.45,-161.2,106.02,-0.00784,0.02393,2.59833,-328.6,-365.1,-58.53,-156.69,-0.19,1.46,-0.0,-0.6
79.494,espiral,hacia_wp,-0.4658,0.0146,-0.7686,-97.59,23.05,-99.92,25.39,-96,18,-110,32,-371.94,-151.37,105.95,-0.00828,0.02424,2.60268,-328.6,-365.1,-58.98,-157.14,-0.11,1.5,-0.0,-0.6
79.553,espiral,hacia_wp,-0.4378,0.0139,-0.7248,-91.89,21.85,-94.12,24.08,-83,25,-136,23,-384.11,-123.98,105.82,-0.00841,0.02254,2.60708,-309.2,-378.2,-59.26,-157.42,-0.12,1.51,-0.0,-0.6
79.614,espiral,hacia_wp,-0.4123,0.0132,-0.6765,-86.04,20.08,-88.16,22.2,-132,34,-124,26,-395.3,-98.82,105.76,-0.00858,0.02109,2.60758,-288.9,-391.9,-59.33,-157.49,-0.15,1.59,-0.0,-0.6
79.654,espiral,hacia_wp,-0.3818,0.0125,-0.6305,-79.98,18.89,-81.98,20.9,-126,23,-133,27,-402.16,-82.96,105.71,-0.00899,0.02047,2.6105,-248.6,-418.9,-59.34,-157.5,-0.19,1.64,-0.0,-0.6
79.693,espiral,hacia_wp,-0.3554,0.0118,-0.5848,-74.27,17.4,-76.16,19.3,-126,23,-133,27,-408.52,-69.12,105.54,-0.00873,0.0197,2.6127,-248.6,-418.9,-59.58,-157.74,-0.15,1.62,-0.0,-0.6
79.754,espiral,hacia_wp,-0.3301,0.0112,-0.5451,-69.12,16.3,-70.91,18.09,-97,15,-112,25,-416.71,-52.48,105.38,-0.00809,0.02026,2.61324,-231.2,-431.0,-59.62,-157.78,-0.21,1.68,-0.0,-0.6
79.815,espiral,hacia_wp,-0.3109,0.0107,-0.5129,-65.04,15.3,-66.76,17.02,-51,16,-48,27,-423.35,-40.18,105.19,-0.00657,0.02015,2.61462,-207.4,-448.9,-59.68,-157.84,-0.21,1.63,-0.0,-0.6
79.854,espiral,hacia_wp,-0.298,0.0104,-0.4869,-61.96,14.28,-63.62,15.94,-51,16,-48,27,-427.92,-31.65,105.16,-0.00654,0.02047,2.61676,-207.4,-448.9,-59.75,-157.91,-0.25,1.55,-0.0,-0.6
79.894,espiral,hacia_wp,-0.2795,0.0098,-0.45,-57.57,12.85,-59.15,14.42,-55,14,-51,3,-430.37,-26.72,105.09,-0.00657,0.02074,2.62025,-193.3,-461.1,-59.91,-158.07,-0.29,1.59,-0.0,-0.6
79.954,espiral,hacia_wp,-0.2808,0.0098,-0.4492,-57.61,12.68,-59.18,14.26,-40,7,-46,13,-434.63,-16.13,105.07,-0.00609,0.02014,2.6248,-193.3,-461.1,-60.26,-158.42,-0.26,1.57,-0.0,-0.6
79.993,espiral,hacia_wp,-0.2612,0.0093,-0.4126,-53.15,11.37,-54.64,12.86,-52,12,-50,12,-438.61,-6.1,104.93,-0.00599,0.01993,2.62363,-178.2,-471.8,-60.36,-158.52,-0.3,1.61,-0.0,-0.6
80.054,espiral,hacia_wp,-0.2612,0.0093,-0.4125,-53.16,11.36,-54.65,12.85,-69,2,-69,8,-443.53,7.1,104.79,-0.00589,0.0206,2.62453,-178.2,-471.8,-60.27,-158.43,-0.29,1.62,-0.0,-0.6
80.094,espiral,hacia_wp,-0.2313,0.0087,-0.3709,-47.48,10.47,-48.87,11.86,-69,2,-69,8,-445.68,13.77,104.79,-0.00578,0.01993,2.63004,-158.7,-484.2,-60.39,-158.55,-0.29,1.63,-0.0,-0.6
80.154,espiral,hacia_wp,-0.2321,0.0087,-0.3704,-47.51,10.37,-48.89,11.76,-50,-3,-72,13,-449.2,26.75,104.7,-0.00682,0.01836,2.64197,-158.7,-484.2,-60.95,-159.11,-0.3,1.66,-0.0,-0.6
80.214,espiral,hacia_wp,-0.9028,0.0149,-0.4747,-109.01,-35.44,-111.39,-33.06,-54,-9,-65,4,-451.0,38.41,104.65,-0.00674,0.01811,2.63934,-138.6,-495.0,-61.35,-159.51,-0.29,1.75,0.317,-0.548
80.254,espiral,hacia_wp,-0.8889,0.0146,-0.4574,-106.53,-35.68,-108.87,-33.35,-58,-3,-43,-16,-450.98,47.38,104.46,-0.00487,0.01874,2.63226,-129.6,-496.8,-61.09,-159.25,-0.29,1.76,0.317,-0.548
80.294,espiral,hacia_wp,-0.8688,0.0144,-0.4537,-104.65,-34.36,-106.96,-32.06,-58,-16,-56,-24,-449.88,54.34,104.43,-0.00418,0.01718,2.63067,-120.8,-497.2,-60.75,-158.91,-0.38,1.75,0.317,-0.548
80.354,espiral,hacia_wp,-0.8661,0.0144,-0.4589,-104.84,-33.73,-107.15,-31.42,-92,-32,-111,-38,-445.6,73.53,104.37,-0.00503,0.01783,2.63321,-105.5,-497.7,-60.75,-158.91,-0.38,1.75,0.317,-0.548
80.394,espiral,hacia_wp,-0.7869,0.0135,-0.4243,-95.82,-30.09,-97.97,-27.94,-132,-41,-135,-43,-441.2,94.5,104.35,-0.00563,0.01737,2.63849,-82.1,-499.1,-60.71,-158.87,-0.41,1.72,0.317,-0.548
80.453,espiral,hacia_wp,-0.7361,0.0128,-0.3983,-89.73,-28.05,-91.78,-26.01,-115,-46,-136,-42,-436.55,123.44,104.49,-0.00655,0.01795,2.64618,-56.4,-500.4,-61.2,-159.36,-0.34,1.85,0.317,-0.548
80.493,espiral,hacia_wp,-0.7382,0.0128,-0.3945,-89.59,-28.51,-91.64,-26.47,-110,-49,-104,-36,-435.13,138.09,104.44,-0.00703,0.01684,2.64697,-56.4,-500.4,-61.2,-159.36,-0.34,1.85,0.317,-0.548
80.554,espiral,hacia_wp,-0.688,0.0121,-0.3666,-83.4,-26.68,-85.34,-24.75,-120,-32,-99,-39,-434.04,165.07,104.2,-0.00638,0.01731,2.64583,-6.6,-505.0,-61.54,-159.7,-0.27,1.85,0.317,-0.548
80.614,espiral,hacia_wp,-0.6401,0.0115,-0.3419,-77.65,-24.77,-79.48,-22.94,-101,-25,-116,-30,-434.92,186.74,104.05,-0.00634,0.01752,2.64633,13.8,-509.1,-61.53,-159.69,-0.26,1.87,0.317,-0.548
80.633,espiral,hacia_wp,-0.6007,0.0109,-0.3176,-72.6,-23.52,-74.34,-21.77,-68,-12,-65,-12,-435.44,192.65,104.04,-0.00638,0.01659,2.64626,13.8,-509.1,-61.53,-159.69,-0.3,1.76,0.317,-0.548
80.715,espiral,hacia_wp,-0.5709,0.0105,-0.2967,-68.57,-22.78,-70.25,-21.1,-78,-13,-66,-8,-436.76,211.7,103.93,-0.00522,0.01559,2.64938,41.4,-516.6,-61.55,-159.71,-0.32,1.75,0.317,-0.548
80.753,espiral,hacia_wp,-0.5495,0.0101,-0.2798,-65.53,-22.39,-67.15,-20.77,-56,-17,-52,-15,-436.05,221.83,103.99,-0.00538,0.00981,2.65366,50.9,-519.3,-61.6,-159.76,-0.34,1.77,0.317,-0.548
80.794,espiral,hacia_wp,-0.5338,0.0098,-0.2627,-62.93,-22.47,-64.51,-20.9,-56,-17,-52,-15,-435.31,228.14,103.79,-0.00366,0.01495,2.6555,50.9,-519.3,-62.03,-160.19,-0.4,1.76,0.317,-0.548
80.854,espiral,hacia_wp,-0.5156,0.0096,-0.2511,-60.57,-21.93,-62.1,-20.4,-55,-28,-63,-30,-432.72,242.12,103.93,-0.00404,0.01014,2.65619,60.4,-520.7,-62.19,-160.35,-0.43,1.75,0.317,-0.548
80.894,espiral,hacia_wp,-0.4929,0.0093,-0.2442,-58.23,-20.64,-59.72,-19.15,-55,-28,-63,-30,-431.0,255.31,103.89,-0.0047,0.01021,2.65327,71.1,-520.4,-62.14,-160.3,-0.44,1.71,0.317,-0.548
80.953,espiral,hacia_wp,-0.4658,0.009,-0.2371,-55.51,-19.02,-56.96,-17.57,-89,-29,-71,-25,-430.08,266.47,103.71,-0.00413,0.01563,2.65074,97.2,-520.8,-61.95,-160.11,-0.43,1.73,0.317,-0.548
80.994,espiral,hacia_wp,-0.4377,0.0087,-0.2251,-52.32,-17.71,-53.72,-16.31,-70,-26,-85,-22,-428.53,279.83,103.87,-0.00493,0.01011,2.65611,111.2,-522.3,-61.95,-160.11,-0.41,1.73,0.317,-0.548
81.053,espiral,hacia_wp,-0.4112,0.0083,-0.2085,-48.9,-16.88,-50.24,-15.55,-56,-24,-54,-17,-427.74,294.53,103.89,-0.00485,0.01055,2.66205,111.2,-522.3,-62.36,-160.52,-0.38,1.7,0.317,-0.548
81.094,espiral,hacia_wp,-0.3856,0.008,-0.1931,-45.65,-16.04,-46.93,-14.76,-57,-10,-51,-13,-428.16,304.76,103.69,-0.00409,0.01682,2.66245,124.4,-524.5,-62.49,-160.65,-0.38,1.73,0.317,-0.548
81.154,espiral,hacia_wp,-0.3635,0.0077,-0.1805,-42.91,-15.25,-44.13,-14.02,-45,-10,-62,-13,-428.22,313.01,103.83,-0.00482,0.01091,2.66241,144.5,-528.3,-62.51,-160.67,-0.38,1.68,0.317,-0.548
81.214,espiral,hacia_wp,-1.0563,0.0102,0.0898,-76.51,-92.5,-78.13,-90.88,-41,-7,-33,-9,-428.24,321.23,103.6,-0.0037,0.01637,2.66194,152.2,-530.0,-62.49,-160.65,-0.37,1.72,0.577,-0.333
81.255,espiral,hacia_wp,-1.0415,0.0099,0.099,-74.61,-92.04,-76.2,-90.45,-23,-17,-39,-22,-427.1,326.76,103.51,-0.00239,0.01527,2.66506,158.6,-530.6,-62.51,-160.67,-0.39,1.67,0.577,-0.333
81.294,espiral,hacia_wp,-1.0281,0.0097,0.1107,-72.62,-91.88,-74.17,-90.33,-45,-54,-57,-56,-424.41,332.47,103.35,-0.00144,0.01541,2.67008,158.6,-530.6,-62.8,-160.96,-0.47,1.68,0.577,-0.333
81.353,espiral,hacia_wp,-1.0115,0.0096,0.1145,-70.99,-90.85,-72.52,-89.32,-45,-54,-57,-56,-412.96,354.37,103.36,-0.00176,0.01688,2.68103,166.2,-529.8,-63.26,-161.42,-0.43,1.57,0.577,-0.333
81.414,espiral,hacia_wp,-0.9761,0.0092,0.1252,-67.34,-88.84,-68.81,-87.37,-116,-87,-114,-101,-397.93,381.22,103.47,-0.00386,0.01713,2.68039,180.3,-524.2,-63.51,-161.67,-0.41,1.57,0.577,-0.333
81.455,espiral,hacia_wp,-0.9196,0.0088,0.1189,-63.35,-83.79,-64.76,-82.38,-105,-110,-87,-120,-383.33,406.03,103.46,-0.00502,0.01662,2.67854,230.9,-502.3,-63.44,-161.6,-0.31,1.61,0.577,-0.333
81.494,espiral,hacia_wp,-0.8539,0.0084,0.1118,-58.7,-77.93,-60.04,-76.59,-105,-110,-87,-120,-374.25,420.36,103.54,-0.00513,0.01646,2.67865,230.9,-502.3,-63.34,-161.5,-0.26,1.66,0.577,-0.333
81.553,espiral,hacia_wp,-0.7864,0.0079,0.1086,-53.6,-72.23,-54.86,-70.97,-107,-105,-86,-112,-357.24,445.05,103.45,-0.0064,0.01576,2.68226,259.1,-491.3,-63.39,-161.55,-0.23,1.68,0.577,-0.333
81.594,espiral,hacia_wp,-0.7243,0.0074,0.1068,-48.8,-67.09,-49.99,-65.9,-67,-94,-73,-99,-347.66,457.48,103.33,-0.00601,0.01607,2.68374,284.5,-480.4,-63.61,-161.77,-0.2,1.7,0.577,-0.333
81.655,espiral,hacia_wp,-0.6757,0.0071,0.101,-45.41,-62.7,-46.55,-61.56,-41,-52,-27,-50,-335.16,472.22,103.41,-0.00691,0.00957,2.68248,317.8,-462.3,-63.67,-161.83,-0.16,1.71,0.577,-0.333
81.694,espiral,hacia_wp,-0.6412,0.007,0.0912,-43.44,-59.15,-44.56,-58.03,-41,-52,-27,-50,-331.42,476.55,103.35,-0.00521,0.0148,2.68028,317.8,-462.3,-63.55,-161.71,-0.2,1.76,0.577,-0.333
81.754,espiral,hacia_wp,-0.6171,0.0069,0.0841,-42.09,-56.64,-43.19,-55.54,-23,-43,-28,-45,-324.79,484.1,103.38,-0.00581,0.00871,2.68014,327.0,-455.9,-63.45,-161.61,-0.21,1.74,0.577,-0.333
81.793,espiral,hacia_wp,-0.5825,0.0067,0.074,-40.14,-53.05,-41.21,-51.98,-27,-45,-29,-37,-319.53,491.68,103.18,-0.00438,0.01407,2.68285,340.5,-447.2,-63.45,-161.61,-0.21,1.74,0.577,-0.333
81.854,espiral,hacia_wp,-0.561,0.0065,0.0721,-38.59,-51.18,-39.63,-50.13,-37,-47,-37,-43,-314.5,499.34,103.22,-0.005,0.01347,2.68309,349.1,-443.0,-63.61,-161.77,-0.27,1.8,0.577,-0.333
81.914,espiral,hacia_wp,-0.5609,0.0065,0.0728,-38.53,-51.22,-39.57,-50.18,-53,-60,-53,-67,-303.65,515.9,103.4,-0.00482,0.00718,2.68486,360.6,-438.3,-63.64,-161.8,-0.29,1.82,0.577,-0.333
81.954,espiral,hacia_wp,-0.5332,0.0063,0.0712,-36.45,-48.86,-37.47,-47.84,-55,-61,-58,-46,-297.01,526.1,103.36,-0.00452,0.0059,2.6858,374.8,-432.7,-63.64,-161.8,-0.29,1.82,0.577,-0.333
81.993,espiral,hacia_wp,-0.4993,0.0061,0.0695,-33.89,-45.99,-34.87,-45.02,-50,-69,-41,-65,-291.9,533.96,103.77,-0.00488,-0.00494,2.68759,374.8,-432.7,-63.69,-161.85,-0.3,1.85,0.577,-0.333
82.053,espiral,hacia_wp,-0.4647,0.0059,0.0677,-31.29,-43.06,-32.23,-42.12,-44,-53,-44,-45,-280.88,549.31,103.76,-0.00506,-0.00599,2.68879,402.0,-420.6,-63.75,-161.91,-0.32,1.88,0.577,-0.333
82.113,espiral,hacia_wp,-0.433,0.0057,0.0629,-29.16,-40.13,-30.06,-39.22,-29,-46,-36,-40,-273.29,558.83,103.7,-0.00477,-0.00328,2.69423,412.9,-415.1,-63.7,-161.86,-0.33,1.96,0.577,-0.333
82.153,espiral,hacia_wp,-0.4059,0.0055,0.0598,-27.25,-37.7,-28.13,-36.82,-25,-34,-27,-28,-269.22,563.51,103.62,-0.00395,-0.00238,2.69632,421.0,-410.4,-64.12,-162.28,-0.27,1.93,0.577,-0.333
82.194,espiral,hacia_wp,-0.8422,0.0025,0.6553,-14.75,-120.0,-15.15,-119.6,-20,-27,-18,-33,-265.94,567.43,103.63,-0.00384,-0.00329,2.69331,427.1,-406.5,-64.12,-162.28,-0.27,1.93,0.7,-0.0
82.254,espiral,hacia_wp,-0.8372,0.0024,0.6603,-13.96,-120.0,-14.34,-119.61,-21,-32,-16,-61,-260.69,573.12,103.62,-0.00261,-0.00756,2.68772,432.2,-403.2,-64.17,-162.33,-0.28,1.92,0.7,-0.0
82.314,espiral,hacia_wp,-0.8372,0.0025,0.6604,-13.95,-120.0,-14.34,-119.61,-23,-93,-11,-101,-250.44,580.15,103.49,-0.00212,0.00115,2.67892,438.4,-397.2,-63.89,-162.05,-0.31,1.92,0.7,-0.0
82.354,espiral,hacia_wp,-0.8375,0.0025,0.6587,-14.1,-119.91,-14.51,-119.5,-21,-154,-10,-146,-239.73,585.96,103.5,-0.00233,0.00072,2.67615,449.4,-381.1,-63.59,-161.75,-0.42,1.93,0.7,-0.0
82.394,espiral,hacia_wp,-0.8063,0.0026,0.628,-14.06,-114.95,-14.47,-114.53,-18,-107,-16,-147,-229.91,590.86,103.42,-0.00175,0.00035,2.67403,463.6,-359.3,-63.27,-161.43,-0.43,1.88,0.7,-0.0
82.434,espiral,hacia_wp,-0.7626,0.0027,0.5892,-13.66,-108.36,-14.09,-107.93,-24,-134,-11,-137,-210.34,599.64,103.52,-0.00161,-8e-05,2.67204,463.6,-359.3,-63.06,-161.22,-0.45,1.86,0.7,-0.0
82.514,espiral,hacia_wp,-0.7169,0.0027,0.551,-13.05,-101.65,-13.49,-101.22,-13,-127,-16,-153,-173.39,614.51,103.79,-0.00221,-0.00354,2.67252,492.4,-314.4,-62.93,-161.09,-0.47,1.86,0.7,-0.0
82.554,espiral,hacia_wp,-0.6704,0.0028,0.5132,-12.35,-94.9,-12.8,-94.46,-6,-132,-18,-116,-154.63,621.51,103.76,-0.00255,-0.00224,2.67335,492.4,-314.4,-62.9,-161.06,-0.52,1.87,0.7,-0.0
82.594,espiral,hacia_wp,-0.6242,0.0028,0.4754,-11.68,-88.19,-12.13,-87.74,-16,-103,0,-129,-141.42,626.4,103.82,-0.00203,-0.00081,2.6732,518.6,-270.3,-62.96,-161.12,-0.44,1.9,0.7,-0.0
82.654,espiral,hacia_wp,-0.5814,0.0029,0.4404,-11.05,-81.97,-11.51,-81.52,-16,-87,-8,-94,-115.85,636.86,103.91,-0.00131,-0.00123,2.67007,518.6,-270.3,-63.04,-161.2,-0.41,1.93,0.7,-0.0
82.714,espiral,hacia_wp,-0.546,0.0029,0.4089,-10.74,-76.63,-11.2,-76.16,-16,-83,-10,-80,-100.79,645.01,103.98,-0.00145,-0.0016,2.66901,538.3,-238.7,-62.94,-161.1,-0.43,1.87,0.7,-0.0
82.753,espiral,hacia_wp,-0.5176,0.0029,0.3864,-10.26,-72.55,-10.73,-72.08,-20,-62,-21,-59,-92.75,650.5,103.86,-0.00112,-0.00055,2.67197,546.4,-229.1,-62.87,-161.03,-0.44,1.86,0.7,-0.0
82.797,espiral,hacia_wp,-0.4927,0.0029,0.3732,-9.33,-69.5,-9.79,-69.04,-19,-58,-31,-48,-86.22,655.77,103.97,-0.00183,-0.0023,2.67178,546.4,-229.1,-63.01,-161.17,-0.41,1.81,0.7,-0.0
82.853,espiral,hacia_wp,-0.4711,0.0028,0.3642,-8.33,-67.04,-8.78,-66.59,-19,-58,-31,-48,-76.01,663.41,103.94,-0.00088,-0.00203,2.66876,554.2,-222.2,-62.92,-161.08,-0.39,1.83,0.7,-0.0
82.914,espiral,hacia_wp,-0.4511,0.0027,0.3549,-7.48,-64.7,-7.92,-64.26,-19,-72,-18,-65,-63.54,671.32,104.0,0.00025,-0.00232,2.67489,561.9,-215.8,-62.85,-161.01,-0.46,1.83,0.7,-0.0
82.954,espiral,hacia_wp,-0.4271,0.0027,0.3467,-6.22,-62.12,-6.65,-61.69,-19,-72,-18,-65,-52.26,678.51,104.02,-5e-05,-0.00246,2.67752,569.8,-208.2,-63.12,-161.28,-0.46,1.83,0.7,-0.0
82.994,espiral,hacia_wp,-0.4026,0.0026,0.3358,-5.14,-59.28,-5.55,-58.86,-21,-72,-27,-75,-44.93,683.33,103.97,0.00047,-0.00069,2.68016,577.9,-199.6,-63.32,-161.48,-0.44,1.79,0.7,-0.0
83.054,espiral,hacia_wp,-0.3765,0.0025,0.3208,-4.25,-55.98,-4.66,-55.58,-21,-72,-27,-75,-31.22,692.68,104.21,-0.00028,-0.00258,2.67365,586.8,-189.5,-63.38,-161.54,-0.41,1.82,0.7,-0.0
83.114,espiral,hacia_wp,-0.35,0.0025,0.3042,-3.47,-52.54,-3.87,-52.13,-30,-58,-20,-64,-18.26,701.08,104.25,-0.00109,-0.00284,2.67041,596.6,-179.3,-63.01,-161.17,-0.44,1.8,0.7,-0.0
83.154,espiral,hacia_wp,-0.3229,0.0025,0.2879,-2.6,-49.06,-3.0,-48.66,-30,-58,-20,-64,-8.95,706.53,103.45,-0.00375,0.01612,2.66839,606.0,-168.6,-62.9,-161.06,-0.37,1.8,0.7,-0.0
83.194,espiral,hacia_wp,-0.2978,0.0024,0.2751,-1.62,-46.03,-2.0,-45.64,-22,-49,-15,-45,-4.34,709.96,103.5,-0.0038,0.01327,2.66901,614.6,-159.5,-62.96,-161.12,-0.4,1.79,0.7,-0.0
83.254,espiral,hacia_wp,-0.4102,-0.0052,1.0846,53.54,-119.17,54.37,-120.0,-20,-41,-15,-43,3.29,716.72,103.43,-0.00373,0.01476,2.66984,628.9,-146.4,-63.07,-161.23,-0.36,1.77,0.635,0.367
83.293,espiral,hacia_wp,-0.3916,-0.0053,1.0795,54.6,-117.27,55.45,-118.11,-20,-41,-15,-43,9.15,721.62,103.42,-0.00469,0.0126,2.66749,628.9,-146.4,-63.0,-161.16,-0.37,1.82,0.635,0.367
83.354,espiral,hacia_wp,-0.3764,-0.0053,1.0743,55.4,-115.63,56.26,-116.49,33,-119,38,-98,21.73,725.03,103.55,-0.00607,0.01025,2.67151,635.0,-142.0,-62.95,-161.11,-0.37,1.88,0.635,0.367
83.413,espiral,hacia_wp,-0.3613,-0.0054,1.0648,55.85,-113.65,56.71,-114.51,33,-119,38,-98,38.63,725.23,103.44,-0.00451,0.01257,2.67182,640.1,-135.7,-63.13,-161.29,-0.34,1.94,0.635,0.367
83.454,espiral,hacia_wp,-0.3424,-0.0052,1.0336,54.88,-109.66,55.71,-110.49,71,-108,54,-166,56.0,724.07,103.5,-0.00391,0.01283,2.67159,641.9,-119.8,-63.19,-161.35,-0.35,1.83,0.635,0.367
83.494,espiral,hacia_wp,-0.303,-0.0042,0.9125,48.43,-96.9,49.1,-97.57,71,-117,66,-135,75.85,721.53,103.52,-0.0034,0.0145,2.66823,640.4,-62.9,-63.14,-161.3,-0.39,1.83,0.635,0.367
83.554,espiral,hacia_wp,-0.2846,-0.0037,0.8466,44.67,-90.2,45.25,-90.78,75,-119,67,-128,107.8,716.17,103.64,-0.00368,0.01295,2.6633,638.8,-32.4,-62.82,-160.98,-0.39,1.83,0.635,0.367
83.613,espiral,hacia_wp,-0.2723,-0.0031,0.7819,40.52,-84.09,41.02,-84.59,69,-106,64,-141,137.95,710.05,103.74,-0.00193,0.01554,2.66253,636.6,-3.3,-62.68,-160.84,-0.4,1.8,0.635,0.367
83.653,espiral,hacia_wp,-0.2594,-0.0026,0.7264,37.16,-78.66,37.57,-79.07,60,-124,76,-113,155.1,706.28,103.83,-0.00286,0.01396,2.66301,634.7,22.0,-62.67,-160.83,-0.43,1.77,0.635,0.367
83.694,espiral,hacia_wp,-0.2477,-0.0022,0.6838,34.71,-74.34,35.07,-74.7,52,-94,50,-89,169.12,703.29,103.85,-0.00227,0.01449,2.66517,633.2,41.7,-62.67,-160.83,-0.43,1.77,0.635,0.367
83.754,espiral,hacia_wp,-0.238,-0.002,0.6532,33.05,-71.13,33.37,-71.45,38,-78,36,-67,185.23,700.27,103.8,-0.00234,0.0131,2.66831,632.3,56.1,-62.92,-161.08,-0.43,1.9,0.635,0.367
83.794,espiral,hacia_wp,-0.2274,-0.0018,0.6306,32.11,-68.49,32.4,-68.79,25,-60,30,-49,195.4,698.8,103.95,-0.00274,0.01175,2.66526,632.5,67.2,-62.97,-161.13,-0.47,1.93,0.635,0.367
83.854,espiral,hacia_wp,-0.2179,-0.0017,0.6116,31.35,-66.22,31.63,-66.5,19,-47,17,-50,206.88,697.59,103.9,-0.00283,0.01208,2.66209,633.4,76.6,-62.71,-160.87,-0.48,1.91,0.635,0.367
83.894,espiral,hacia_wp,-0.2113,-0.0016,0.5918,30.32,-64.13,30.57,-64.38,17,-51,22,-60,213.3,696.98,104.0,-0.00286,0.01079,2.66354,634.6,85.9,-62.6,-160.76,-0.5,1.96,0.635,0.367
83.954,espiral,hacia_wp,-0.2124,-0.0016,0.5914,30.2,-64.19,30.45,-64.43,26,-64,29,-57,228.3,694.91,103.98,-0.00233,0.01033,2.66679,635.5,96.6,-62.76,-160.92,-0.51,1.96,0.635,0.367
83.994,espiral,hacia_wp,-0.1896,-0.0012,0.5416,28.06,-58.4,28.26,-58.59,35,-73,30,-58,242.72,692.43,103.98,-0.00218,0.0103,2.66835,636.0,110.3,-62.91,-161.07,-0.52,2.04,0.635,0.367
84.054,espiral,hacia_wp,-0.1765,-0.001,0.5095,26.56,-54.8,26.72,-54.96,34,-68,42,-81,254.69,690.36,104.15,-0.00271,0.00991,2.66708,636.1,125.7,-62.98,-161.14,-0.56,2.05,0.635,0.367
84.114,espiral,hacia_wp,-0.1643,-0.0007,0.4762,24.9,-51.19,25.01,-51.3,27,-69,36,-88,274.54,686.61,104.21,-0.00252,0.00958,2.6645,636.0,141.6,-62.89,-161.05,-0.59,2.04,0.635,0.367
84.153,espiral,hacia_wp,-0.165,-0.0007,0.476,24.82,-51.23,24.93,-51.34,32,-58,32,-66,284.27,684.74,104.29,-0.0016,0.0104,2.66186,636.1,156.1,-62.78,-160.94,-0.57,2.09,0.635,0.367
84.194,espiral,hacia_wp,-0.1454,-0.0003,0.4198,21.93,-45.19,21.97,-45.24,22,-45,29,-62,290.57,683.58,104.36,-0.00195,0.00975,2.66109,636.4,168.2,-62.61,-160.77,-0.61,2.06,0.635,0.367
84.254,espiral,hacia_wp,-0.1467,-0.0003,0.4193,21.79,-45.26,21.83,-45.3,18,-42,24,-45,302.15,681.27,104.35,-0.00105,0.00976,2.6661,636.4,177.6,-62.64,-160.8,-0.61,2.08,0.635,0.367
84.314,espiral,hacia_wp,-0.1341,0.0,0.3852,20.09,-41.54,20.08,-41.54,26,-39,13,-26,310.26,679.68,104.43,-0.00188,0.00891,2.67026,636.4,184.4,-63.0,-161.16,-0.64,2.08,0.635,0.367
84.354,espiral,hacia_wp,0.1836,-0.0108,1.1822,108.4,-79.03,110.12,-80.75,14,-34,20,-37,315.5,678.64,104.42,-0.00162,0.00968,2.66785,636.3,190.9,-63.13,-161.29,-0.62,2.09,0.383,0.664
84.394,espiral,hacia_wp,0.1919,-0.0107,1.1663,107.81,-77.1,109.52,-78.81,8,-29,18,-33,319.67,677.86,104.44,-0.00116,0.00868,2.66443,636.4,198.2,-63.13,-161.29,-0.62,2.09,0.383,0.664
84.454,espiral,hacia_wp,0.1875,-0.0106,1.1671,107.51,-77.52,109.22,-79.22,62,-61,79,-53,334.99,672.5,104.69,-0.00188,0.00674,2.66223,634.3,208.8,-62.91,-161.07,-0.63,2.06,0.383,0.664
84.514,espiral,hacia_wp,0.1777,-0.0098,1.0933,100.9,-72.46,102.46,-74.03,111,-117,149,-96,355.23,663.74,104.79,-0.00131,0.00762,2.66403,623.2,229.0,-62.67,-160.83,-0.67,2.15,0.383,0.664
84.554,espiral,hacia_wp,0.1687,-0.009,1.0291,95.1,-68.11,96.55,-69.56,120,-88,180,-103,375.82,653.64,104.89,-0.00162,0.00834,2.66367,609.6,254.7,-62.77,-160.93,-0.66,2.15,0.383,0.664
84.593,espiral,hacia_wp,0.1636,-0.0083,0.9623,89.41,-63.23,90.74,-64.56,111,-87,99,-104,388.79,646.48,104.98,-0.00082,0.0087,2.66219,596.8,281.8,-62.77,-160.93,-0.66,2.15,0.383,0.664
84.654,espiral,hacia_wp,0.1638,-0.0083,0.9623,89.42,-63.22,90.75,-64.55,110,-90,130,-95,413.9,629.73,105.03,-0.00068,0.00873,2.65653,584.0,308.1,-62.78,-160.94,-0.63,2.05,0.383,0.664
84.713,espiral,hacia_wp,0.1446,-0.0069,0.8387,78.12,-54.98,79.21,-56.08,105,-67,101,-87,435.65,611.34,105.06,0.00048,0.00979,2.65044,571.2,331.8,-62.32,-160.48,-0.69,1.97,0.383,0.664
84.754,espiral,hacia_wp,0.1275,-0.0062,0.788,72.74,-52.34,73.73,-53.33,98,-56,112,-69,450.52,596.5,105.18,0.00015,0.01,2.64782,557.8,351.4,-62.07,-160.23,-0.72,1.93,0.383,0.664
84.794,espiral,hacia_wp,0.1094,-0.0056,0.7457,67.96,-50.46,68.86,-51.36,87,-55,102,-48,458.06,588.33,105.05,0.00053,0.00934,2.64927,545.0,367.2,-62.07,-160.23,-0.72,1.93,0.383,0.664
84.854,espiral,hacia_wp,0.1085,-0.0056,0.7459,67.9,-50.54,68.8,-51.44,90,-44,61,-38,470.49,574.47,105.22,-0.00039,0.00892,2.65064,534.5,380.0,-62.0,-160.16,-0.71,1.89,0.383,0.664
84.894,espiral,hacia_wp,0.0984,-0.0052,0.7108,64.33,-48.57,65.15,-49.4,65,-37,62,-30,475.77,568.98,105.34,-0.00045,0.00807,2.64857,526.4,390.3,-62.16,-160.32,-0.74,1.96,0.383,0.664
84.954,espiral,hacia_wp,0.0835,-0.0045,0.658,58.96,-45.6,59.68,-46.32,46,-32,52,-36,486.6,560.12,105.31,-0.00044,0.00814,2.64802,520.4,400.1,-61.95,-160.11,-0.71,1.95,0.383,0.664
85.014,espiral,hacia_wp,0.0815,-0.0042,0.6333,56.84,-43.8,57.52,-44.48,44,-45,43,-36,501.35,550.91,105.67,-0.00181,0.00666,2.65038,516.4,410.5,-61.95,-160.11,-0.71,1.95,0.383,0.664
85.054,espiral,hacia_wp,0.0829,-0.004,0.6053,54.74,-41.48,55.37,-42.11,60,-56,64,-56,510.96,545.31,105.61,-0.00252,0.00689,2.65053,512.3,422.3,-62.02,-160.18,-0.71,2.01,0.383,0.664
85.094,espiral,hacia_wp,0.0839,-0.004,0.6051,54.81,-41.38,55.44,-42.01,58,-54,63,-66,520.82,539.23,105.82,-0.00298,0.00825,2.6496,507.3,435.9,-62.12,-160.28,-0.67,2.06,0.383,0.664
85.154,espiral,hacia_wp,0.0841,-0.0036,0.5727,52.25,-38.8,52.83,-39.38,58,-50,66,-39,535.1,529.19,105.9,-0.00371,0.00723,2.64887,501.6,449.7,-62.13,-160.29,-0.63,2.04,0.383,0.664
85.214,espiral,hacia_wp,0.0822,-0.0033,0.5397,49.49,-36.34,50.01,-36.86,74,-42,69,-44,547.49,518.83,106.21,-0.00445,0.00699,2.64812,495.4,462.4,-62.06,-160.22,-0.6,2.07,0.383,0.664
85.253,espiral,hacia_wp,0.0733,-0.0026,0.4792,43.99,-32.26,44.4,-32.67,53,-38,59,-33,556.35,510.45,106.16,-0.00462,0.00802,2.64752,488.6,473.8,-62.05,-160.21,-0.58,2.09,0.383,0.664
85.294,espiral,hacia_wp,0.0732,-0.0026,0.4792,43.98,-32.28,44.39,-32.69,54,-26,46,-40,560.98,505.93,106.29,-0.00554,0.00665,2.64594,482.1,483.7,-62.03,-160.19,-0.52,2.06,0.383,0.664
85.353,espiral,hacia_wp,0.0672,-0.0023,0.4536,41.49,-30.73,41.85,-31.09,48,-23,67,-37,568.99,497.52,106.32,-0.00513,0.00846,2.64214,476.7,492.4,-62.01,-160.17,-0.53,2.09,0.383,0.664
85.394,espiral,hacia_wp,0.061,-0.002,0.4314,39.24,-29.47,39.55,-29.79,37,-25,31,-20,574.98,492.1,106.47,-0.00581,0.00692,2.64494,471.4,500.1,-61.79,-159.95,-0.49,2.06,0.383,0.664
85.454,espiral,hacia_wp,0.0558,-0.0017,0.4111,37.21,-28.29,37.49,-28.56,37,-31,39,-26,582.76,486.39,106.36,-0.0064,0.00818,2.64595,467.8,506.3,-61.76,-159.92,-0.52,2.05,0.383,0.664
85.494,espiral,hacia_wp,0.6477,-0.0112,0.8412,118.21,-14.58,120.0,-16.37,31,-24,40,-37,586.84,483.61,106.43,-0.00665,0.00824,2.64382,464.6,513.3,-61.88,-160.04,-0.47,2.1,0.0,0.8
85.554,espiral,hacia_wp,0.6542,-0.0111,0.8347,118.22,-13.56,120.0,-15.33,36,-17,41,-29,595.03,477.3,106.64,-0.00804,0.00709,2.64004,464.6,513.3,-61.92,-160.08,-0.44,2.08,0.0,0.8
85.594,espiral,hacia_wp,0.6563,-0.0111,0.8327,118.23,-13.23,120.0,-15.0,142,-25,108,-30,601.88,468.0,106.63,-0.00904,0.00719,2.63401,461.6,521.3,-61.52,-159.68,-0.34,2.05,0.0,0.8
85.654,espiral,hacia_wp,0.6574,-0.011,0.8315,118.24,-13.05,120.0,-14.81,124,-12,115,-22,607.18,457.33,106.71,-0.00872,0.00693,2.63002,439.0,542.8,-61.15,-159.31,-0.32,2.13,0.0,0.8
85.714,espiral,hacia_wp,0.6586,-0.0109,0.8305,118.25,-12.88,120.0,-14.62,128,-8,125,-12,615.54,432.44,106.96,-0.00933,0.00581,2.62683,416.5,556.1,-60.94,-159.1,-0.34,2.16,0.0,0.8
85.754,espiral,hacia_wp,0.6573,-0.0108,0.8319,118.28,-13.11,120.0,-14.83,108,0,122,-3,619.79,415.17,107.19,-0.01007,0.00619,2.62778,416.5,556.1,-60.82,-158.98,-0.35,2.26,0.0,0.8
85.793,espiral,hacia_wp,0.6261,-0.0102,0.7997,113.25,-13.07,114.88,-14.69,108,0,122,-3,622.89,401.3,107.27,-0.00971,0.00532,2.62932,393.0,567.6,-60.9,-159.06,-0.33,2.35,0.0,0.8
85.853,espiral,hacia_wp,0.5852,-0.0094,0.758,106.71,-13.07,108.21,-14.57,139,-7,135,-6,631.09,367.54,107.62,-0.01029,0.00444,2.62964,368.8,577.8,-60.98,-159.14,-0.35,2.45,0.0,0.8
85.914,espiral,hacia_wp,0.5443,-0.0087,0.7162,100.15,-13.06,101.53,-14.44,112,-8,138,-7,639.32,340.19,107.79,-0.00988,0.00569,2.62579,344.5,588.2,-60.91,-159.07,-0.35,2.43,0.0,0.8
85.954,espiral,hacia_wp,0.5023,-0.0079,0.6759,93.62,-13.25,94.89,-14.51,100,-20,103,-30,647.27,320.41,108.01,-0.0098,0.00525,2.62274,321.2,599.7,-60.73,-158.89,-0.33,2.37,0.0,0.8
85.994,espiral,hacia_wp,0.4442,-0.0066,0.5956,82.66,-11.58,83.71,-12.64,100,-20,103,-30,652.27,310.12,108.15,-0.00981,0.00594,2.62197,283.7,623.8,-60.56,-158.72,-0.34,2.37,0.0,0.8
86.054,espiral,hacia_wp,0.4425,-0.0066,0.5969,82.62,-11.83,83.68,-12.89,97,-21,93,-27,662.09,292.64,108.36,-0.01009,0.00684,2.62167,283.7,623.8,-60.51,-158.67,-0.28,2.32,0.0,0.8
86.113,espiral,hacia_wp,0.4235,-0.0061,0.5635,78.47,-10.71,79.45,-11.69,72,-28,82,-19,670.32,278.78,108.54,-0.01033,0.00668,2.62299,270.4,634.8,-60.53,-158.69,-0.29,2.36,0.0,0.8
86.154,espiral,hacia_wp,0.3976,-0.0054,0.5094,72.13,-8.51,72.99,-9.37,62,-22,59,-19,675.21,267.76,108.76,-0.01031,0.00667,2.62209,250.5,652.9,-60.56,-158.72,-0.26,2.36,0.0,0.8
86.194,espiral,hacia_wp,0.3839,-0.005,0.4876,69.31,-7.89,70.12,-8.7,65,-8,56,-18,677.46,260.83,108.84,-0.0102,0.00695,2.62142,241.1,659.7,-60.49,-158.65,-0.26,2.35,0.0,0.8
86.254,espiral,hacia_wp,0.3833,-0.005,0.488,69.3,-7.98,70.11,-8.78,66,1,71,-2,680.63,245.84,108.99,-0.01008,0.00634,2.6203,241.1,659.7,-60.41,-158.57,-0.28,2.36,0.0,0.8
86.294,espiral,hacia_wp,0.3423,-0.0043,0.4486,62.92,-8.16,63.61,-8.85,72,0,71,5,682.15,232.23,109.07,-0.00946,0.00654,2.61941,217.6,669.7,-60.35,-158.51,-0.3,2.4,0.0,0.8
86.354,espiral,hacia_wp,0.3171,-0.0039,0.4296,59.42,-8.69,60.05,-9.31,75,10,87,13,682.73,215.5,109.14,-0.0086,0.00572,2.62008,204.1,673.7,-60.36,-158.52,-0.34,2.42,0.0,0.8
86.394,espiral,hacia_wp,0.2913,-0.0035,0.413,56.06,-9.45,56.63,-10.01,59,10,71,16,682.56,207.37,109.05,-0.00827,0.0045,2.62016,190.6,676.3,-60.35,-158.51,-0.39,2.44,0.0,0.8
86.454,espiral,hacia_wp,0.2658,-0.0032,0.3986,52.9,-10.36,53.41,-10.88,55,21,72,16,681.82,192.61,109.13,-0.00765,0.0041,2.62112,177.5,678.1,-60.34,-158.5,-0.41,2.48,0.0,0.8
86.494,espiral,hacia_wp,0.2432,-0.0029,0.3863,50.13,-11.22,50.6,-11.68,61,6,58,14,680.94,182.22,109.16,-0.00753,0.00364,2.61978,166.1,679.5,-60.34,-158.5,-0.41,2.48,0.0,0.8
86.554,espiral,hacia_wp,0.2255,-0.0026,0.3754,47.86,-11.78,48.29,-12.2,53,13,44,12,680.1,174.96,109.2,-0.00676,0.00308,2.61815,156.7,680.9,-60.3,-158.46,-0.5,2.48,0.0,0.8
86.614,espiral,hacia_wp,0.2086,-0.0024,0.3679,45.92,-12.55,46.31,-12.94,35,16,47,14,678.3,163.54,109.16,-0.00651,0.00356,2.61496,148.7,681.6,-60.2,-158.36,-0.55,2.5,0.0,0.8
86.654,espiral,hacia_wp,0.208,-0.0024,0.3683,45.9,-12.63,46.29,-13.02,44,21,47,17,677.33,157.13,109.2,-0.0064,0.00352,2.61435,140.9,681.9,-60.04,-158.2,-0.53,2.46,0.0,0.8
86.694,espiral,hacia_wp,1.0009,-0.01,0.4891,118.39,41.75,120.0,40.14,36,8,36,10,677.02,150.74,109.25,-0.00651,0.00355,2.61712,133.0,682.2,-60.04,-158.2,-0.53,2.46,-0.417,0.722
86.753,espiral,hacia_wp,1.0012,-0.01,0.4888,118.39,41.8,120.0,40.19,50,5,44,1,678.59,140.37,109.27,-0.0075,0.00364,2.61961,125.5,683.8,-60.06,-158.22,-0.56,2.5,-0.417,0.722
86.814,espiral,hacia_wp,1.0052,-0.01,0.4848,118.4,42.43,120.0,40.83,130,1,75,7,679.69,124.63,109.54,-0.00814,0.00512,2.6163,115.8,688.1,-60.3,-158.46,-0.5,2.52,-0.417,0.722
86.854,espiral,hacia_wp,1.0212,-0.0098,0.4691,118.44,44.95,120.0,43.39,143,14,107,19,677.95,106.51,109.47,-0.00729,0.00613,2.60333,96.5,694.7,-60.06,-158.22,-0.39,2.41,-0.417,0.722
86.894,espiral,hacia_wp,1.0176,-0.0098,0.4726,118.43,44.38,120.0,42.81,133,51,109,25,675.45,93.32,109.7,-0.00837,0.00192,2.5935,70.2,699.9,-60.06,-158.22,-0.39,2.41,-0.417,0.722
86.954,espiral,hacia_wp,0.9811,-0.0093,0.4625,114.75,42.24,116.24,40.74,123,50,147,45,668.0,64.43,110.34,-0.00702,-0.00784,2.59318,42.1,701.0,-59.29,-157.45,-0.42,2.29,-0.417,0.722
87.015,espiral,hacia_wp,0.9196,-0.0087,0.4461,108.56,38.58,109.95,37.18,130,60,155,67,659.41,31.79,110.12,-0.00859,-0.00495,2.59639,13.3,698.7,-58.67,-156.83,-0.53,2.32,-0.417,0.722
87.053,espiral,hacia_wp,0.8585,-0.008,0.4256,102.08,35.27,103.37,33.99,142,51,125,71,653.11,4.85,109.6,-0.00698,0.00452,2.59628,-15.6,695.9,-58.96,-157.12,-0.52,2.42,-0.417,0.722
87.094,espiral,hacia_wp,0.7991,-0.0073,0.4018,95.49,32.37,96.66,31.2,132,58,134,51,650.28,-9.76,109.7,-0.00795,0.00459,2.59504,-42.7,694.6,-58.96,-157.12,-0.52,2.42,-0.417,0.722
87.153,espiral,hacia_wp,0.7433,-0.0067,0.379,89.25,29.68,90.31,28.62,106,50,109,41,647.04,-34.93,109.78,-0.00801,0.00476,2.59021,-66.2,695.9,-59.11,-157.27,-0.63,2.42,-0.417,0.722
87.198,espiral,hacia_wp,0.6955,-0.0061,0.3572,83.74,27.55,84.7,26.58,86,25,93,14,646.2,-51.41,109.88,-0.00778,0.01062,2.58557,-84.7,698.5,-59.0,-157.16,-0.57,2.39,-0.417,0.722
87.254,espiral,hacia_wp,0.6322,-0.0052,0.3198,75.75,25.4,76.58,24.57,73,17,83,15,646.78,-62.14,110.61,-0.00901,-0.00358,2.58703,-98.9,701.8,-58.73,-156.89,-0.58,2.37,-0.417,0.722
87.314,espiral,hacia_wp,0.6309,-0.0052,0.3224,75.84,25.1,76.68,24.26,66,11,83,7,647.51,-76.78,110.79,-0.0102,-0.00369,2.58973,-110.3,704.6,-58.5,-156.66,-0.5,2.33,-0.417,0.722
87.353,espiral,hacia_wp,0.6097,-0.0049,0.3072,72.97,24.59,73.75,23.81,64,8,68,20,647.07,-88.58,111.0,-0.01134,-0.00331,2.59465,-121.2,707.0,-58.42,-156.58,-0.45,2.3,-0.417,0.722
87.395,espiral,hacia_wp,0.5909,-0.0046,0.2902,70.13,24.42,70.86,23.69,66,21,55,26,644.95,-101.89,111.01,-0.0122,-0.00025,2.59412,-132.6,708.1,-58.67,-156.83,-0.35,2.29,-0.417,0.722
87.454,espiral,hacia_wp,0.57,-0.0042,0.2749,67.26,23.95,67.94,23.27,82,31,68,23,641.53,-119.56,111.07,-0.01112,-0.00345,2.58941,-146.2,708.6,-58.96,-157.12,-0.3,2.34,-0.417,0.722
87.494,espiral,hacia_wp,0.5406,-0.0039,0.2662,64.23,22.26,64.86,21.63,80,37,81,29,639.52,-129.01,111.19,-0.01138,-0.00305,2.58659,-161.8,708.9,-58.52,-156.68,-0.31,2.31,-0.417,0.722
87.554,espiral,hacia_wp,0.5084,-0.0035,0.253,60.63,20.71,61.2,20.14,70,27,89,30,636.11,-147.65,111.3,-0.01187,-0.00267,2.58832,-161.8,708.9,-58.39,-156.55,-0.29,2.31,-0.417,0.722
87.594,espiral,hacia_wp,0.4758,-0.0031,0.2364,56.73,19.4,57.23,18.9,59,23,74,26,634.26,-159.16,111.27,-0.0116,-0.00308,2.59061,-193.6,708.9,-58.61,-156.77,-0.29,2.39,-0.417,0.722
87.654,espiral,hacia_wp,0.4444,-0.0027,0.223,53.18,17.93,53.62,17.49,59,25,59,16,632.09,-175.9,111.39,-0.01143,-0.00482,2.58699,-206.9,709.2,-58.61,-156.77,-0.29,2.39,-0.417,0.722
87.694,espiral,hacia_wp,0.4169,-0.0024,0.2117,50.09,16.61,50.48,16.22,43,17,57,10,631.55,-181.57,111.43,-0.01136,-0.0039,2.58493,-217.6,710.2,-58.45,-156.61,-0.38,2.44,-0.417,0.722
87.754,espiral,hacia_wp,0.3955,-0.0021,0.2011,47.56,15.72,47.9,15.38,37,10,37,12,631.48,-191.13,111.55,-0.01084,-0.00669,2.58407,-217.6,710.2,-58.32,-156.48,-0.38,2.45,-0.417,0.722
87.794,espiral,hacia_wp,0.3797,-0.0019,0.1903,45.45,15.31,45.75,15.0,41,5,37,10,631.12,-198.42,111.62,-0.01105,-0.00581,2.58777,-226.1,711.3,-58.49,-156.65,-0.38,2.47,-0.417,0.722
87.854,espiral,hacia_wp,0.3669,-0.0017,0.1812,43.71,14.99,43.98,14.72,30,17,40,18,630.42,-204.27,111.72,-0.01143,-0.0064,2.59114,-239.9,712.6,-58.69,-156.85,-0.34,2.49,-0.417,0.722
87.894,espiral,hacia_wp,1.2936,-0.0056,-0.1283,92.78,114.19,93.67,113.3,40,17,39,22,628.69,-212.03,111.77,-0.01137,-0.00441,2.59189,-239.9,712.6,-58.87,-157.03,-0.32,2.54,-0.751,0.433
87.954,espiral,hacia_wp,1.2787,-0.0054,-0.1351,91.06,113.53,91.92,112.67,40,17,39,22,625.64,-223.15,111.88,-0.01262,-0.00571,2.58855,-247.3,712.8,-58.82,-156.98,-0.33,2.53,-0.751,0.433
87.994,espiral,hacia_wp,1.2619,-0.0052,-0.1364,89.62,112.29,90.46,111.45,56,64,61,41,618.56,-237.74,112.03,-0.01295,-0.00447,2.58936,-255.7,712.7,-58.6,-156.76,-0.25,2.48,-0.751,0.433
88.054,espiral,hacia_wp,1.2345,-0.0049,-0.1468,86.62,110.9,87.41,110.11,108,106,97,158,609.23,-253.58,112.09,-0.01249,-0.00247,2.59579,-290.1,700.7,-58.82,-156.98,-0.2,2.47,-0.751,0.433
88.114,espiral,hacia_wp,1.1793,-0.0044,-0.157,81.44,107.25,82.14,106.55,100,110,129,112,586.59,-288.4,112.3,-0.01132,-0.00383,2.60169,-290.1,700.7,-59.32,-157.48,-0.16,2.57,-0.751,0.433
88.154,espiral,hacia_wp,1.1066,-0.0039,-0.1491,76.29,100.77,76.91,100.14,100,110,129,112,566.96,-315.28,112.08,-0.00968,-0.00325,2.59622,-318.8,685.0,-59.37,-157.53,-0.16,2.56,-0.751,0.433
88.193,espiral,hacia_wp,1.0283,-0.0034,-0.137,71.03,93.5,71.58,92.94,97,136,140,140,558.83,-325.58,112.19,-0.00971,-0.00404,2.59366,-350.3,668.6,-59.02,-157.18,-0.32,2.55,-0.751,0.433
88.253,espiral,hacia_wp,0.9503,-0.0029,-0.1311,65.3,86.75,65.76,86.28,85,118,100,117,532.2,-357.44,112.25,-0.00905,-0.00419,2.59815,-381.4,652.7,-58.9,-157.06,-0.29,2.57,-0.751,0.433
88.314,espiral,hacia_wp,0.8791,-0.0024,-0.126,60.06,80.6,60.44,80.21,48,109,62,114,513.7,-377.51,112.13,-0.00979,-0.00198,2.60778,-409.0,636.6,-59.29,-157.45,-0.29,2.62,-0.751,0.433
88.354,espiral,hacia_wp,0.822,-0.0021,-0.1132,56.53,74.98,56.87,74.64,48,109,62,114,504.03,-387.44,112.05,-0.01002,-0.00155,2.61032,-430.4,621.5,-59.71,-157.87,-0.26,2.56,-0.751,0.433
88.394,espiral,hacia_wp,0.7782,-0.0018,-0.107,53.55,70.97,53.85,70.67,51,72,53,62,496.08,-395.48,112.35,-0.01304,-0.00137,2.60675,-446.1,609.1,-59.74,-157.9,-0.23,2.59,-0.751,0.433
88.453,espiral,hacia_wp,0.747,-0.0017,-0.1003,51.61,67.92,51.88,67.65,26,82,46,62,486.84,-405.11,112.28,-0.01075,-0.00171,2.6049,-457.8,600.9,-59.55,-157.71,-0.22,2.62,-0.751,0.433
88.514,espiral,hacia_wp,0.7008,-0.0014,-0.0886,48.86,63.26,49.09,63.03,26,50,36,50,478.14,-416.54,112.27,-0.01063,0.00014,2.60184,-475.5,589.2,-59.34,-157.5,-0.22,2.62,-0.751,0.433
88.554,espiral,hacia_wp,0.7011,-0.0015,-0.086,49.09,63.08,49.32,62.85,38,53,62,44,471.36,-425.92,112.37,-0.01012,-0.001,2.60149,-475.5,589.2,-59.22,-157.38,-0.22,2.54,-0.751,0.433
88.594,espiral,hacia_wp,0.6422,-0.0011,-0.0802,44.88,57.87,45.05,57.7,50,52,51,55,465.89,-433.8,112.19,-0.00933,0.00173,2.60273,-499.1,577.2,-59.22,-157.38,-0.22,2.54,-0.751,0.433
88.654,espiral,hacia_wp,0.6041,-0.0008,-0.078,42.02,54.64,42.15,54.51,71,67,59,79,450.89,-452.99,112.27,-0.00788,0.00122,2.60711,-514.4,569.6,-59.42,-157.58,-0.24,2.46,-0.751,0.433
88.714,espiral,hacia_wp,0.5644,-0.0005,-0.0755,39.08,51.23,39.16,51.15,52,60,58,75,437.6,-468.48,112.21,-0.00594,0.00256,2.60657,-530.0,561.1,-59.53,-157.69,-0.29,2.43,-0.751,0.433
88.754,espiral,hacia_wp,0.5643,-0.0005,-0.0765,38.98,51.31,39.06,51.23,58,62,45,71,427.8,-479.01,112.22,-0.00536,0.00113,2.60527,-544.3,552.7,-59.51,-157.67,-0.33,2.34,-0.751,0.433
88.795,espiral,hacia_wp,0.4967,-0.0001,-0.0655,34.49,44.99,34.51,44.97,39,50,34,51,422.74,-484.16,112.15,-0.00501,0.00432,2.60466,-556.1,545.1,-59.46,-157.62,-0.39,2.33,-0.751,0.433
88.854,espiral,hacia_wp,0.4968,-0.0001,-0.0651,34.53,44.96,34.55,44.94,40,58,27,38,415.27,-492.77,112.11,-0.00561,0.00454,2.60407,-565.0,538.9,-59.46,-157.62,-0.39,2.33,-0.751,0.433
88.894,espiral,hacia_wp,0.4733,0.0,-0.0599,33.06,42.66,33.06,42.66,26,43,33,33,410.64,-498.81,112.2,-0.00565,0.00546,2.60175,-571.9,534.7,-59.46,-157.62,-0.38,2.34,-0.751,0.433
88.954,espiral,hacia_wp,0.4404,0.0002,-0.055,30.85,39.61,30.82,39.64,30,32,28,31,405.76,-505.88,112.29,-0.00649,0.00213,2.60163,-577.9,531.5,-59.28,-157.44,-0.34,2.31,-0.751,0.433
88.994,espiral,hacia_wp,0.4239,0.0003,-0.0529,29.71,38.11,29.66,38.16,29,38,30,33,402.73,-509.71,112.26,-0.00672,0.00183,2.60167,-584.5,528.1,-59.28,-157.44,-0.34,2.31,-0.751,0.433
89.054,espiral,hacia_wp,0.4239,0.0003,-0.0526,29.73,38.1,29.68,38.15,19,33,30,37,395.09,-517.81,112.3,-0.00608,0.00211,2.60262,-592.0,523.9,-59.25,-157.41,-0.32,2.31,-0.751,0.433
89.095,espiral,hacia_wp,0.8512,0.0026,-0.6462,16.61,119.58,16.19,120.0,33,41,34,58,387.96,-525.24,112.29,-0.00642,0.00283,2.60302,-600.2,518.4,-59.27,-157.43,-0.31,2.3,-0.9,0.0
89.154,espiral,hacia_wp,0.8444,0.0028,-0.6528,15.56,119.55,15.11,120.0,37,44,32,46,381.59,-531.63,112.27,-0.00579,0.00361,2.60124,-609.3,512.5,-59.28,-157.44,-0.31,2.29,-0.9,0.0
89.194,espiral,hacia_wp,0.8388,0.0029,-0.6583,14.68,119.53,14.21,120.0,18,97,32,112,370.23,-539.72,112.23,-0.00548,0.00316,2.59529,-619.0,504.3,-59.09,-157.25,-0.29,2.25,-0.9,0.0
89.254,espiral,hacia_wp,0.8413,0.0029,-0.6558,15.07,119.54,14.61,120.0,21,122,33,160,350.62,-548.47,112.23,-0.00504,0.00318,2.5825,-631.1,487.4,-59.09,-157.25,-0.29,2.25,-0.9,0.0
89.294,espiral,hacia_wp,0.8437,0.0029,-0.6534,15.46,119.53,14.99,120.0,7,157,18,129,329.84,-554.4,111.97,-0.00494,0.00709,2.57595,-643.7,464.8,-58.67,-156.83,-0.37,2.15,-0.9,0.0
89.355,espiral,hacia_wp,0.8549,0.003,-0.6421,17.26,119.52,16.78,120.0,6,132,6,129,301.77,-560.57,111.9,-0.00563,0.00448,2.58016,-654.4,440.6,-58.07,-156.23,-0.4,2.14,-0.9,0.0
89.415,espiral,hacia_wp,0.8573,0.003,-0.6397,17.64,119.53,17.17,120.0,18,144,-6,166,277.34,-565.93,111.39,-0.00711,0.00564,2.58645,-664.0,415.5,-57.89,-156.05,-0.37,2.12,-0.9,0.0
89.454,espiral,hacia_wp,0.8602,0.0031,-0.6367,18.12,119.51,17.63,120.0,5,139,3,150,257.65,-570.94,111.23,-0.00648,0.00602,2.58919,-664.0,415.5,-58.13,-156.29,-0.39,2.18,-0.9,0.0
89.495,espiral,hacia_wp,0.811,0.0031,-0.6031,16.88,112.88,16.39,113.38,8,129,17,119,234.1,-578.22,111.3,-0.00538,0.00368,2.58988,-674.1,390.5,-58.7,-156.86,-0.39,2.27,-0.9,0.0
89.554,espiral,hacia_wp,0.7685,0.003,-0.5656,16.47,106.48,15.98,106.97,10,120,20,114,216.88,-585.04,111.27,-0.00575,0.00344,2.58461,-696.8,347.5,-58.7,-156.86,-0.39,2.27,-0.9,0.0
89.595,espiral,hacia_wp,0.7313,0.0029,-0.5277,16.52,100.49,16.05,100.96,31,113,31,136,197.62,-594.21,111.2,-0.00555,0.00305,2.58093,-709.1,330.5,-58.15,-156.31,-0.43,2.26,-0.9,0.0
89.655,espiral,hacia_wp,0.6907,0.003,-0.5041,15.17,95.34,14.69,95.82,29,112,26,120,173.72,-606.2,111.11,-0.00509,0.00347,2.5857,-721.4,315.0,-58.15,-156.31,-0.43,2.26,-0.9,0.0
89.695,espiral,hacia_wp,0.6493,0.0031,-0.4863,13.29,90.6,12.79,91.1,16,86,13,85,164.34,-610.58,111.03,-0.00435,0.00401,2.58845,-732.5,300.3,-58.41,-156.57,-0.4,2.29,-0.9,0.0
89.755,espiral,hacia_wp,0.6133,0.0032,-0.466,12.04,86.1,11.53,86.6,14,83,15,72,145.98,-617.56,110.96,-0.0046,0.00409,2.58688,-741.5,286.2,-58.41,-156.57,-0.4,2.29,-0.9,0.0
89.815,espiral,hacia_wp,0.5823,0.0032,-0.4451,11.23,81.94,10.72,82.45,9,99,14,67,128.08,-623.33,111.0,-0.00615,0.00184,2.58164,-741.5,286.2,-58.41,-156.57,-0.42,2.27,-0.9,0.0
89.855,espiral,hacia_wp,0.5567,0.0032,-0.4224,11.0,78.07,10.49,78.58,10,72,16,85,113.56,-628.85,110.89,-0.00538,0.00312,2.5797,-749.1,273.0,-58.15,-156.31,-0.42,2.27,-0.9,0.0
89.895,espiral,hacia_wp,0.5298,0.0031,-0.4011,10.54,74.22,10.04,74.72,10,72,16,85,105.07,-632.32,110.78,-0.00294,0.00328,2.58133,-756.6,259.6,-58.08,-156.24,-0.49,2.25,-0.9,0.0
89.954,espiral,hacia_wp,0.5012,0.0032,-0.3814,9.84,70.35,9.33,70.85,17,78,17,67,88.56,-639.73,110.83,-0.00442,0.00295,2.5837,-764.6,246.4,-58.16,-156.32,-0.52,2.2,-0.9,0.0
89.995,espiral,hacia_wp,0.4707,0.0032,-0.3649,8.72,66.59,8.21,67.11,18,82,17,72,75.46,-646.03,110.74,-0.00333,0.00371,2.58346,-773.1,233.6,-58.32,-156.48,-0.46,2.2,-0.9,0.0
90.055,espiral,hacia_wp,0.4429,0.0033,-0.3484,7.82,63.04,7.3,63.56,20,71,14,76,65.57,-650.74,110.6,-0.00346,0.00334,2.58174,-781.7,221.9,-58.28,-156.44,-0.47,2.2,-0.9,0.0
90.114,espiral,hacia_wp,0.4163,0.0033,-0.3324,6.97,59.63,6.45,60.15,20,60,10,62,49.92,-658.65,110.67,-0.00387,0.00353,2.58264,-790.3,210.9,-58.13,-156.29,-0.47,2.17,-0.9,0.0
90.154,espiral,hacia_wp,0.3905,0.0033,-0.3191,5.98,56.5,5.44,57.04,20,60,10,62,41.89,-663.09,110.72,-0.00409,0.00328,2.58503,-798.4,200.8,-58.23,-156.39,-0.47,2.18,-0.9,0.0
90.194,espiral,hacia_wp,0.3654,0.0034,-0.3079,4.87,53.59,4.32,54.14,15,54,13,67,32.48,-668.88,110.71,-0.00402,0.00372,2.58527,-805.7,191.3,-58.41,-156.57,-0.46,2.19,-0.9,0.0
90.254,espiral,hacia_wp,0.3436,0.0035,-0.2955,4.12,50.85,3.57,51.4,16,55,14,61,25.24,-673.51,110.63,-0.00454,0.00457,2.58277,-812.5,182.3,-58.38,-156.54,-0.46,2.17,-0.9,0.0
90.314,espiral,hacia_wp,0.3009,0.0036,-0.2754,2.32,45.81,1.75,46.39,15,65,30,47,13.51,-680.52,110.53,-0.00502,0.00396,2.58393,-826.4,166.5,-58.28,-156.44,-0.44,2.19,-0.9,0.0
90.355,espiral,hacia_wp,0.4228,0.0104,-1.0668,-50.69,118.34,-52.35,120.0,19,49,22,42,7.18,-684.44,110.62,-0.00574,0.00379,2.58437,-832.9,159.4,-58.37,-156.53,-0.44,2.2,-0.808,-0.467
90.395,espiral,hacia_wp,0.4136,0.0106,-1.0758,-52.14,118.31,-53.83,120.0,14,51,13,50,0.58,-687.89,110.63,-0.00389,0.00501,2.58455,-839.1,152.5,-58.43,-156.59,-0.4,2.26,-0.808,-0.467
90.454,espiral,hacia_wp,0.4047,0.0108,-1.0845,-53.52,118.28,-55.25,120.0,-10,67,0,122,-14.42,-689.42,110.47,-0.00391,0.0062,2.58014,-844.1,143.2,-58.4,-156.56,-0.43,2.11,-0.808,-0.467
90.514,espiral,hacia_wp,0.402,0.0109,-1.0871,-53.94,118.25,-55.69,120.0,-70,112,-36,155,-36.34,-685.85,110.27,-0.00446,0.0051,2.58016,-845.0,123.2,-58.32,-156.48,-0.42,1.99,-0.808,-0.467
90.554,espiral,hacia_wp,0.4045,0.011,-1.0845,-53.52,118.24,-55.28,120.0,-61,153,-41,114,-58.99,-679.23,110.15,-0.00389,0.00484,2.58121,-842.9,95.1,-58.27,-156.43,-0.47,1.99,-0.808,-0.467
90.595,espiral,hacia_wp,0.4075,0.0111,-1.0814,-53.03,118.22,-54.8,120.0,-65,109,-80,142,-73.97,-674.15,110.06,-0.00436,0.00533,2.5849,-839.3,65.1,-58.38,-156.54,-0.44,2.07,-0.808,-0.467
90.654,espiral,hacia_wp,0.4009,0.0109,-1.0488,-50.96,115.1,-52.7,116.84,-82,147,-83,117,-105.86,-663.47,109.69,-0.00526,0.0048,2.59106,-834.1,34.3,-58.67,-156.83,-0.4,2.17,-0.808,-0.467
90.695,espiral,hacia_wp,0.3785,0.0104,-0.9866,-47.82,108.38,-49.48,110.05,-72,114,-74,123,-132.58,-655.32,109.48,-0.00588,0.00423,2.59439,-829.6,5.0,-58.86,-157.02,-0.37,2.26,-0.808,-0.467
90.755,espiral,hacia_wp,0.3753,0.0105,-0.9879,-48.17,108.21,-49.85,109.89,-68,133,-82,147,-158.02,-649.18,109.36,-0.00526,0.00424,2.59595,-826.8,-22.3,-58.86,-157.02,-0.37,2.26,-0.808,-0.467
90.815,espiral,hacia_wp,0.3347,0.0096,-0.8794,-42.8,96.36,-44.34,97.9,-58,112,-47,112,-185.29,-644.45,109.23,-0.00516,0.00388,2.59765,-826.3,-46.7,-58.99,-157.15,-0.43,2.32,-0.808,-0.467
90.855,espiral,hacia_wp,0.3343,0.0096,-0.8796,-42.85,96.34,-44.39,97.88,-37,116,-36,98,-201.36,-642.38,109.16,-0.0052,0.0047,2.59784,-827.4,-68.1,-59.05,-157.21,-0.43,2.35,-0.808,-0.467
90.898,espiral,hacia_wp,0.2928,0.0091,-0.7997,-39.82,86.66,-41.28,88.12,-31,93,-38,95,-219.21,-640.02,109.06,-0.00524,0.00543,2.60112,-828.8,-86.8,-59.05,-157.21,-0.43,2.35,-0.808,-0.467
90.955,espiral,hacia_wp,0.2922,0.0091,-0.7999,-39.88,86.64,-41.34,88.1,-43,80,-38,115,-235.5,-637.21,108.98,-0.00551,0.00418,2.60226,-829.8,-103.6,-59.09,-157.25,-0.42,2.36,-0.808,-0.467
91.015,espiral,hacia_wp,0.2589,0.0087,-0.7343,-37.33,78.76,-38.72,80.15,-33,86,-40,73,-254.09,-632.91,108.86,-0.00565,0.00591,2.60312,-829.8,-119.4,-59.38,-157.54,-0.41,2.43,-0.808,-0.467
91.055,espiral,hacia_wp,0.2457,0.0085,-0.7024,-35.86,75.17,-37.22,76.52,-37,83,-33,83,-269.32,-628.36,108.87,-0.00518,0.00523,2.60183,-829.2,-134.8,-59.4,-157.56,-0.35,2.41,-0.808,-0.467
91.096,espiral,hacia_wp,0.2352,0.0082,-0.668,-33.97,71.59,-35.28,72.9,-43,76,-46,79,-278.63,-625.42,108.74,-0.00446,0.0058,2.6035,-827.4,-150.8,-59.4,-157.56,-0.35,2.41,-0.808,-0.467
91.155,espiral,hacia_wp,0.2345,0.0082,-0.6682,-34.04,71.56,-35.35,72.87,-44,79,-44,75,-297.25,-619.38,108.65,-0.00525,0.00503,2.60694,-825.1,-167.2,-59.46,-157.62,-0.34,2.4,-0.808,-0.467
91.197,espiral,hacia_wp,0.2136,0.0076,-0.598,-30.14,64.32,-31.36,65.54,-44,84,-40,67,-312.24,-615.17,108.62,-0.00571,0.0046,2.60752,-823.2,-183.3,-59.58,-157.74,-0.32,2.4,-0.808,-0.467
91.255,espiral,hacia_wp,0.2015,0.0074,-0.5665,-28.61,60.85,-29.79,62.03,-28,64,-33,86,-329.18,-611.36,108.36,-0.00575,0.00789,2.60914,-822.4,-198.4,-59.75,-157.91,-0.27,2.44,-0.808,-0.467
91.295,espiral,hacia_wp,0.1887,0.0072,-0.5369,-27.29,57.47,-28.44,58.62,-27,69,-26,72,-337.01,-609.86,108.29,-0.00524,0.0072,2.61003,-822.3,-212.8,-59.75,-157.91,-0.27,2.44,-0.808,-0.467
91.354,espiral,hacia_wp,0.1884,0.0072,-0.537,-27.32,57.46,-28.47,58.61,-28,62,-33,60,-351.24,-607.61,108.28,-0.00568,0.00589,2.61136,-822.4,-225.7,-59.78,-157.94,-0.25,2.44,-0.808,-0.467
91.395,espiral,hacia_wp,0.1651,0.0068,-0.4883,-25.31,51.72,-26.4,52.82,-20,51,-19,53,-361.71,-606.02,108.2,-0.00518,0.0085,2.61163,-823.1,-236.8,-59.89,-158.05,-0.26,2.41,-0.808,-0.467
91.455,espiral,hacia_wp,0.1556,0.0067,-0.4683,-24.47,49.38,-25.55,50.45,-28,41,-16,49,-369.53,-604.34,108.13,-0.00586,0.00771,2.61367,-823.5,-246.7,-59.94,-158.1,-0.22,2.4,-0.808,-0.467
91.515,espiral,hacia_wp,0.1476,0.0066,-0.4476,-23.48,47.09,-24.53,48.14,-20,44,-32,44,-382.71,-600.85,108.09,-0.00561,0.00956,2.61669,-823.3,-256.6,-60.2,-158.36,-0.18,2.38,-0.808,-0.467
91.555,espiral,hacia_wp,0.1456,0.0066,-0.4483,-23.69,46.98,-24.74,48.03,-27,51,-24,45,-390.14,-598.63,108.18,-0.00552,0.00796,2.61377,-822.1,-266.1,-60.2,-158.36,-0.18,2.38,-0.808,-0.467
91.596,espiral,hacia_wp,0.134,0.0062,-0.408,-21.42,42.86,-22.42,43.85,-32,52,-22,37,-399.46,-595.9,108.1,-0.0054,0.00912,2.61368,-821.3,-275.2,-60.2,-158.36,-0.2,2.42,-0.808,-0.467
91.655,espiral,hacia_wp,0.1284,0.0061,-0.3865,-20.16,40.7,-21.13,41.67,-27,46,-27,55,-407.01,-593.38,107.92,-0.0028,0.01257,2.6157,-820.4,-285.1,-60.08,-158.24,-0.19,2.35,-0.808,-0.467
91.714,espiral,hacia_wp,0.1258,0.0061,-0.3873,-20.43,40.56,-21.4,41.54,-22,42,-21,47,-419.67,-589.48,107.79,-0.00189,0.01237,2.61903,-819.3,-295.4,-60.46,-158.62,-0.1,2.24,-0.808,-0.467
91.756,espiral,hacia_wp,-0.2215,0.0176,-1.2609,-117.19,81.75,-120.0,84.56,-22,46,-25,42,-426.71,-587.97,107.69,-0.00212,0.01024,2.61577,-819.3,-295.4,-60.46,-158.62,-0.1,2.24,-0.483,-0.837
91.797,espiral,hacia_wp,-0.2243,0.0176,-1.2581,-117.18,81.3,-120.0,84.12,-40,56,-27,49,-435.61,-585.8,107.17,0.00222,0.01726,2.60894,-818.0,-313.3,-60.22,-158.38,-0.08,2.23,-0.483,-0.837
91.837,espiral,hacia_wp,-0.2313,0.0176,-1.2511,-117.18,80.17,-120.0,82.99,-80,58,-104,87,-442.02,-582.64,107.1,0.00115,0.01785,2.61116,-818.0,-313.3,-60.2,-158.36,-0.14,2.06,-0.483,-0.837
91.916,espiral,hacia_wp,-0.2446,0.0176,-1.2378,-117.19,78.05,-120.0,80.86,-110,83,-122,80,-466.07,-566.92,107.23,0.0005,0.02144,2.62528,-803.9,-342.9,-60.58,-158.74,-0.03,2.03,-0.483,-0.837
91.957,espiral,hacia_wp,-0.2553,0.0176,-1.2271,-117.18,76.34,-120.0,79.16,-98,91,-148,79,-485.83,-552.11,107.17,0.00031,0.02115,2.63072,-786.8,-369.7,-61.08,-159.24,-0.03,2.02,-0.483,-0.837
91.997,espiral,hacia_wp,-0.2594,0.0177,-1.2149,-116.53,75.03,-119.36,77.86,-137,88,-156,102,-498.88,-541.64,107.07,0.00204,0.01782,2.62999,-769.8,-397.2,-61.36,-159.52,-0.02,2.05,-0.483,-0.837
92.036,espiral,hacia_wp,-0.2448,0.0168,-1.1444,-109.79,70.62,-112.49,73.32,-137,88,-156,102,-516.7,-526.38,107.06,0.00227,0.01796,2.62891,-769.8,-397.2,-61.3,-159.46,-0.08,2.03,-0.483,-0.837
92.097,espiral,hacia_wp,-0.2312,0.016,-1.0735,-103.1,66.1,-105.66,68.66,-111,88,-131,95,-546.97,-497.77,107.02,0.0023,0.01821,2.63014,-735.3,-451.9,-61.29,-159.45,-0.08,2.04,-0.483,-0.837
92.157,espiral,hacia_wp,-0.2187,0.0152,-1.0025,-96.49,61.49,-98.91,63.92,-119,73,-118,66,-569.6,-474.06,106.94,0.00349,0.01774,2.63581,-718.0,-476.9,-61.42,-159.58,-0.05,2.0,-0.483,-0.837
92.197,espiral,hacia_wp,-0.2074,0.0144,-0.9358,-90.31,57.12,-92.61,59.42,-119,63,-101,51,-579.41,-463.38,106.87,0.00302,0.01933,2.63846,-702.0,-498.7,-61.72,-159.88,-0.04,1.92,-0.483,-0.837
92.257,espiral,hacia_wp,-0.193,0.0137,-0.8773,-84.54,53.66,-86.72,55.84,-100,58,-88,51,-596.15,-445.0,107.06,0.00289,0.02519,2.64256,-688.4,-516.6,-61.84,-160.0,-0.03,1.84,-0.483,-0.837
92.297,espiral,hacia_wp,-0.1811,0.0131,-0.8288,-79.75,50.77,-81.84,52.86,-69,45,-71,62,-607.99,-432.74,107.09,0.00317,0.02702,2.64545,-688.4,-516.6,-62.01,-160.17,0.02,1.77,-0.483,-0.837
92.337,espiral,hacia_wp,-0.17,0.0126,-0.7905,-75.83,48.63,-77.84,50.64,-69,45,-71,62,-614.7,-426.11,107.27,0.00193,0.0265,2.6457,-677.8,-531.0,-62.09,-160.25,0.03,1.73,-0.483,-0.837
92.397,espiral,hacia_wp,-0.1631,0.0122,-0.7563,-72.58,46.48,-74.53,48.43,-56,45,-46,41,-627.94,-414.44,107.17,0.0024,0.02719,2.64545,-669.2,-544.1,-62.09,-160.25,0.03,1.76,-0.483,-0.837
92.457,espiral,hacia_wp,-0.1585,0.0118,-0.7252,-69.75,44.4,-71.64,46.28,-73,59,-69,46,-641.78,-403.06,107.2,0.00262,0.02683,2.64699,-655.6,-569.5,-62.13,-160.29,0.06,1.78,-0.483,-0.837
92.497,espiral,hacia_wp,-0.1569,0.0114,-0.6921,-67.0,41.9,-68.83,43.73,-73,59,-69,46,-653.63,-392.89,107.27,0.00352,0.02525,2.65048,-655.6,-569.5,-62.3,-160.46,0.03,1.72,-0.483,-0.837
92.537,espiral,hacia_wp,-0.153,0.0111,-0.658,-64.0,39.52,-65.77,41.29,-59,43,-67,41,-660.96,-386.46,107.28,0.00167,0.02466,2.65142,-648.8,-583.2,-62.45,-160.61,0.01,1.75,-0.483,-0.837
92.597,espiral,hacia_wp,-0.1497,0.0106,-0.6218,-60.87,36.92,-62.57,38.63,-62,40,-74,52,-675.15,-373.22,107.37,0.0025,0.02443,2.65213,-640.8,-597.3,-62.54,-160.7,0.02,1.83,-0.483,-0.837
92.657,espiral,hacia_wp,-0.1423,0.0102,-0.5863,-57.47,34.71,-59.1,36.34,-69,35,-62,43,-687.98,-360.12,107.45,0.00119,0.02263,2.6532,-623.5,-624.3,-62.51,-160.67,-0.01,1.89,-0.483,-0.837
92.697,espiral,hacia_wp,-0.1344,0.0098,-0.5519,-54.12,32.61,-55.68,34.18,-69,35,-62,43,-697.36,-350.07,107.49,0.00105,0.02211,2.65465,-623.5,-624.3,-62.61,-160.77,0.02,1.93,-0.483,-0.837
92.757,espiral,hacia_wp,-0.1252,0.0094,-0.5201,-50.87,30.84,-52.37,32.34,-67,37,-59,31,-705.76,-341.21,107.49,0.00141,0.02238,2.65368,-614.8,-636.4,-62.59,-160.75,0.01,2.03,-0.483,-0.837
92.797,espiral,hacia_wp,-0.1172,0.009,-0.4921,-48.02,29.27,-49.47,30.71,-66,28,-50,29,-711.88,-335.24,107.56,0.00034,0.02148,2.65337,-607.3,-647.0,-62.58,-160.74,0.0,2.08,-0.483,-0.837
92.856,espiral,hacia_wp,-0.1102,0.0087,-0.4681,-45.56,27.93,-46.96,29.33,-41,28,-40,30,-720.33,-327.55,107.62,0.00063,0.02068,2.6523,-600.7,-656.1,-62.52,-160.68,-0.0,2.14,-0.483,-0.837
92.896,espiral,hacia_wp,-0.1047,0.0085,-0.4469,-43.45,26.69,-44.81,28.05,-38,31,-38,29,-726.78,-321.58,107.47,0.00037,0.0213,2.65797,-595.4,-664.4,-62.6,-160.76,0.04,2.1,-0.483,-0.837
92.937,espiral,hacia_wp,-0.1024,0.0083,-0.427,-41.69,25.31,-43.01,26.63,-29,23,-43,30,-730.43,-318.01,107.72,-0.00143,0.01412,2.66184,-591.1,-672.3,-62.96,-161.12,0.08,2.08,-0.483,-0.837
92.997,espiral,hacia_wp,-0.7113,0.0157,-0.7731,-117.49,3.69,-120.0,6.2,-43,26,-38,25,-739.18,-310.08,107.62,-0.00111,0.02142,2.66593,-582.0,-687.7,-63.27,-161.43,0.14,2.1,-0.0,-1.0
93.056,espiral,hacia_wp,-0.7153,0.0157,-0.769,-117.49,3.04,-120.0,5.55,-36,31,-46,33,-749.15,-299.68,107.51,3e-05,0.02135,2.65926,-582.0,-687.7,-63.31,-161.47,0.16,2.16,-0.0,-1.0
93.097,espiral,hacia_wp,-0.7216,0.0157,-0.7627,-117.49,2.03,-120.0,4.54,-75,28,-54,10,-752.66,-293.06,107.68,-0.00149,0.01481,2.65604,-577.0,-696.1,-62.95,-161.11,0.11,2.1,-0.0,-1.0
93.137,espiral,hacia_wp,-0.7215,0.0157,-0.7628,-117.49,2.05,-120.0,4.57,-128,16,-118,13,-757.97,-281.18,107.6,-0.0013,0.02149,2.64967,-570.5,-703.9,-62.52,-160.68,0.17,2.17,-0.0,-1.0
93.196,espiral,hacia_wp,-0.7186,0.0159,-0.7655,-117.46,2.49,-120.0,5.03,-133,13,-152,-3,-764.73,-257.53,107.44,-0.00356,0.02166,2.64425,-534.3,-725.3,-62.2,-160.36,0.21,2.17,-0.0,-1.0
93.256,espiral,hacia_wp,-0.7144,0.0159,-0.7697,-117.46,3.16,-120.0,5.7,-137,7,-89,-9,-771.62,-223.61,107.33,-0.00629,0.02273,2.64333,-534.3,-725.3,-62.01,-160.17,0.3,2.18,-0.0,-1.0
93.297,espiral,hacia_wp,-0.7073,0.0161,-0.7765,-117.42,4.24,-120.0,6.83,-141,-7,-129,-14,-774.1,-207.94,107.17,-0.00749,0.02219,2.64347,-484.8,-747.0,-62.01,-160.17,0.39,2.21,-0.0,-1.0
93.337,espiral,hacia_wp,-0.7073,0.0161,-0.7765,-117.42,4.24,-120.0,6.83,-159,-10,-140,-10,-776.67,-187.23,107.36,-0.00899,0.01662,2.64498,-459.4,-756.6,-62.01,-160.17,0.39,2.21,-0.0,-1.0
93.417,espiral,hacia_wp,-0.6969,0.0164,-0.7867,-117.37,5.87,-120.0,8.49,-147,-18,-128,-24,-781.08,-148.19,107.1,-0.01229,0.01785,2.64828,-435.4,-764.9,-62.09,-160.25,0.49,2.19,-0.0,-1.0
93.457,espiral,hacia_wp,-0.6895,0.0166,-0.792,-117.19,6.87,-119.84,9.52,-106,-16,-120,-23,-783.03,-126.64,107.08,-0.01307,0.01776,2.65402,-413.3,-771.7,-62.36,-160.52,0.55,2.2,-0.0,-1.0
93.497,espiral,hacia_wp,-0.6558,0.016,-0.7616,-112.11,7.18,-114.67,9.74,-109,-18,-124,-9,-784.01,-114.33,107.0,-0.01282,0.01849,2.65611,-393.4,-777.5,-62.54,-160.7,0.49,2.2,-0.0,-1.0
93.537,espiral,hacia_wp,-0.6582,0.016,-0.7595,-112.14,6.82,-114.7,9.38,-101,-21,-118,-18,-785.62,-94.54,106.76,-0.01252,0.01875,2.65758,-374.8,-782.9,-62.54,-160.7,0.49,2.2,-0.0,-1.0
93.597,espiral,hacia_wp,-0.591,0.0149,-0.708,-102.72,8.17,-105.11,10.56,-85,-13,-100,-17,-787.66,-70.68,106.59,-0.01206,0.0178,2.65622,-356.5,-788.3,-62.7,-160.86,0.52,2.17,-0.0,-1.0
93.657,espiral,hacia_wp,-0.5561,0.0144,-0.6823,-97.91,8.95,-100.22,11.25,-92,-16,-93,-16,-789.83,-46.27,106.27,-0.01007,0.02343,2.66017,-337.8,-793.8,-62.72,-160.88,0.47,2.06,-0.0,-1.0
93.697,espiral,hacia_wp,-0.5196,0.0138,-0.6552,-92.88,9.74,-95.09,11.95,-106,-26,-102,-18,-790.73,-34.15,106.29,-0.01046,0.0179,2.66055,-318.3,-800.0,-62.92,-161.08,0.46,2.0,-0.0,-1.0
93.757,espiral,hacia_wp,-0.5219,0.0138,-0.6534,-92.92,9.41,-95.13,11.62,-105,-11,-95,-14,-792.59,-10.54,105.96,-0.01004,0.01795,2.66079,-299.1,-805.3,-62.92,-161.08,0.46,2.0,-0.0,-1.0
93.797,espiral,hacia_wp,-0.4852,0.0133,-0.6282,-88.01,10.38,-90.14,12.51,-77,-19,-107,-17,-793.77,8.12,105.78,-0.00996,0.01745,2.66369,-299.1,-805.3,-62.9,-161.06,0.42,1.99,-0.0,-1.0
93.842,espiral,hacia_wp,-0.4512,0.0128,-0.6032,-83.33,11.14,-85.37,13.18,-92,-21,-73,-22,-794.5,18.65,105.66,-0.00977,0.01889,2.66242,-263.4,-815.3,-63.02,-161.18,0.38,2.03,-0.0,-1.0
93.917,espiral,hacia_wp,-0.4193,0.0123,-0.5798,-78.95,11.86,-80.91,13.82,-75,-17,-92,-1,-796.74,44.02,105.55,-0.00783,0.0164,2.67131,-247.7,-819.2,-63.09,-161.25,0.35,2.05,-0.0,-1.0
93.959,espiral,hacia_wp,-0.3889,0.0118,-0.5603,-74.99,12.77,-76.89,14.66,-72,-15,-81,6,-799.56,57.69,105.31,-0.0084,0.01735,2.68675,-233.6,-824.4,-63.07,-161.23,0.3,2.03,-0.0,-1.0
93.997,espiral,hacia_wp,-0.3683,0.0114,-0.5359,-71.42,12.49,-73.24,14.32,-53,-8,-99,15,-802.02,65.52,105.26,-0.00675,0.02075,2.69743,-233.6,-824.4,-63.62,-161.78,0.29,2.05,-0.0,-1.0
94.036,espiral,hacia_wp,-0.3557,0.011,-0.5077,-68.19,11.28,-69.96,13.04,-45,-2,-73,20,-805.67,75.28,105.22,-0.00758,0.01743,2.70611,-221.5,-830.9,-64.56,-162.72,0.32,2.06,-0.0,-1.0
94.097,espiral,hacia_wp,-0.344,0.0106,-0.479,-64.99,9.95,-66.69,11.65,-45,-2,-73,20,-813.43,91.66,105.15,-0.0066,0.01716,2.71518,-210.1,-838.4,-65.42,-163.58,0.3,2.04,-0.0,-1.0
94.157,espiral,hacia_wp,-0.3309,0.0103,-0.4544,-62.0,9.06,-63.65,10.71,-87,13,-66,5,-820.27,105.45,105.04,-0.00593,0.02089,2.70934,-190.5,-853.8,-65.87,-164.03,0.32,2.04,-0.0,-1.0
94.197,espiral,hacia_wp,-0.3175,0.0099,-0.4295,-58.97,8.16,-60.55,9.75,-87,21,-46,-17,-822.78,112.45,105.16,-0.00653,0.01603,2.69794,-180.5,-860.9,-66.15,-164.31,0.32,2.02,-0.0,-1.0
94.256,espiral,hacia_wp,-0.2969,0.0096,-0.4109,-55.86,8.35,-57.39,9.88,-73,11,-61,-19,-826.22,126.24,105.08,-0.00518,0.00966,2.68146,-180.5,-860.9,-65.64,-163.8,0.27,2.02,-0.0,-1.0
94.297,espiral,hacia_wp,-0.2658,0.0093,-0.4032,-52.78,10.25,-54.26,11.73,-53,-8,-49,-11,-827.79,137.13,104.99,-0.006,0.01009,2.67673,-170.5,-865.7,-63.82,-161.98,0.22,2.05,-0.0,-1.0
94.358,espiral,hacia_wp,-0.2464,0.0089,-0.387,-49.96,10.53,-51.39,11.96,-46,-13,-52,-10,-828.24,149.3,104.79,-0.00606,0.01691,2.68154,-149.9,-873.6,-63.79,-161.95,0.24,2.04,-0.0,-1.0
94.397,espiral,hacia_wp,-0.2293,0.0086,-0.371,-47.33,10.64,-48.71,12.02,-51,-23,-59,-14,-828.44,155.16,104.79,-0.00681,0.02365,2.68285,-149.9,-873.6,-64.06,-162.22,0.26,2.04,-0.0,-1.0
94.456,espiral,hacia_wp,-0.2123,0.0084,-0.3574,-44.91,10.94,-46.25,12.27,-42,-18,-62,-11,-827.5,166.28,104.92,-0.00667,0.01946,2.6896,-140.1,-876.4,-64.34,-162.5,0.3,1.99,-0.0,-1.0
94.498,espiral,hacia_wp,-1.1082,0.0149,-0.377,-117.62,-59.68,-120.0,-57.31,-46,-17,-47,-16,-826.84,175.16,104.93,-0.00615,0.01893,2.69348,-121.7,-879.2,-64.64,-162.8,0.32,1.93,0.517,-0.895
94.558,espiral,hacia_wp,-1.1123,0.0149,-0.3728,-117.62,-60.35,-120.0,-57.97,-50,-33,-43,-31,-825.57,187.05,104.69,-0.00391,0.01872,2.69439,-113.2,-879.9,-64.81,-162.97,0.33,1.95,0.517,-0.895
94.597,espiral,hacia_wp,-1.1138,0.0149,-0.3713,-117.61,-60.59,-120.0,-58.2,-103,-45,-88,-58,-823.86,195.83,104.54,-0.00413,0.0226,2.69389,-113.2,-879.9,-64.86,-163.02,0.27,1.92,0.517,-0.895
94.657,espiral,hacia_wp,-1.1138,0.015,-0.3712,-117.61,-60.6,-120.0,-58.21,-103,-45,-88,-58,-816.82,219.38,104.53,-0.00387,0.02352,2.68945,-102.3,-880.1,-64.7,-162.86,0.27,1.96,0.517,-0.895
94.697,espiral,hacia_wp,-1.1093,0.0151,-0.3757,-117.59,-59.89,-120.0,-57.48,-165,-84,-100,-80,-808.64,244.68,104.4,-0.00432,0.02175,2.68832,-80.7,-881.4,-64.52,-162.68,0.27,1.96,0.517,-0.895
94.759,espiral,hacia_wp,-1.1084,0.0152,-0.3764,-117.57,-59.78,-120.0,-57.35,-165,-84,-100,-80,-800.22,273.17,104.33,-0.00412,0.02256,2.69113,-50.9,-881.6,-64.49,-162.65,0.28,1.99,0.517,-0.895
94.797,espiral,hacia_wp,-1.1036,0.0154,-0.381,-117.54,-59.03,-120.0,-56.57,-137,-75,-131,-85,-793.08,302.72,104.41,-0.00665,0.01741,2.69591,-19.2,-879.9,-64.73,-162.89,0.26,2.0,0.517,-0.895
94.858,espiral,hacia_wp,-1.0624,0.0149,-0.362,-112.76,-57.22,-115.15,-54.84,-138,-62,-152,-65,-787.78,336.51,104.2,-0.00647,0.02171,2.69885,43.6,-878.6,-64.98,-163.14,0.31,2.03,0.517,-0.895
94.897,espiral,hacia_wp,-0.9977,0.0142,-0.3399,-105.87,-53.76,-108.14,-51.49,-113,-43,-101,-62,-786.22,351.95,104.01,-0.0061,0.02149,2.69875,43.6,-878.6,-65.09,-163.25,0.38,2.02,0.517,-0.895
94.957,espiral,hacia_wp,-0.9399,0.0135,-0.318,-99.55,-50.83,-101.71,-48.66,-113,-43,-101,-62,-784.26,379.49,103.95,-0.00727,0.01766,2.69971,71.3,-880.5,-65.07,-163.23,0.33,2.01,0.517,-0.895
95.0,espiral,hacia_wp,-0.8907,0.0129,-0.2944,-93.78,-48.73,-95.84,-46.67,-101,-37,-88,-34,-782.96,399.33,103.95,-0.00733,0.01674,2.70274,95.6,-883.5,-65.18,-163.34,0.39,2.05,0.517,-0.895
95.036,espiral,hacia_wp,-0.8489,0.0124,-0.2747,-88.89,-46.92,-90.87,-44.94,-101,-37,-88,-34,-781.72,410.03,103.96,-0.00661,0.01642,2.70562,116.1,-886.6,-65.36,-163.52,0.34,2.1,0.517,-0.895
95.116,espiral,hacia_wp,-0.8137,0.0119,-0.2526,-84.35,-45.84,-86.25,-43.94,-82,-39,-65,-30,-777.32,436.75,103.87,-0.00689,0.01705,2.70786,134.2,-889.1,-65.55,-163.71,0.36,2.05,0.517,-0.895
95.158,espiral,hacia_wp,-0.7791,0.0115,-0.2404,-80.64,-44.02,-82.48,-42.18,-82,-39,-65,-30,-774.03,450.04,103.81,-0.00508,0.01658,2.71087,150.6,-889.9,-65.55,-163.71,0.37,2.14,0.517,-0.895
95.197,espiral,hacia_wp,-0.7455,0.0111,-0.229,-77.07,-42.2,-78.85,-40.43,-89,-50,-86,-55,-769.76,467.25,103.85,-0.00592,0.01652,2.71199,166.6,-889.2,-65.77,-163.93,0.33,2.09,0.517,-0.895
95.238,espiral,hacia_wp,-0.7086,0.0107,-0.2212,-73.52,-39.85,-75.24,-38.13,-86,-46,-67,-44,-767.15,477.77,103.61,-0.00565,0.01634,2.71247,183.4,-888.0,-65.79,-163.95,0.33,2.15,0.517,-0.895
95.297,espiral,hacia_wp,-0.6708,0.0103,-0.211,-69.72,-37.62,-71.37,-35.96,-84,-49,-77,-46,-762.38,502.24,103.63,-0.00647,0.02063,2.71492,201.0,-886.9,-65.91,-164.07,0.35,2.11,0.517,-0.895
95.359,espiral,hacia_wp,-0.6319,0.0099,-0.2016,-65.88,-35.22,-67.47,-33.63,-68,-40,-89,-35,-759.15,521.91,103.6,-0.00634,0.016,2.71724,219.0,-886.2,-65.96,-164.12,0.39,2.17,0.517,-0.895
95.396,espiral,hacia_wp,-0.5955,0.0095,-0.1886,-61.96,-33.32,-63.49,-31.79,-68,-40,-89,-35,-758.06,530.99,103.63,-0.00597,0.01588,2.71762,236.3,-886.4,-66.08,-164.24,0.39,2.15,0.517,-0.895
95.437,espiral,hacia_wp,-0.562,0.0092,-0.1767,-58.37,-31.55,-59.83,-30.09,-80,-26,-78,-34,-756.99,541.84,103.61,-0.0064,0.01634,2.7175,252.2,-887.4,-66.11,-164.27,0.39,2.12,0.517,-0.895
95.497,espiral,hacia_wp,-0.5325,0.0088,-0.1648,-55.08,-30.12,-56.49,-28.72,-68,-27,-58,-24,-755.09,558.46,103.34,-0.00526,0.01593,2.7189,266.5,-888.9,-66.11,-164.27,0.37,2.13,0.517,-0.895
95.558,espiral,hacia_wp,-0.5079,0.0085,-0.1541,-52.28,-28.98,-53.64,-27.62,-57,-29,-65,-32,-753.09,571.08,103.37,-0.00468,0.01547,2.72084,278.4,-889.9,-66.23,-164.39,0.36,2.13,0.517,-0.895
95.597,espiral,hacia_wp,-0.4847,0.0082,-0.1462,-49.81,-27.73,-51.13,-26.41,-57,-29,-65,-32,-751.78,577.03,103.38,-0.00468,0.01597,2.72261,289.4,-890.5,-66.23,-164.39,0.36,2.13,0.517,-0.895
95.656,espiral,hacia_wp,-0.4627,0.008,-0.1382,-47.44,-26.6,-48.72,-25.32,-36,-34,-48,-27,-748.83,588.81,103.35,-0.00412,0.01509,2.7263,299.9,-891.0,-66.51,-164.67,0.37,2.06,0.517,-0.895
95.696,espiral,hacia_wp,-0.4422,0.0078,-0.1323,-45.34,-25.41,-46.58,-24.16,-42,-24,-65,-31,-746.49,598.83,103.24,-0.00409,0.01548,2.72665,309.5,-890.4,-66.63,-164.79,0.33,2.08,0.517,-0.895
95.757,espiral,hacia_wp,-0.4199,0.0075,-0.1267,-43.12,-24.06,-44.33,-22.85,-53,-31,-44,-32,-743.96,611.01,103.23,-0.00363,0.01551,2.72486,319.8,-889.8,-66.62,-164.78,0.37,2.07,0.517,-0.895
95.797,espiral,hacia_wp,-1.1578,0.0078,0.3344,-65.25,-120.0,-66.5,-118.75,-53,-27,-43,-24,-742.82,616.87,103.29,-0.00391,0.01588,2.72326,340.3,-889.3,-66.62,-164.78,0.37,2.07,0.924,-0.533
95.857,espiral,hacia_wp,-1.1529,0.0077,0.3394,-64.46,-120.0,-65.69,-118.77,-54,-21,-39,-23,-740.26,628.46,103.12,-0.00321,0.0141,2.72546,349.9,-888.9,-66.46,-164.62,0.37,2.03,0.924,-0.533
95.897,espiral,hacia_wp,-1.1467,0.0076,0.3457,-63.48,-120.0,-64.69,-118.79,-52,-43,-54,-38,-734.57,641.31,103.05,-0.00281,0.01391,2.72914,360.6,-888.3,-66.6,-164.76,0.3,2.08,0.924,-0.533
95.936,espiral,hacia_wp,-1.1402,0.0075,0.3523,-62.43,-120.0,-63.63,-118.8,-54,-112,-61,-108,-729.19,651.31,103.09,-0.00265,0.01373,2.73329,377.0,-881.4,-66.6,-164.76,0.3,2.08,0.924,-0.533
95.997,espiral,hacia_wp,-1.1355,0.0074,0.3571,-61.67,-120.0,-62.86,-118.81,-59,-157,-59,-136,-715.15,675.56,103.19,-0.00663,0.01426,2.73477,401.1,-867.2,-66.89,-165.05,0.29,2.07,0.924,-0.533
96.057,espiral,hacia_wp,-1.1314,0.0075,0.3612,-61.02,-120.0,-62.21,-118.81,-91,-116,-83,-149,-692.5,707.82,103.05,-0.00773,0.01183,2.73323,429.0,-851.8,-67.05,-165.21,0.35,2.06,0.924,-0.533
96.096,espiral,hacia_wp,-1.1275,0.0075,0.3649,-60.41,-120.0,-61.61,-118.8,-82,-138,-86,-150,-681.1,721.47,103.11,-0.00906,0.01168,2.7319,456.4,-836.0,-67.08,-165.24,0.39,2.11,0.924,-0.533
96.137,espiral,hacia_wp,-1.1263,0.0077,0.366,-60.21,-120.0,-61.44,-118.77,-71,-137,-58,-135,-664.81,739.02,103.24,-0.00839,-1e-05,2.73338,456.4,-836.0,-66.99,-165.15,0.44,2.19,0.924,-0.533
96.197,espiral,hacia_wp,-1.1197,0.0078,0.3628,-59.93,-119.23,-61.18,-117.98,-50,-126,-56,-147,-640.42,761.78,103.0,-0.00917,0.00376,2.73622,482.2,-819.5,-66.92,-165.08,0.56,2.23,0.924,-0.533
96.257,espiral,hacia_wp,-1.0606,0.0076,0.3396,-57.07,-112.62,-58.29,-111.41,-53,-131,-54,-114,-613.82,784.9,102.73,-0.0083,0.00299,2.73884,524.7,-786.0,-66.95,-165.11,0.6,2.14,0.924,-0.533
96.297,espiral,hacia_wp,-1.0067,0.0074,0.3201,-54.34,-106.74,-55.52,-105.56,-53,-131,-54,-114,-603.43,794.2,102.77,-0.00701,-2e-05,2.73992,524.7,-786.0,-67.21,-165.37,0.61,2.16,0.924,-0.533
96.337,espiral,hacia_wp,-0.9589,0.0072,0.298,-52.29,-101.13,-53.45,-99.97,-49,-99,-52,-115,-587.95,809.66,102.65,-0.00617,0.00317,2.73878,542.9,-771.0,-67.21,-165.37,0.61,2.16,0.924,-0.533
96.397,espiral,hacia_wp,-0.9145,0.0071,0.2794,-50.24,-96.08,-51.38,-94.95,-65,-103,-59,-79,-571.78,828.11,101.92,-0.00996,0.01621,2.73596,577.2,-746.9,-67.23,-165.39,0.58,2.1,0.924,-0.533
96.457,espiral,hacia_wp,-0.8709,0.0069,0.2653,-47.9,-91.45,-49.0,-90.35,-65,-100,-55,-90,-556.99,847.17,101.86,-0.00899,0.01382,2.73615,595.0,-737.8,-67.2,-165.36,0.53,2.09,0.924,-0.533
96.497,espiral,hacia_wp,-0.8275,0.0067,0.2552,-45.25,-87.15,-46.32,-86.08,-41,-91,-52,-94,-549.73,856.45,101.73,-0.00885,0.01292,2.73688,612.9,-729.3,-67.16,-165.32,0.52,2.11,0.924,-0.533
96.556,espiral,hacia_wp,-0.7839,0.0064,0.2473,-42.41,-83.01,-43.44,-81.98,-46,-92,-48,-70,-535.15,874.15,101.56,-0.00701,0.01204,2.73962,612.9,-729.3,-67.19,-165.35,0.47,2.14,0.924,-0.533
96.597,espiral,hacia_wp,-0.7407,0.0062,0.2412,-39.47,-79.04,-40.45,-78.06,-46,-92,-48,-70,-523.02,887.61,101.56,-0.00611,0.01092,2.73812,630.2,-720.6,-67.42,-165.58,0.35,2.2,0.924,-0.533
96.657,espiral,hacia_wp,-0.7007,0.006,0.2298,-37.19,-74.92,-38.15,-73.96,-43,-79,-31,-73,-508.93,901.96,101.56,-0.0062,0.0105,2.73759,661.3,-702.0,-67.35,-165.51,0.26,2.19,0.924,-0.533
96.698,espiral,hacia_wp,-0.6634,0.0058,0.217,-35.24,-70.89,-36.17,-69.96,-34,-76,-41,-64,-502.0,908.45,101.45,-0.00629,0.01067,2.73795,674.6,-692.5,-67.3,-165.46,0.28,2.21,0.924,-0.533
96.757,espiral,hacia_wp,-0.6289,0.0057,0.2052,-33.44,-67.18,-34.35,-66.27,-30,-78,-28,-76,-489.31,920.43,101.46,-0.00487,0.01011,2.74063,674.6,-692.5,-67.41,-165.57,0.26,2.21,0.924,-0.533
96.797,espiral,hacia_wp,-0.5971,0.0055,0.1941,-31.8,-63.74,-32.69,-62.86,-33,-74,-22,-80,-479.71,929.85,101.44,-0.00403,0.01083,2.73957,698.2,-675.7,-67.47,-165.63,0.22,2.22,0.924,-0.533
96.857,espiral,hacia_wp,-0.568,0.0054,0.1825,-30.41,-60.47,-31.28,-59.6,-23,-68,-40,-68,-469.01,940.9,101.49,-0.00372,0.01038,2.73962,708.9,-668.1,-67.46,-165.62,0.14,2.16,0.924,-0.533
96.897,espiral,hacia_wp,-0.5408,0.0053,0.1718,-29.09,-57.43,-29.95,-56.57,-33,-71,-27,-69,-463.93,946.45,101.49,-0.00299,0.01027,2.73991,719.6,-661.4,-67.44,-165.6,0.16,2.16,0.924,-0.533
96.956,espiral,hacia_wp,-0.5138,0.0052,0.1632,-27.63,-54.58,-28.46,-53.74,-30,-57,-25,-49,-454.3,957.62,101.57,-0.00293,0.00984,2.73918,719.6,-661.4,-67.43,-165.59,0.1,2.19,0.924,-0.533
96.997,espiral,hacia_wp,-0.4869,0.0051,0.1555,-26.1,-51.8,-26.92,-50.99,-30,-57,-25,-49,-446.47,966.72,101.51,-0.00175,0.00964,2.74403,730.3,-654.9,-67.48,-165.64,0.08,2.12,0.924,-0.533
97.056,espiral,hacia_wp,-0.4601,0.005,0.1503,-24.38,-49.23,-25.18,-48.44,-34,-51,-35,-74,-437.43,976.94,101.54,-0.00065,0.00916,2.74535,750.9,-643.2,-67.76,-165.92,0.06,2.17,0.924,-0.533
97.097,espiral,hacia_wp,-0.435,0.0048,0.1439,-22.9,-46.7,-23.67,-45.93,-26,-50,-19,-52,-433.14,981.66,101.54,-0.00049,0.00945,2.74394,750.9,-643.2,-67.78,-165.94,-0.0,2.15,0.924,-0.533
97.157,espiral,hacia_wp,-0.4108,0.0047,0.1355,-21.64,-44.08,-22.4,-43.32,-29,-40,-20,-48,-425.27,990.26,101.66,0.00048,0.00861,2.74147,760.8,-637.4,-67.62,-165.78,-0.0,2.17,0.924,-0.533
97.197,espiral,hacia_wp,-0.3885,0.0046,0.1278,-20.48,-41.68,-21.23,-40.94,-20,-43,-20,-42,-419.1,996.51,101.68,0.00053,0.00846,2.74468,769.6,-631.6,-67.61,-165.77,-0.07,2.13,0.924,-0.533
97.257,espiral,hacia_wp,-0.7068,-0.0007,0.7925,6.79,-119.88,6.91,-120.0,-20,-43,-20,-42,-413.29,1002.1,101.79,0.00064,0.0075,2.74471,777.5,-626.6,-67.76,-165.92,-0.07,2.18,1.1,-0.0
97.297,espiral,hacia_wp,-0.7007,-0.0008,0.7985,7.76,-119.87,7.89,-120.0,-14,-59,-13,-59,-408.61,1006.27,101.63,0.00242,0.00847,2.74503,784.8,-622.0,-67.72,-165.88,-0.11,2.16,1.1,-0.0
97.357,espiral,hacia_wp,-0.6967,-0.0009,0.8024,8.39,-119.85,8.53,-120.0,-14,-59,-13,-59,-394.97,1016.62,101.69,0.00265,0.00502,2.74581,791.2,-617.3,-67.74,-165.9,-0.2,2.22,1.1,-0.0
97.397,espiral,hacia_wp,-0.6913,-0.001,0.8077,9.24,-119.84,9.4,-120.0,-15,-129,-18,-127,-386.64,1021.95,101.77,0.00279,0.00567,2.74767,798.5,-610.9,-67.83,-165.99,-0.21,2.23,1.1,-0.0
97.437,espiral,hacia_wp,-0.6862,-0.0011,0.8127,10.04,-119.83,10.21,-120.0,-24,-146,-22,-130,-373.3,1029.69,101.94,0.00279,0.00497,2.74961,810.8,-595.9,-68.0,-166.16,-0.23,2.19,1.1,-0.0
97.497,espiral,hacia_wp,-0.6792,-0.0011,0.8196,11.14,-119.82,11.32,-120.0,-27,-130,-13,-164,-349.16,1042.33,102.02,0.00247,0.00962,2.74267,826.8,-575.5,-67.87,-166.03,-0.26,2.18,1.1,-0.0
97.556,espiral,hacia_wp,-0.672,-0.0012,0.8268,12.29,-119.81,12.47,-120.0,-27,-130,-13,-164,-316.83,1058.22,102.16,0.00254,0.00942,2.73823,843.2,-554.5,-67.59,-165.75,-0.24,2.28,1.1,-0.0
97.597,espiral,hacia_wp,-0.6683,-0.0011,0.8305,12.89,-119.82,13.07,-120.0,-12,-121,-6,-155,-302.89,1065.43,102.29,0.00272,0.00863,2.73576,859.7,-532.5,-67.38,-165.54,-0.29,2.3,1.1,-0.0
97.637,espiral,hacia_wp,-0.6632,-0.0011,0.8357,13.71,-119.83,13.89,-120.0,-12,-121,-6,-155,-284.79,1074.71,102.48,0.00185,0.0085,2.73551,876.2,-510.2,-67.29,-165.45,-0.35,2.34,1.1,-0.0
97.697,espiral,hacia_wp,-0.6559,-0.0011,0.843,14.88,-119.82,15.05,-120.0,-21,-124,-13,-119,-258.95,1086.77,102.6,0.00281,0.00678,2.74045,891.8,-489.4,-67.37,-165.53,-0.27,2.41,1.1,-0.0
97.757,espiral,hacia_wp,-0.6463,-0.0011,0.8526,16.41,-119.82,16.6,-120.0,18,-122,10,-108,-234.8,1094.54,102.79,0.00222,0.0078,2.74772,906.2,-470.2,-67.74,-165.9,-0.26,2.35,1.1,-0.0
97.796,espiral,hacia_wp,-0.6216,-0.0011,0.844,17.71,-117.16,17.87,-117.33,18,-122,10,-108,-223.1,1096.88,102.8,0.0036,0.00731,2.74765,925.0,-433.9,-68.0,-166.16,-0.27,2.33,1.1,-0.0
97.837,espiral,hacia_wp,-0.6178,-0.0011,0.8468,18.23,-117.08,18.41,-117.25,21,-116,25,-123,-203.24,1099.13,102.92,0.00342,0.00644,2.74182,925.0,-433.9,-67.78,-165.94,-0.26,2.33,1.1,-0.0
97.896,espiral,hacia_wp,-0.5985,-0.0008,0.8056,16.5,-112.26,16.63,-112.4,28,-109,50,-129,-177.96,1101.24,103.3,0.00497,0.00441,2.73802,930.4,-414.6,-67.42,-165.58,-0.29,2.29,1.1,-0.0
97.957,espiral,hacia_wp,-0.5824,-0.0005,0.7595,14.13,-107.31,14.2,-107.39,44,-129,27,-124,-147.05,1105.1,103.3,0.00319,0.00732,2.74366,934.7,-393.9,-67.61,-165.77,-0.32,2.31,1.1,-0.0
97.996,espiral,hacia_wp,-0.5283,-0.0,0.6778,11.96,-96.48,11.96,-96.49,28,-117,19,-107,-133.83,1107.66,103.31,0.00322,0.00714,2.74116,947.6,-351.9,-67.73,-165.89,-0.28,2.3,1.1,-0.0
98.037,espiral,hacia_wp,-0.5269,-0.0001,0.6789,12.16,-96.46,12.16,-96.46,11,-117,22,-107,-116.7,1111.48,103.34,0.00242,0.00837,2.74007,947.6,-351.9,-67.56,-165.72,-0.3,2.34,1.1,-0.0
98.097,espiral,hacia_wp,-0.467,0.0003,0.6004,10.69,-85.41,10.65,-85.36,8,-116,13,-130,-92.97,1118.07,103.52,0.00288,0.00898,2.73761,965.7,-311.8,-67.39,-165.55,-0.3,2.32,1.1,-0.0
98.157,espiral,hacia_wp,-0.4402,0.0004,0.5686,10.31,-80.74,10.24,-80.67,2,-103,9,-104,-69.95,1126.16,103.59,0.00349,0.0105,2.73787,974.8,-295.5,-67.35,-165.51,-0.29,2.3,1.1,-0.0
98.196,espiral,hacia_wp,-0.4137,0.0005,0.544,10.47,-76.66,10.39,-76.58,-6,-78,0,-83,-61.7,1129.43,103.69,0.00308,0.00737,2.73968,983.5,-281.9,-67.44,-165.6,-0.27,2.32,1.1,-0.0
98.276,espiral,hacia_wp,-0.3887,0.0005,0.5252,10.96,-73.16,10.88,-73.08,-2,-68,-5,-83,-41.05,1139.82,103.87,0.00362,0.0082,2.73916,991.7,-270.8,-67.55,-165.71,-0.29,2.33,1.1,-0.0
98.297,espiral,hacia_wp,-0.3877,0.0005,0.526,11.1,-73.13,11.02,-73.06,-10,-62,-11,-63,-36.54,1141.88,103.88,0.00248,0.01031,2.74242,999.3,-261.1,-67.59,-165.75,-0.28,2.32,1.1,-0.0
98.356,espiral,hacia_wp,-0.3446,0.0005,0.4952,12.09,-67.22,12.01,-67.15,-6,-66,-14,-71,-25.31,1149.17,104.02,0.00325,0.00909,2.73829,1006.7,-252.6,-67.56,-165.72,-0.24,2.32,1.1,-0.0
98.397,espiral,hacia_wp,-0.3232,0.0004,0.4819,12.73,-64.44,12.66,-64.37,-17,-58,-10,-59,-19.5,1153.18,103.93,0.0055,0.01105,2.7344,1014.6,-244.5,-67.56,-165.72,-0.24,2.32,1.1,-0.0
98.456,espiral,hacia_wp,-0.3236,0.0004,0.4816,12.67,-64.45,12.6,-64.38,-15,-66,-11,-74,-6.51,1161.4,104.22,0.00216,0.00892,2.73607,1023.0,-235.6,-67.51,-165.67,-0.24,2.33,1.1,-0.0
98.497,espiral,hacia_wp,-0.2775,0.0004,0.4506,13.88,-58.28,13.81,-58.21,-7,-76,-12,-68,5.4,1167.15,104.24,0.00229,0.00811,2.74119,1031.5,-226.1,-67.43,-165.59,-0.17,2.39,1.1,-0.0
98.556,espiral,hacia_wp,-0.2561,0.0005,0.4317,14.09,-55.06,14.02,-54.99,2,-75,-2,-72,20.55,1170.95,104.37,0.001,0.00837,2.74733,1038.5,-215.5,-67.77,-165.93,-0.12,2.38,1.1,-0.0
98.597,espiral,hacia_wp,-0.2372,0.0005,0.4096,13.83,-51.78,13.75,-51.69,18,-59,16,-72,28.03,1171.35,104.41,0.0005,0.00828,2.74682,1043.0,-203.5,-68.0,-166.16,-0.11,2.42,1.1,-0.0
98.656,espiral,hacia_wp,-0.2355,0.0005,0.4105,14.04,-51.72,13.96,-51.64,23,-53,34,-60,42.12,1170.02,104.43,0.00234,0.00823,2.7401,1044.8,-190.4,-67.84,-166.0,-0.09,2.41,1.1,-0.0
98.696,espiral,hacia_wp,-0.2191,0.001,0.3556,11.0,-46.05,10.84,-45.9,27,-51,33,-60,52.29,1168.1,104.4,0.00467,0.01042,2.73336,1044.5,-178.0,-67.84,-166.0,-0.09,2.41,1.1,-0.0
98.757,espiral,hacia_wp,-0.2218,-0.009,1.2693,83.08,-118.56,84.52,-120.0,24,-46,27,-42,63.12,1166.45,104.54,0.0033,0.00822,2.7381,1044.0,-167.5,-67.38,-165.54,-0.17,2.36,0.981,0.567
98.797,espiral,hacia_wp,-0.2229,-0.009,1.2682,82.9,-118.57,84.34,-120.0,19,-48,18,-41,67.97,1166.4,104.61,0.00211,0.00843,2.73759,1044.3,-159.6,-67.53,-165.69,-0.23,2.37,0.981,0.567
98.856,espiral,hacia_wp,-0.22,-0.009,1.271,83.36,-118.56,84.8,-120.0,33,-67,36,-63,81.89,1165.34,104.57,0.00449,0.00806,2.73533,1045.5,-150.2,-67.53,-165.69,-0.23,2.37,0.981,0.567
98.897,espiral,hacia_wp,-0.2148,-0.0091,1.2761,84.17,-118.55,85.63,-120.0,72,-172,97,-122,99.62,1161.83,104.73,0.00219,0.00594,2.7362,1045.8,-130.8,-67.47,-165.63,-0.12,2.48,0.981,0.567
98.937,espiral,hacia_wp,-0.215,-0.0091,1.2759,84.14,-118.55,85.6,-120.0,88,-121,85,-148,112.36,1159.04,104.78,0.0046,0.00792,2.72992,1043.7,-100.5,-67.46,-165.62,-0.2,2.53,0.981,0.567
98.996,espiral,hacia_wp,-0.2197,-0.0089,1.2715,83.43,-118.58,84.85,-120.0,92,-118,92,-121,143.12,1150.98,104.99,0.00258,0.00623,2.72768,1039.9,-67.8,-66.93,-165.09,-0.25,2.56,0.981,0.567
99.057,espiral,hacia_wp,-0.2255,-0.0088,1.2657,82.52,-118.59,83.92,-120.0,79,-123,82,-144,183.8,1139.79,105.35,0.0026,0.00624,2.72773,1035.8,-34.8,-66.93,-165.09,-0.25,2.56,0.981,0.567
99.096,espiral,hacia_wp,-0.2308,-0.0083,1.2552,81.29,-118.21,82.62,-119.55,108,-141,106,-146,201.68,1134.56,105.24,0.00362,0.00708,2.72796,1032.0,-1.9,-66.8,-164.96,-0.26,2.55,0.981,0.567
99.157,espiral,hacia_wp,-0.2288,-0.0084,1.2556,81.47,-118.08,82.81,-119.42,102,-128,105,-113,236.38,1124.41,105.35,0.00228,0.00902,2.72761,1028.1,29.7,-66.89,-165.05,-0.26,2.51,0.981,0.567
99.196,espiral,hacia_wp,-0.2055,-0.0071,1.1197,72.56,-105.45,73.7,-106.59,90,-128,76,-132,263.38,1116.54,105.43,0.00264,0.00937,2.72365,1025.6,59.4,-66.92,-165.08,-0.24,2.5,0.981,0.567
99.257,espiral,hacia_wp,-0.1963,-0.0066,1.0593,68.51,-99.92,69.56,-100.97,89,-103,76,-97,293.19,1108.16,105.57,0.00222,0.00932,2.72171,1023.3,86.7,-66.6,-164.76,-0.19,2.42,0.981,0.567
99.297,espiral,hacia_wp,-0.1898,-0.0061,1.0057,64.79,-95.16,65.75,-96.13,62,-98,67,-99,306.78,1104.33,105.69,0.0024,0.01005,2.72043,1021.4,110.7,-66.55,-164.71,-0.19,2.43,0.981,0.567
99.337,espiral,hacia_wp,-0.1907,-0.006,1.0055,64.7,-95.22,65.67,-96.18,65,-94,55,-80,327.79,1098.67,105.63,0.00159,0.0104,2.72184,1019.6,132.5,-66.55,-164.71,-0.19,2.43,0.981,0.567
99.398,espiral,hacia_wp,-0.1716,-0.0052,0.9145,59.01,-86.47,59.85,-87.3,57,-94,51,-97,350.35,1092.57,105.75,0.00145,0.00962,2.72265,1018.4,152.2,-66.58,-164.74,-0.16,2.41,0.981,0.567
99.437,espiral,hacia_wp,-0.171,-0.0052,0.9146,59.07,-86.42,59.91,-87.26,48,-76,87,-70,361.06,1089.49,105.7,0.00229,0.0092,2.72075,1017.4,170.4,-66.62,-164.78,-0.1,2.44,0.981,0.567
99.498,espiral,hacia_wp,-0.1546,-0.0045,0.8342,54.01,-78.75,54.73,-79.47,60,-80,46,-80,382.03,1083.59,105.84,0.00147,0.00848,2.72013,1015.9,188.8,-66.5,-164.66,-0.2,2.48,0.981,0.567
99.558,espiral,hacia_wp,-0.156,-0.0045,0.834,53.88,-78.84,54.61,-79.56,64,-74,61,-70,402.91,1077.46,105.92,0.0028,0.00818,2.71856,1014.4,206.8,-66.5,-164.66,-0.2,2.48,0.981,0.567
99.598,espiral,hacia_wp,-0.1418,-0.0038,0.7537,48.65,-71.33,49.25,-71.94,61,-75,71,-87,420.5,1072.34,106.11,0.0026,0.00832,2.71888,1012.6,225.1,-66.44,-164.6,-0.16,2.5,0.981,0.567
99.637,espiral,hacia_wp,-0.1422,-0.0038,0.7536,48.61,-71.36,49.22,-71.96,55,-85,41,-58,430.85,1069.54,106.11,0.00327,0.00744,2.72002,1012.6,225.1,-66.41,-164.57,-0.24,2.5,0.981,0.567
99.698,espiral,hacia_wp,-0.1252,-0.0031,0.6759,43.81,-63.84,44.31,-64.33,43,-72,45,-83,450.55,1064.15,106.19,0.00305,0.00722,2.71981,1010.1,260.6,-66.55,-164.71,-0.23,2.52,0.981,0.567
99.757,espiral,hacia_wp,-0.1241,-0.0031,0.6761,43.91,-63.77,44.41,-64.26,43,-54,46,-87,471.13,1058.62,106.36,0.00344,0.00641,2.71574,1009.2,276.8,-66.55,-164.71,-0.23,2.52,0.981,0.567
99.798,espiral,hacia_wp,-0.1109,-0.0025,0.6085,39.61,-57.35,40.01,-57.75,45,-65,57,-68,481.84,1055.64,106.48,0.00254,0.00625,2.71564,1008.4,291.3,-66.39,-164.55,-0.24,2.53,0.981,0.567
99.838,espiral,hacia_wp,-0.112,-0.0025,0.6083,39.51,-57.42,39.91,-57.82,45,-65,57,-68,489.49,1053.57,106.42,0.00254,0.00512,2.71676,1008.4,291.3,-66.29,-164.45,-0.31,2.56,0.981,0.567
99.897,espiral,hacia_wp,-0.1012,-0.002,0.5508,35.81,-52.0,36.12,-52.32,37,-52,38,-60,503.88,1049.31,106.64,0.00257,0.00496,2.71922,1005.9,317.4,-66.29,-164.45,-0.28,2.62,0.981,0.567
99.958,espiral,hacia_wp,-0.0997,-0.002,0.551,35.95,-51.9,36.27,-52.22,43,-50,35,-56,519.28,1044.51,106.66,0.00185,0.005,2.71522,1004.7,329.3,-66.45,-164.61,-0.3,2.64,0.981,0.567
99.997,espiral,hacia_wp,-0.0899,-0.0015,0.4989,32.6,-46.98,32.84,-47.22,26,-49,37,-46,525.68,1042.74,106.88,0.00226,0.00486,2.71392,1003.6,341.0,-66.48,-164.64,-0.32,2.64,0.981,0.567
100.038,espiral,hacia_wp,-0.092,-0.0015,0.4985,32.4,-47.12,32.64,-47.36,32,-51,33,-52,534.34,1040.32,106.84,0.00198,0.00439,2.71648,1002.5,352.1,-66.23,-164.39,-0.28,2.71,0.981,0.567
100.118,espiral,hacia_wp,-0.0823,-0.0011,0.4498,29.31,-42.48,29.48,-42.65,33,-44,32,-39,551.05,1035.55,106.97,0.00229,0.00413,2.7191,1001.7,363.2,-66.41,-164.57,-0.27,2.75,0.981,0.567
100.158,espiral,hacia_wp,-0.0765,-0.0009,0.427,27.97,-40.21,28.11,-40.35,36,-52,23,-45,561.02,1032.65,107.0,0.00199,0.00371,2.71702,1000.9,373.6,-66.41,-164.57,-0.27,2.75,0.981,0.567
100.198,espiral,hacia_wp,-0.0715,-0.0007,0.4041,26.56,-37.99,26.67,-38.1,29,-43,33,-57,566.59,1031.04,107.08,0.00232,0.00436,2.71485,1000.1,384.0,-66.46,-164.62,-0.3,2.75,0.981,0.567
100.258,espiral,hacia_wp,-0.0724,-0.0007,0.404,26.47,-38.06,26.58,-38.16,22,-35,26,-43,576.7,1028.2,107.1,0.00179,0.00266,2.71292,999.3,393.7,-66.33,-164.49,-0.29,2.79,0.981,0.567
100.298,espiral,hacia_wp,0.3633,-0.0121,1.1246,118.06,-59.93,120.0,-61.88,24,-32,23,-36,583.96,1026.33,107.22,0.00111,0.0034,2.71528,998.7,401.8,-66.18,-164.34,-0.28,2.76,0.583,1.01
100.338,espiral,hacia_wp,0.368,-0.0121,1.1199,118.06,-59.18,120.0,-61.13,25,-35,29,-37,588.06,1025.14,107.32,0.0011,0.00222,2.7176,998.1,408.6,-66.15,-164.31,-0.26,2.79,0.583,1.01
100.398,espiral,hacia_wp,0.3752,-0.0121,1.1127,118.06,-58.03,120.0,-59.97,113,-43,189,-41,601.36,1018.1,107.25,0.00069,0.00354,2.72474,994.9,417.6,-66.33,-164.49,-0.25,2.81,0.583,1.01
100.457,espiral,hacia_wp,0.3823,-0.0121,1.1056,118.06,-56.9,120.0,-58.84,125,-53,148,-59,618.54,1007.47,107.47,0.00054,0.00413,2.73228,981.9,435.5,-66.57,-164.73,-0.22,2.83,0.583,1.01
100.498,espiral,hacia_wp,0.3926,-0.0121,1.0953,118.06,-55.25,120.0,-57.19,119,-63,127,-69,628.76,1000.57,107.54,-0.00055,0.00422,2.73207,965.4,458.8,-67.25,-165.41,-0.13,2.75,0.583,1.01
100.537,espiral,hacia_wp,0.3901,-0.0121,1.0978,118.06,-55.64,120.0,-57.58,126,-70,113,-88,643.56,990.01,107.66,0.00049,0.00497,2.72849,965.4,458.8,-67.12,-165.28,-0.03,2.7,0.583,1.01
100.598,espiral,hacia_wp,0.385,-0.012,1.1029,118.08,-56.47,120.0,-58.39,121,-54,150,-90,670.74,967.65,107.7,0.00096,0.00723,2.71738,934.2,509.1,-66.67,-164.83,-0.05,2.7,0.583,1.01
100.658,espiral,hacia_wp,0.3821,-0.0119,1.106,118.09,-56.96,120.0,-58.86,137,-62,123,-58,693.37,945.4,107.92,0.00084,0.00657,2.7144,917.8,533.0,-66.34,-164.5,-0.18,2.65,0.583,1.01
100.698,espiral,hacia_wp,0.3813,-0.0118,1.107,118.11,-57.11,120.0,-59.0,149,-49,105,-57,704.04,933.55,107.89,0.00255,0.0076,2.71538,901.0,555.2,-66.26,-164.42,-0.15,2.57,0.583,1.01
100.738,espiral,hacia_wp,0.3808,-0.0116,1.1075,118.14,-57.21,120.0,-59.07,149,-49,105,-57,717.44,917.72,107.91,0.00264,0.00757,2.71597,901.0,555.2,-66.34,-164.5,-0.17,2.58,0.583,1.01
100.797,espiral,hacia_wp,0.3766,-0.0115,1.1119,118.16,-57.9,120.0,-59.74,121,-47,119,-53,738.99,891.09,107.89,0.00262,0.00802,2.71323,884.0,575.3,-66.34,-164.5,-0.22,2.52,0.583,1.01
100.858,espiral,hacia_wp,0.3509,-0.0108,1.0665,112.52,-56.38,114.26,-58.12,128,-52,102,-68,757.33,870.04,107.96,0.00207,0.00831,2.71049,852.6,612.3,-66.15,-164.31,-0.18,2.49,0.583,1.01
100.898,espiral,hacia_wp,0.3276,-0.0102,1.0193,106.93,-54.53,108.56,-56.15,127,-63,109,-68,766.91,859.95,107.97,0.00235,0.01008,2.70943,839.2,630.2,-66.02,-164.18,-0.15,2.5,0.583,1.01
100.937,espiral,hacia_wp,0.309,-0.0095,0.973,101.8,-52.36,103.32,-53.88,127,-63,109,-68,780.25,846.93,108.01,0.00142,0.01067,2.70913,839.2,630.2,-65.95,-164.11,-0.08,2.44,0.583,1.01
101.018,espiral,hacia_wp,0.2949,-0.0089,0.9251,96.89,-49.71,98.31,-51.13,88,-60,100,-71,807.75,822.08,108.15,-4e-05,0.01154,2.70936,814.9,668.7,-65.97,-164.13,-0.02,2.37,0.583,1.01
101.058,espiral,hacia_wp,0.2814,-0.0083,0.8755,91.89,-46.86,93.22,-48.19,88,-60,100,-71,824.2,807.41,108.02,-2e-05,0.01297,2.7082,814.9,668.7,-65.97,-164.13,0.07,2.35,0.583,1.01
101.098,espiral,hacia_wp,0.2689,-0.0077,0.8268,87.04,-44.01,88.27,-45.25,102,-56,120,-46,833.38,799.01,108.17,0.00115,0.01322,2.70762,803.8,688.3,-65.9,-164.06,0.08,2.38,0.583,1.01
101.158,espiral,hacia_wp,0.2586,-0.0071,0.7794,82.47,-41.1,83.61,-42.24,102,-56,120,-46,850.04,783.03,108.19,-0.00022,0.01226,2.70702,793.3,707.4,-65.86,-164.02,0.09,2.37,0.583,1.01
101.197,espiral,hacia_wp,0.2462,-0.0066,0.7367,78.1,-38.72,79.16,-39.77,86,-49,75,-57,862.11,770.61,108.35,-0.00089,0.01151,2.70731,782.8,724.4,-65.85,-164.01,0.05,2.42,0.583,1.01
101.258,espiral,hacia_wp,0.235,-0.0061,0.6984,74.18,-36.59,75.16,-37.56,89,-38,83,-40,872.48,758.97,108.43,-0.00179,0.01014,2.70537,773.1,739.5,-65.85,-164.01,0.08,2.47,0.583,1.01
101.298,espiral,hacia_wp,0.2211,-0.0056,0.6647,70.41,-35.04,71.32,-35.94,69,-33,65,-31,880.19,750.17,108.28,-0.00055,0.00847,2.70306,763.7,752.8,-65.67,-163.83,0.08,2.58,0.583,1.01
101.357,espiral,hacia_wp,0.209,-0.0052,0.6338,67.0,-33.56,67.84,-34.4,69,-33,65,-31,893.43,735.83,108.42,-0.00161,0.00874,2.70524,754.5,764.6,-65.62,-163.78,0.01,2.61,0.583,1.01
101.397,espiral,hacia_wp,0.1987,-0.0048,0.6045,63.87,-32.08,64.65,-32.85,73,-38,58,-28,900.78,727.94,108.54,-0.00214,0.00762,2.70444,746.2,775.7,-65.71,-163.87,0.04,2.64,0.583,1.01
101.438,espiral,hacia_wp,0.1888,-0.0045,0.5757,60.8,-30.6,61.52,-31.31,75,-31,68,-29,906.38,722.03,108.52,-0.00204,0.00744,2.70377,738.2,786.8,-65.66,-163.82,0.04,2.71,0.583,1.01
101.498,espiral,hacia_wp,0.1789,-0.0041,0.5466,57.71,-29.09,58.36,-29.74,63,-34,52,-37,917.65,710.78,108.58,-0.00193,0.00749,2.70432,730.4,798.2,-65.67,-163.83,0.03,2.74,0.583,1.01
101.557,espiral,hacia_wp,0.1695,-0.0037,0.5174,54.65,-27.53,55.25,-28.13,63,-34,52,-37,930.21,698.19,108.71,-0.00231,0.00706,2.7,722.6,809.6,-65.62,-163.78,0.04,2.73,0.583,1.01
101.598,espiral,hacia_wp,0.1589,-0.0033,0.4903,51.67,-26.25,52.2,-26.78,67,-30,73,-25,937.02,691.3,108.67,-0.00246,0.00695,2.69886,715.5,820.5,-65.4,-163.56,0.04,2.73,0.583,1.01
101.638,espiral,hacia_wp,0.1505,-0.003,0.4628,48.82,-24.74,49.3,-25.22,48,-36,52,-23,942.07,686.42,108.7,-0.00174,0.0077,2.70137,708.3,831.2,-65.42,-163.58,0.05,2.72,0.583,1.01
101.698,espiral,hacia_wp,0.1443,-0.0027,0.437,46.29,-23.2,46.71,-23.63,54,-31,43,-31,950.85,677.17,108.77,-0.00255,0.0079,2.70507,701.5,841.0,-65.64,-163.8,0.07,2.68,0.583,1.01
101.758,espiral,hacia_wp,0.1367,-0.0024,0.4144,43.9,-22.03,44.28,-22.41,55,-21,62,-16,959.7,667.54,108.86,-0.00284,0.0077,2.70141,695.4,849.7,-65.68,-163.84,0.11,2.7,0.583,1.01
101.798,espiral,hacia_wp,0.7767,-0.0113,0.7121,118.2,6.07,120.0,4.27,43,-22,52,-27,963.37,663.82,108.84,-0.00318,0.00816,2.69971,683.8,864.9,-65.49,-163.65,0.11,2.71,0.0,1.2
101.838,espiral,hacia_wp,0.7742,-0.0113,0.7145,118.2,5.67,120.0,3.87,53,-17,47,-31,968.26,659.03,108.88,-0.00374,0.00723,2.69912,683.8,864.9,-65.37,-163.53,0.12,2.69,0.0,1.2
101.897,espiral,hacia_wp,0.7726,-0.0113,0.7161,118.2,5.42,120.0,3.62,63,-18,52,-14,975.31,645.26,109.11,-0.00633,0.00721,2.69049,679.2,872.2,-65.27,-163.43,0.16,2.72,0.0,1.2
101.958,espiral,hacia_wp,0.7738,-0.0113,0.7149,118.2,5.62,120.0,3.81,129,18,152,-9,980.25,626.83,109.06,-0.00645,0.00737,2.67417,672.6,879.7,-64.82,-162.98,0.17,2.67,0.0,1.2
101.998,espiral,hacia_wp,0.7778,-0.0113,0.7109,118.2,6.25,120.0,4.45,129,18,152,-9,982.75,615.68,109.06,-0.00479,0.00649,2.66764,633.3,902.5,-63.97,-162.13,0.13,2.71,0.0,1.2
102.038,espiral,hacia_wp,0.7667,-0.0113,0.7221,118.19,4.47,120.0,2.67,120,18,121,-1,986.71,593.76,109.39,-0.00627,0.00531,2.65663,633.3,902.5,-63.29,-161.45,0.09,2.72,0.0,1.2
102.097,espiral,hacia_wp,0.7577,-0.0113,0.731,118.19,3.05,120.0,1.24,134,14,105,10,991.24,564.75,109.4,-0.00499,0.00492,2.6552,609.4,913.4,-62.93,-161.09,0.06,2.77,0.0,1.2
102.158,espiral,hacia_wp,0.7497,-0.0113,0.739,118.2,1.75,120.0,-0.05,123,23,150,24,994.67,534.49,109.52,-0.00571,0.00499,2.65682,584.6,922.6,-62.9,-161.06,0.06,2.81,0.0,1.2
102.198,espiral,hacia_wp,0.7406,-0.0111,0.7483,118.22,0.27,120.0,-1.51,123,23,150,24,996.11,519.68,109.59,-0.00663,0.00466,2.65594,534.3,938.4,-62.99,-161.15,0.1,2.84,0.0,1.2
102.257,espiral,hacia_wp,0.7362,-0.011,0.7528,118.24,-0.44,120.0,-2.2,144,27,128,15,998.57,491.63,109.75,-0.00861,0.00583,2.64857,510.8,945.1,-62.81,-160.97,0.13,2.84,0.0,1.2
102.297,espiral,hacia_wp,0.7286,-0.0109,0.7605,118.25,-1.67,120.0,-3.42,119,20,132,20,1000.95,470.4,109.87,-0.0092,0.00628,2.65094,489.3,951.5,-62.62,-160.78,0.22,2.84,0.0,1.2
102.357,espiral,hacia_wp,0.727,-0.0109,0.762,118.25,-1.92,120.0,-3.68,108,16,114,11,1002.94,445.98,110.03,-0.00936,0.00604,2.65205,489.3,951.5,-62.69,-160.85,0.27,2.82,0.0,1.2
102.397,espiral,hacia_wp,0.7158,-0.0108,0.7735,118.28,-3.75,120.0,-5.48,106,17,151,16,1003.74,433.76,110.1,-0.01018,0.00667,2.65193,450.2,962.8,-62.71,-160.87,0.31,2.84,0.0,1.2
102.457,espiral,hacia_wp,0.716,-0.0108,0.7732,118.28,-3.71,120.0,-5.44,113,26,102,27,1005.82,408.9,110.71,-0.01136,-0.00539,2.65493,450.2,962.8,-62.63,-160.79,0.4,2.89,0.0,1.2
102.497,espiral,hacia_wp,0.6918,-0.0104,0.778,116.75,-6.06,118.42,-7.73,123,19,95,21,1007.87,386.69,110.87,-0.01194,-0.00632,2.65336,410.0,974.1,-62.69,-160.85,0.38,2.98,0.0,1.2
102.558,espiral,hacia_wp,0.6906,-0.0104,0.7791,116.74,-6.24,118.41,-7.91,122,26,174,16,1010.82,358.76,110.65,-0.01138,0.00264,2.64863,410.0,974.1,-62.54,-160.7,0.35,3.05,0.0,1.2
102.598,espiral,hacia_wp,0.6492,-0.0098,0.7476,110.96,-7.1,112.52,-8.66,123,18,136,14,1012.25,344.83,110.72,-0.01109,0.00161,2.64878,387.7,981.2,-62.42,-160.58,0.34,3.13,0.0,1.2
102.658,espiral,hacia_wp,0.5639,-0.0085,0.6842,99.17,-8.94,100.52,-10.3,132,19,120,17,1014.88,317.04,110.83,-0.00971,0.00154,2.64797,342.5,996.0,-62.41,-160.57,0.27,3.17,0.0,1.2
102.698,espiral,hacia_wp,0.5638,-0.0085,0.6843,99.17,-8.96,100.52,-10.32,118,18,128,15,1016.76,295.0,110.87,-0.00927,0.00164,2.64759,320.4,1002.8,-62.35,-160.51,0.21,3.15,0.0,1.2
102.757,espiral,hacia_wp,0.4839,-0.0072,0.6263,88.24,-10.81,89.4,-11.97,101,21,113,21,1018.56,271.48,110.95,-0.00822,0.00098,2.648,300.1,1008.9,-62.34,-160.5,0.2,3.16,0.0,1.2
102.798,espiral,hacia_wp,0.4501,-0.0067,0.6022,83.65,-11.63,84.73,-12.7,99,20,88,19,1019.29,260.9,111.03,-0.00813,0.0013,2.64641,282.2,1014.0,-62.33,-160.49,0.17,3.11,0.0,1.2
102.857,espiral,hacia_wp,0.4202,-0.0063,0.5809,79.59,-12.35,80.59,-13.36,96,14,79,16,1020.34,242.08,111.12,-0.00737,0.00228,2.64682,266.3,1018.5,-62.28,-160.44,0.18,3.03,0.0,1.2
102.898,espiral,hacia_wp,0.3936,-0.0059,0.5638,76.12,-13.15,77.07,-14.09,71,23,66,8,1020.98,228.23,111.06,-0.00634,0.00633,2.63854,252.6,1021.9,-62.22,-160.38,0.17,3.01,0.0,1.2
102.957,espiral,hacia_wp,0.3638,-0.0055,0.5501,72.67,-14.46,73.56,-15.34,56,18,66,-2,1023.43,212.79,111.29,-0.00697,0.00506,2.62043,240.0,1026.0,-61.61,-159.77,0.11,3.01,0.0,1.2
102.998,espiral,hacia_wp,0.3442,-0.0052,0.5297,69.5,-14.42,70.32,-15.25,51,5,82,-11,1025.87,205.41,111.3,-0.00607,0.00411,2.61735,228.5,1031.5,-60.87,-159.03,0.08,2.96,0.0,1.2
103.037,espiral,hacia_wp,0.3199,-0.0048,0.511,66.09,-14.9,66.85,-15.67,71,-14,74,-6,1031.77,193.18,111.43,-0.0063,0.00463,2.61991,217.5,1038.4,-60.87,-159.03,0.08,2.96,0.0,1.2
103.097,espiral,hacia_wp,0.3187,-0.0048,0.5117,66.05,-15.06,66.82,-15.83,90,-32,57,-22,1040.69,179.09,111.3,-0.00394,0.01092,2.62731,207.2,1046.8,-61.12,-159.28,0.04,3.03,0.0,1.2
103.138,espiral,hacia_wp,0.2953,-0.004,0.4548,59.69,-12.44,60.33,-13.08,79,-33,49,-27,1045.7,172.42,111.49,-0.00402,0.00818,2.63186,197.4,1057.0,-61.12,-159.28,0.04,3.03,0.0,1.2
103.198,espiral,hacia_wp,0.2867,-0.0036,0.4236,56.54,-10.66,57.12,-11.24,65,-19,63,-25,1054.5,159.05,111.65,-0.00422,0.0022,2.62441,188.0,1067.7,-61.35,-159.51,-0.0,3.01,0.0,1.2
103.257,espiral,hacia_wp,0.2863,-0.0036,0.4239,56.53,-10.72,57.11,-11.3,49,-15,82,-31,1062.48,144.64,111.75,-0.00437,0.00275,2.61862,179.1,1076.9,-61.35,-159.51,-0.0,3.01,0.0,1.2
103.297,espiral,hacia_wp,0.2603,-0.0029,0.3771,50.76,-9.12,51.23,-9.59,63,-11,57,-14,1064.68,139.02,111.7,-0.00307,0.0084,2.62057,170.3,1084.1,-61.03,-159.19,-0.05,3.03,0.0,1.2
103.358,espiral,hacia_wp,0.2589,-0.0029,0.3781,50.72,-9.3,51.19,-9.77,62,-5,46,9,1068.52,128.38,112.45,-0.00586,-0.01079,2.63413,161.9,1088.8,-60.83,-158.99,-0.09,3.0,0.0,1.2
103.417,espiral,hacia_wp,0.233,-0.0024,0.3476,46.26,-8.98,46.64,-9.37,53,-2,34,6,1069.7,117.91,112.4,-0.00548,-0.00866,2.63909,153.8,1091.8,-61.59,-159.75,-0.03,3.04,0.0,1.2
103.457,espiral,hacia_wp,0.2357,-0.0024,0.3458,46.32,-8.62,46.71,-9.01,42,8,56,7,1069.44,109.45,112.24,-0.00431,-0.00512,2.63527,145.7,1094.0,-61.78,-159.94,-0.04,3.06,0.0,1.2
103.498,espiral,hacia_wp,0.2216,-0.0022,0.3341,44.28,-8.82,44.63,-9.17,49,11,56,11,1069.24,104.21,112.35,-0.00438,-0.00937,2.63505,137.3,1095.8,-61.78,-159.94,-0.04,3.06,0.0,1.2
103.538,espiral,hacia_wp,1.1222,-0.01,0.3678,118.39,61.16,120.0,59.55,42,13,47,10,1068.56,97.1,112.36,-0.00439,-0.01003,2.63414,128.7,1096.6,-61.68,-159.84,-0.05,3.02,-0.617,1.068
103.598,espiral,hacia_wp,1.1224,-0.01,0.3676,118.39,61.19,120.0,59.58,43,21,41,10,1067.1,85.8,112.45,-0.00524,-0.00982,2.63111,120.2,1097.5,-61.6,-159.76,-0.07,3.01,-0.617,1.068
103.658,espiral,hacia_wp,1.1215,-0.0101,0.3685,118.39,61.04,120.0,59.43,126,39,115,37,1060.4,65.62,112.36,-0.00605,-0.00171,2.62382,108.4,1097.7,-61.45,-159.61,-0.06,2.98,-0.617,1.068
103.698,espiral,hacia_wp,1.119,-0.0101,0.371,118.39,60.65,120.0,59.04,128,70,142,50,1053.67,49.21,112.52,-0.00623,-0.00504,2.61578,86.5,1097.4,-61.25,-159.41,0.03,2.96,-0.617,1.068
103.758,espiral,hacia_wp,1.1152,-0.0101,0.3747,118.39,60.04,120.0,58.43,134,86,108,74,1043.63,24.76,112.63,-0.00704,-0.00501,2.61369,57.5,1095.1,-60.97,-159.13,0.09,2.89,-0.617,1.068
103.798,espiral,hacia_wp,1.107,-0.0101,0.3829,118.38,58.74,120.0,57.12,125,83,130,85,1035.29,2.85,112.72,-0.00719,-0.00542,2.61479,26.5,1090.2,-60.56,-158.72,0.12,2.81,-0.617,1.068
103.858,espiral,hacia_wp,1.0988,-0.0101,0.3912,118.39,57.42,120.0,55.81,151,80,105,68,1022.72,-36.88,112.63,-0.00772,0.00132,2.61784,-5.4,1085.6,-60.37,-158.53,0.16,2.79,-0.617,1.068
103.897,espiral,hacia_wp,1.0955,-0.0099,0.3945,118.41,56.88,120.0,55.29,140,61,142,53,1018.97,-53.24,112.85,-0.00835,-0.0036,2.61712,-35.4,1083.0,-60.49,-158.65,0.2,2.78,-0.617,1.068
103.957,espiral,hacia_wp,1.0955,-0.0098,0.3947,118.43,56.85,120.0,55.28,130,62,127,49,1013.07,-83.25,112.97,-0.00912,-0.00309,2.61183,-62.1,1082.8,-60.65,-158.81,0.24,2.87,-0.617,1.068
103.997,espiral,hacia_wp,1.0936,-0.0097,0.3968,118.45,56.52,120.0,54.97,127,48,111,45,1009.84,-105.59,113.16,-0.00941,-0.001,2.60654,-85.9,1084.0,-60.48,-158.64,0.3,2.8,-0.617,1.068
104.057,espiral,hacia_wp,1.0919,-0.0096,0.3986,118.47,56.23,120.0,54.7,98,41,104,40,1006.06,-130.58,113.21,-0.0099,0.00442,2.60602,-107.0,1085.5,-60.17,-158.33,0.31,2.76,-0.617,1.068
104.098,espiral,hacia_wp,1.0665,-0.0092,0.3897,115.75,54.88,117.23,53.4,103,39,104,40,1004.03,-143.18,113.26,-0.00981,0.00638,2.60754,-127.1,1085.8,-59.91,-158.07,0.35,2.71,-0.617,1.068
104.157,espiral,hacia_wp,1.0256,-0.0087,0.3713,111.05,53.04,112.45,51.65,115,59,91,48,998.66,-169.76,113.56,-0.01067,-7e-05,2.61179,-148.3,1085.7,-59.96,-158.12,0.41,2.77,-0.617,1.068
104.197,espiral,hacia_wp,0.9827,-0.0082,0.3511,106.05,51.18,107.36,49.87,137,56,110,68,992.15,-193.31,113.6,-0.00969,0.00613,2.61195,-171.6,1084.5,-60.12,-158.28,0.42,2.72,-0.617,1.068
104.238,espiral,hacia_wp,0.9343,-0.0076,0.3323,100.72,48.77,101.94,47.55,134,64,145,60,988.24,-208.0,113.75,-0.01005,-0.00105,2.61277,-196.3,1082.7,-60.24,-158.4,0.4,2.82,-0.617,1.068
104.317,espiral,hacia_wp,0.8819,-0.007,0.3151,95.19,45.91,96.32,44.78,98,56,99,76,976.96,-246.18,113.86,-0.00849,-0.00161,2.60763,-221.8,1080.7,-60.29,-158.45,0.38,2.83,-0.617,1.068
104.357,espiral,hacia_wp,0.827,-0.0065,0.3001,89.65,42.67,90.68,41.63,95,51,87,54,970.7,-267.68,113.68,-0.00573,0.00453,2.60352,-246.0,1078.8,-60.16,-158.32,0.3,2.9,-0.617,1.068
104.398,espiral,hacia_wp,0.7743,-0.0059,0.2867,84.41,39.48,85.36,38.53,93,47,91,40,968.07,-279.35,113.96,-0.00652,-0.00211,2.60312,-267.2,1077.5,-59.97,-158.13,0.24,2.91,-0.617,1.068
104.457,espiral,hacia_wp,0.7286,-0.0054,0.2738,79.76,36.81,80.63,35.94,93,37,75,38,963.47,-299.67,114.03,-0.00634,-0.00353,2.60422,-285.7,1076.9,-59.8,-157.96,0.13,2.87,-0.617,1.068
104.498,espiral,hacia_wp,0.6897,-0.005,0.26,75.58,34.78,76.38,33.98,72,37,70,29,960.4,-314.07,113.92,-0.00506,0.00496,2.60089,-301.3,1076.7,-59.76,-157.92,0.15,2.87,-0.617,1.068
104.557,espiral,hacia_wp,0.6297,-0.0043,0.235,68.83,31.92,69.51,31.24,64,27,57,21,958.21,-329.54,114.17,-0.00663,-0.0008,2.60261,-314.9,1077.1,-59.76,-157.92,0.15,2.87,-0.617,1.068
104.597,espiral,hacia_wp,0.6295,-0.0043,0.2354,68.85,31.87,69.53,31.19,61,30,65,26,956.88,-337.24,114.17,-0.00676,-0.00105,2.60278,-327.3,1077.2,-59.72,-157.88,0.19,2.74,-0.617,1.068
104.658,espiral,hacia_wp,0.6042,-0.004,0.2249,66.01,30.67,66.64,30.03,70,26,71,25,953.33,-353.17,114.04,-0.00543,0.00689,2.59953,-340.1,1077.0,-59.72,-157.88,0.19,2.74,-0.617,1.068
104.698,espiral,hacia_wp,0.5769,-0.0037,0.216,63.14,29.17,63.72,28.58,72,33,67,27,950.57,-367.05,114.26,-0.00636,0.00197,2.60016,-353.9,1076.8,-59.57,-157.73,0.21,2.69,-0.617,1.068
104.757,espiral,hacia_wp,0.5483,-0.0033,0.2046,59.97,27.76,60.5,27.23,85,33,83,33,946.36,-383.96,114.28,-0.00657,0.00177,2.6011,-368.1,1076.3,-59.57,-157.73,0.21,2.69,-0.617,1.068
104.798,espiral,hacia_wp,0.519,-0.003,0.193,56.72,26.32,57.2,25.84,68,43,70,35,944.16,-392.29,114.26,-0.00571,0.00171,2.60154,-382.9,1075.4,-59.64,-157.8,0.27,2.63,-0.617,1.068
104.857,espiral,hacia_wp,0.4877,-0.0026,0.1823,53.39,24.65,53.81,24.22,59,31,64,29,940.35,-407.81,114.29,-0.00554,0.00145,2.60018,-382.9,1075.4,-59.65,-157.81,0.22,2.6,-0.617,1.068
104.898,espiral,hacia_wp,0.4576,-0.0023,0.1727,50.24,22.98,50.61,22.61,53,28,64,24,937.53,-419.09,114.19,-0.0052,0.0025,2.60003,-409.7,1074.3,-59.65,-157.81,0.22,2.6,-0.617,1.068
104.957,espiral,hacia_wp,0.4315,-0.002,0.1621,47.33,21.71,47.65,21.4,48,27,45,21,934.26,-430.72,114.09,-0.00373,0.00846,2.60063,-420.7,1074.0,-59.63,-157.79,0.19,2.6,-0.617,1.068
104.998,espiral,hacia_wp,0.4088,-0.0017,0.153,44.8,20.6,45.08,20.32,48,27,45,21,932.98,-435.92,114.01,-0.00364,0.00988,2.60053,-420.7,1074.0,-59.68,-157.84,0.17,2.63,-0.617,1.068
105.058,espiral,hacia_wp,0.3879,-0.0015,0.1472,42.69,19.37,42.93,19.13,37,21,43,21,930.99,-445.74,114.28,-0.00446,0.00202,2.59613,-430.4,1073.3,-59.56,-157.72,0.18,2.61,-0.617,1.068
105.098,espiral,hacia_wp,1.2489,-0.0044,-0.2467,79.82,120.0,80.53,119.29,38,15,29,12,929.54,-453.54,114.34,-0.00443,0.00135,2.59764,-438.4,1073.0,-59.34,-157.5,0.16,2.58,-1.097,0.633
105.157,espiral,hacia_wp,1.2396,-0.0043,-0.2561,78.34,120.0,79.02,119.32,56,65,45,66,926.31,-464.57,114.36,-0.00521,0.00323,2.60453,-454.0,1072.8,-59.49,-157.65,0.14,2.62,-1.097,0.633
105.198,espiral,hacia_wp,1.2273,-0.0041,-0.2686,76.37,120.0,77.02,119.35,69,116,56,91,922.42,-472.66,114.47,-0.0052,0.00338,2.61017,-454.0,1072.8,-59.89,-158.05,0.25,2.57,-1.097,0.633
105.258,espiral,hacia_wp,1.2111,-0.0038,-0.2851,73.78,120.0,74.39,119.39,76,136,77,136,910.13,-494.82,114.5,-0.00427,0.0033,2.6231,-483.9,1057.6,-60.56,-158.72,0.26,2.55,-1.097,0.633
105.298,espiral,hacia_wp,1.2017,-0.0036,-0.2947,72.27,120.0,72.85,119.42,116,108,145,113,894.56,-518.1,114.35,-0.00283,0.01078,2.61862,-510.8,1041.2,-60.99,-159.15,0.24,2.55,-1.097,0.633
105.358,espiral,hacia_wp,1.2059,-0.0037,-0.2904,72.95,120.0,73.54,119.41,109,152,103,146,872.1,-547.83,114.48,-0.00262,0.00342,2.60286,-540.8,1025.8,-60.6,-158.76,0.15,2.53,-1.097,0.633
105.398,espiral,hacia_wp,1.2133,-0.0038,-0.2829,74.12,120.0,74.74,119.39,109,152,103,146,859.52,-562.08,114.39,-0.00202,0.00308,2.59499,-540.8,1025.8,-59.81,-157.97,0.09,2.54,-1.097,0.633
105.457,espiral,hacia_wp,1.2146,-0.0038,-0.2816,74.34,120.0,74.95,119.4,87,122,72,131,833.62,-587.19,114.38,-0.00297,0.00249,2.59504,-570.7,1009.8,-59.37,-157.53,0.05,2.4,-1.097,0.633
105.498,espiral,hacia_wp,1.2088,-0.0035,-0.2877,73.4,120.0,73.97,119.43,87,122,72,131,812.01,-604.59,114.2,-0.00313,0.00975,2.602,-597.3,992.0,-59.61,-157.77,0.09,2.48,-1.097,0.633
105.538,espiral,hacia_wp,1.2046,-0.0033,-0.292,72.74,120.0,73.27,119.47,74,120,59,154,800.22,-613.69,114.35,-0.00447,0.00273,2.60851,-619.5,972.7,-60.12,-158.28,0.16,2.52,-1.097,0.633
105.617,espiral,hacia_wp,1.2074,-0.0032,-0.2894,73.18,120.0,73.7,119.48,48,106,51,126,769.46,-636.57,114.41,-0.0059,0.00859,2.60504,-656.0,937.3,-60.37,-158.53,0.16,2.64,-1.097,0.633
105.657,espiral,hacia_wp,1.1663,-0.0031,-0.2704,71.42,115.19,71.92,114.69,48,106,51,126,752.03,-652.06,114.46,-0.00582,0.00138,2.59721,-656.0,937.3,-60.02,-158.18,0.21,2.7,-1.097,0.633
105.697,espiral,hacia_wp,1.1225,-0.0031,-0.2383,70.49,109.11,70.99,108.61,52,112,66,102,741.68,-662.37,114.44,-0.00538,0.00293,2.59637,-672.9,922.6,-59.57,-157.73,0.15,2.7,-1.097,0.633
105.758,espiral,hacia_wp,1.0727,-0.0028,-0.2272,67.42,104.22,67.87,103.76,66,120,75,118,721.17,-685.01,114.61,-0.0058,0.00262,2.59794,-691.6,909.6,-59.53,-157.69,0.13,2.75,-1.097,0.633
105.818,espiral,hacia_wp,1.0184,-0.0025,-0.2194,63.71,99.23,64.11,98.83,86,120,71,125,700.64,-708.74,114.53,-0.0056,0.00372,2.60172,-712.3,896.4,-59.69,-157.85,0.14,2.79,-1.097,0.633
105.859,espiral,hacia_wp,0.9605,-0.0021,-0.2153,59.45,94.24,59.78,93.9,73,125,113,119,683.7,-727.49,114.41,-0.00566,0.00321,2.59878,-757.5,871.0,-59.86,-158.02,0.15,2.83,-1.097,0.633
105.898,espiral,hacia_wp,0.9033,-0.0018,-0.2057,55.66,88.86,55.95,88.58,73,125,113,119,673.76,-737.64,114.4,-0.00498,0.00997,2.59715,-757.5,871.0,-59.72,-157.88,0.11,2.87,-1.097,0.633
105.937,espiral,hacia_wp,0.8497,-0.0014,-0.1981,52.01,83.94,52.24,83.71,68,103,86,104,661.48,-749.91,114.38,-0.00545,0.01016,2.59548,-778.5,858.8,-59.61,-157.77,0.17,2.87,-1.097,0.633
105.997,espiral,hacia_wp,0.8018,-0.0012,-0.1877,49.03,79.25,49.22,79.07,61,89,51,115,642.32,-767.33,114.55,-0.00752,0.0044,2.59732,-797.0,847.0,-59.63,-157.79,0.17,2.9,-1.097,0.633
106.058,espiral,hacia_wp,0.76,-0.001,-0.1786,46.44,75.16,46.59,75.01,36,62,33,75,627.53,-778.93,114.31,-0.00743,0.01116,2.60125,-825.4,825.4,-59.68,-157.84,0.24,2.89,-1.097,0.633
106.098,espiral,hacia_wp,0.7239,-0.0008,-0.1703,44.22,71.6,44.34,71.47,36,62,33,75,621.13,-784.41,114.45,-0.00804,0.00458,2.60347,-825.4,825.4,-59.87,-158.03,0.28,2.93,-1.097,0.633
106.158,espiral,hacia_wp,0.6927,-0.0006,-0.1594,42.61,68.23,42.72,68.12,40,59,42,67,608.21,-795.72,114.47,-0.00901,0.00435,2.59777,-836.5,815.6,-59.85,-158.01,0.25,2.95,-1.097,0.633
106.198,espiral,hacia_wp,0.665,-0.0006,-0.1458,41.49,64.91,41.58,64.82,37,77,60,72,597.7,-806.11,114.43,-0.00878,0.00373,2.59411,-846.6,806.7,-59.55,-157.71,0.3,2.92,-1.097,0.633
106.258,espiral,hacia_wp,0.6348,-0.0004,-0.1381,39.7,61.87,39.77,61.8,45,69,51,66,585.28,-819.49,114.29,-0.00816,0.00431,2.59478,-870.2,790.8,-59.42,-157.58,0.28,2.95,-1.097,0.633
106.298,espiral,hacia_wp,0.6029,-0.0002,-0.1319,37.66,58.8,37.69,58.77,45,69,51,66,578.94,-826.19,114.34,-0.00814,0.00502,2.59732,-870.2,790.8,-59.47,-157.63,0.25,2.92,-1.097,0.633
106.357,espiral,hacia_wp,0.5691,-0.0,-0.1265,35.41,55.64,35.41,55.64,53,65,38,84,564.88,-840.87,114.34,-0.00763,0.00521,2.5982,-883.2,782.7,-59.76,-157.92,0.25,2.92,-1.097,0.633
106.397,espiral,hacia_wp,0.5035,0.0004,-0.117,30.94,49.61,30.88,49.67,40,70,49,61,557.44,-848.54,113.92,-0.00857,0.01049,2.59285,-908.1,766.7,-59.71,-157.87,0.25,2.87,-1.097,0.633
106.437,espiral,hacia_wp,0.5036,0.0004,-0.1166,30.98,49.58,30.93,49.64,39,63,40,59,552.01,-853.61,113.91,-0.00806,0.00905,2.59292,-908.1,766.7,-59.6,-157.76,0.19,2.88,-1.097,0.633
106.498,espiral,hacia_wp,0.4761,0.0005,-0.1096,29.36,46.81,29.28,46.89,30,57,34,57,542.47,-862.06,113.81,-0.00775,0.00897,2.59568,-918.5,759.5,-59.7,-157.86,0.14,2.85,-1.097,0.633
106.557,espiral,hacia_wp,0.4511,0.0006,-0.1037,27.84,44.33,27.74,44.43,26,41,25,47,532.48,-870.54,113.74,-0.00676,0.01299,2.59541,-927.7,752.5,-59.81,-157.97,0.14,2.9,-1.097,0.633
106.598,espiral,hacia_wp,0.4119,0.0008,-0.0936,25.53,40.37,25.4,40.5,20,43,17,46,527.66,-875.36,113.89,-0.00748,0.00651,2.59371,-942.0,741.4,-59.75,-157.91,0.14,2.89,-1.097,0.633
106.637,espiral,hacia_wp,0.412,0.0008,-0.0931,25.57,40.34,25.44,40.47,25,42,29,43,523.95,-878.92,113.86,-0.00639,0.00695,2.59059,-942.0,741.4,-59.55,-157.71,0.1,2.89,-1.097,0.633
106.698,espiral,hacia_wp,0.7834,0.0036,-0.713,5.92,119.43,5.34,120.0,26,42,28,33,516.88,-886.38,113.97,-0.0061,0.00665,2.59032,-955.7,732.3,-59.36,-157.52,0.1,2.87,-1.3,0.0
106.758,espiral,hacia_wp,0.7819,0.0036,-0.7145,5.67,119.42,5.1,120.0,28,47,26,50,507.52,-894.98,113.92,-0.00638,0.00748,2.59542,-962.8,727.5,-59.53,-157.69,0.1,2.85,-1.3,0.0
106.798,espiral,hacia_wp,0.7759,0.0037,-0.7204,4.73,119.41,4.14,120.0,22,53,23,58,498.93,-899.53,113.94,-0.00638,0.00676,2.59668,-970.2,720.8,-59.74,-157.9,0.13,2.85,-1.3,0.0
106.839,espiral,hacia_wp,0.7704,0.0038,-0.7257,3.88,119.39,3.27,120.0,23,142,16,107,490.7,-903.48,113.96,-0.00617,0.00682,2.5983,-980.1,705.9,-59.84,-158.0,0.16,2.86,-1.3,0.0
106.897,espiral,hacia_wp,0.7663,0.0039,-0.7298,3.24,119.38,2.61,120.0,19,167,15,136,469.74,-912.22,113.75,-0.00624,0.007,2.60397,-993.0,684.2,-60.0,-158.16,0.16,2.85,-1.3,0.0
106.959,espiral,hacia_wp,0.7607,0.004,-0.7353,2.35,119.36,1.71,120.0,26,112,21,109,438.82,-924.27,113.57,-0.00535,0.00485,2.60579,-1006.9,661.5,-60.05,-158.21,0.12,2.86,-1.3,0.0
106.999,espiral,hacia_wp,0.7562,0.0041,-0.7398,1.64,119.35,0.99,120.0,22,127,18,155,419.26,-931.62,113.46,-0.00484,0.00354,2.60702,-1021.1,638.5,-60.06,-158.22,0.07,2.96,-1.3,0.0
107.04,espiral,hacia_wp,0.752,0.0041,-0.7438,0.98,119.34,0.32,120.0,16,131,19,148,404.35,-937.03,113.31,-0.00513,0.00267,2.60979,-1035.3,614.9,-60.16,-158.32,0.06,3.0,-1.3,0.0
107.098,espiral,hacia_wp,0.7507,0.0042,-0.7451,0.78,119.33,0.11,120.0,18,147,14,127,370.62,-949.89,112.99,-0.00229,0.00734,2.61453,-1049.0,591.7,-60.16,-158.32,0.06,3.0,-1.3,0.0
107.159,espiral,hacia_wp,0.7435,0.0044,-0.7521,-0.34,119.3,-1.04,120.0,20,138,18,95,344.84,-959.86,113.09,-0.00359,0.00021,2.61671,-1062.1,571.0,-60.49,-158.65,-0.03,3.02,-1.3,0.0
107.199,espiral,hacia_wp,0.7325,0.0047,-0.7627,-2.03,119.24,-2.79,120.0,20,99,17,109,329.1,-966.1,113.07,-0.00416,-0.00056,2.61875,-1074.0,552.5,-60.49,-158.65,-0.03,3.02,-1.3,0.0
107.241,espiral,hacia_wp,0.7316,0.0048,-0.7636,-2.18,119.24,-2.94,120.0,24,106,16,134,318.09,-970.77,113.11,-0.00434,-0.00375,2.62069,-1085.0,535.8,-60.56,-158.72,-0.0,3.06,-1.3,0.0
107.299,espiral,hacia_wp,0.7251,0.0049,-0.77,-3.19,119.21,-3.99,120.0,17,110,17,112,292.32,-981.52,113.06,-0.0062,-0.00277,2.62363,-1096.0,519.6,-60.68,-158.84,0.02,3.07,-1.3,0.0
107.359,espiral,hacia_wp,0.7176,0.0052,-0.7772,-4.35,119.17,-5.18,120.0,12,106,9,116,269.0,-990.94,112.91,-0.00601,-0.0024,2.62235,-1107.1,503.4,-60.82,-158.98,0.06,3.04,-1.3,0.0
107.399,espiral,hacia_wp,0.7102,0.0054,-0.7844,-5.51,119.14,-6.37,120.0,11,108,17,128,256.55,-995.88,112.69,-0.00545,0.00458,2.61909,-1118.2,486.1,-60.92,-159.08,0.15,3.07,-1.3,0.0
107.459,espiral,hacia_wp,0.7056,0.0056,-0.7888,-6.21,119.11,-7.1,120.0,14,135,14,99,230.57,-1006.04,112.56,-0.00543,0.00502,2.61719,-1130.2,466.9,-60.8,-158.96,0.14,3.09,-1.3,0.0
107.499,espiral,hacia_wp,0.7005,0.0058,-0.7937,-6.99,119.07,-7.92,120.0,17,116,19,137,208.28,-1014.65,112.47,-0.00618,0.00577,2.61913,-1142.7,446.8,-60.66,-158.82,0.17,3.1,-1.3,0.0
107.559,espiral,hacia_wp,0.6526,0.0061,-0.7701,-8.92,113.33,-9.88,114.3,20,136,16,107,181.6,-1024.87,112.27,-0.00528,0.00982,2.62131,-1155.1,426.5,-60.61,-158.77,0.21,3.06,-1.3,0.0
107.599,espiral,hacia_wp,0.651,0.0061,-0.7715,-9.15,113.31,-10.12,114.28,15,124,18,120,168.8,-1029.81,112.44,-0.00635,0.00721,2.62021,-1167.1,406.4,-60.73,-158.89,0.25,3.11,-1.3,0.0
107.659,espiral,hacia_wp,0.6078,0.0061,-0.7405,-10.13,107.38,-11.1,108.35,16,110,21,105,143.87,-1039.26,112.19,-0.00534,0.00824,2.62193,-1178.9,387.6,-60.85,-159.01,0.29,3.09,-1.3,0.0
107.699,espiral,hacia_wp,0.5692,0.0061,-0.7098,-10.76,101.84,-11.73,102.81,18,110,13,89,124.69,-1046.83,112.22,-0.00465,0.01059,2.62256,-1190.3,369.6,-60.76,-158.92,0.27,3.03,-1.3,0.0
107.759,espiral,hacia_wp,0.5299,0.0061,-0.6823,-11.71,96.49,-12.68,97.46,9,110,21,94,103.69,-1055.67,112.17,-0.00571,0.00711,2.62703,-1201.2,352.9,-60.83,-158.99,0.28,3.03,-1.3,0.0
107.799,espiral,hacia_wp,0.4893,0.0061,-0.6594,-13.12,91.4,-14.1,92.38,15,98,27,81,93.5,-1059.55,111.95,-0.00138,0.01051,2.62713,-1211.4,337.5,-61.22,-159.38,0.3,2.94,-1.3,0.0
107.858,espiral,hacia_wp,0.4545,0.0062,-0.6362,-14.05,86.76,-15.03,87.75,17,96,13,101,74.5,-1066.9,111.98,-0.00121,0.01064,2.63037,-1211.4,337.5,-61.33,-159.49,0.32,2.92,-1.3,0.0
107.899,espiral,hacia_wp,0.4226,0.0062,-0.614,-14.82,82.43,-15.81,83.42,-3,78,-4,73,58.84,-1070.81,111.66,-0.00056,0.00906,2.63492,-1229.6,309.4,-61.62,-159.78,0.35,2.91,-1.3,0.0
107.959,espiral,hacia_wp,0.3887,0.0062,-0.5952,-16.02,78.21,-17.02,79.21,-16,90,-18,77,40.06,-1072.26,111.55,-0.00141,0.00981,2.63449,-1235.4,294.7,-61.84,-160.0,0.37,2.88,-1.3,0.0
107.998,espiral,hacia_wp,0.3641,0.0062,-0.5694,-15.93,74.19,-16.91,75.18,-31,79,-36,69,30.82,-1071.55,111.52,-0.00129,0.00795,2.63459,-1237.9,279.4,-61.95,-160.11,0.44,2.9,-1.3,0.0
108.058,espiral,hacia_wp,0.3473,0.006,-0.5389,-14.85,70.42,-15.8,71.37,-24,82,-34,78,12.42,-1069.28,111.41,-0.00425,0.00723,2.63244,-1237.9,279.4,-61.9,-160.06,0.45,2.87,-1.3,0.0
108.099,espiral,hacia_wp,0.3356,0.0057,-0.5048,-13.08,66.77,-14.0,67.69,-39,74,-31,81,-2.11,-1067.28,111.36,-0.00285,0.00827,2.62963,-1238.9,248.5,-61.72,-159.88,0.46,2.85,-1.3,0.0
108.139,espiral,hacia_wp,0.3231,0.0055,-0.4735,-11.59,63.3,-12.47,64.17,-16,64,-18,67,-10.35,-1066.64,111.26,-0.00533,0.00696,2.63162,-1238.9,248.5,-61.67,-159.83,0.45,2.86,-1.3,0.0
108.199,espiral,hacia_wp,0.3084,0.0053,-0.4447,-10.49,59.82,-11.33,60.67,-10,60,-16,61,-25.12,-1066.88,111.23,-0.00196,0.00808,2.63413,-1242.1,221.2,-61.86,-160.02,0.47,2.87,-1.3,0.0
108.258,espiral,hacia_wp,0.2931,0.0051,-0.4201,-9.74,56.64,-10.57,57.47,-4,56,-5,46,-40.72,-1069.36,111.04,-0.00407,0.0074,2.63649,-1245.6,209.9,-61.93,-160.09,0.44,2.83,-1.3,0.0
108.299,espiral,hacia_wp,0.2769,0.0051,-0.3993,-9.39,53.69,-10.2,54.5,1,63,-2,57,-48.79,-1071.55,111.22,-0.00202,0.00904,2.6338,-1245.6,209.9,-61.95,-160.11,0.42,2.83,-1.3,0.0
108.339,espiral,hacia_wp,0.2599,0.005,-0.3816,-9.34,50.93,-10.14,51.73,1,63,-2,57,-54.57,-1073.65,111.19,-0.00206,0.00832,2.634,-1250.0,199.9,-61.95,-160.11,0.43,2.82,-1.3,0.0
108.399,espiral,hacia_wp,0.2429,0.005,-0.3666,-9.49,48.36,-10.29,49.16,6,50,14,45,-65.69,-1078.83,111.04,-0.00432,0.00621,2.63506,-1260.7,182.8,-61.9,-160.06,0.38,2.86,-1.3,0.0
108.458,espiral,hacia_wp,0.2243,0.005,-0.3537,-9.95,45.85,-10.75,46.64,17,50,15,49,-77.39,-1085.58,110.98,-0.00424,0.00603,2.6354,-1266.9,175.5,-61.92,-160.08,0.38,2.9,-1.3,0.0
108.499,espiral,hacia_wp,0.2759,0.013,-1.2111,-73.77,117.91,-75.86,120.0,11,56,17,45,-83.71,-1089.5,110.96,-0.00486,0.00665,2.6342,-1266.9,175.5,-61.86,-160.02,0.34,2.87,-1.155,-0.667
108.539,espiral,hacia_wp,0.269,0.0132,-1.2178,-74.85,117.89,-76.96,120.0,-14,52,-6,79,-88.47,-1092.26,110.96,-0.0042,0.00598,2.63324,-1273.2,168.7,-61.76,-159.92,0.36,2.9,-1.155,-0.667
108.619,espiral,hacia_wp,0.2597,0.0134,-1.2269,-76.31,117.86,-78.44,120.0,-72,113,-62,121,-108.08,-1093.2,110.93,-0.00397,0.0081,2.63401,-1283.9,152.4,-61.78,-159.94,0.33,2.76,-1.155,-0.667
108.659,espiral,hacia_wp,0.2503,0.0135,-1.2362,-77.79,117.83,-79.96,120.0,-75,125,-92,110,-126.09,-1088.85,111.04,-0.00081,0.00878,2.63497,-1282.2,129.7,-61.88,-160.04,0.35,2.73,-1.155,-0.667
108.699,espiral,hacia_wp,0.2419,0.0137,-1.2444,-79.11,117.81,-81.3,120.0,-65,132,-77,95,-144.02,-1082.99,110.79,-0.0046,0.00788,2.64342,-1276.2,99.0,-62.2,-160.36,0.39,2.83,-1.155,-0.667
108.758,espiral,hacia_wp,0.2378,0.0138,-1.2484,-79.74,117.79,-81.95,120.0,-65,132,-77,95,-169.14,-1073.23,110.94,-0.00209,0.00759,2.64528,-1276.2,99.0,-62.49,-160.65,0.42,2.87,-1.155,-0.667
108.819,espiral,hacia_wp,0.2356,0.0138,-1.2506,-80.09,117.79,-82.31,120.0,-88,137,-94,106,-202.75,-1059.69,110.67,-0.00377,0.0077,2.64844,-1263.0,35.3,-62.7,-160.86,0.44,2.98,-1.155,-0.667
108.859,espiral,hacia_wp,0.2384,0.0138,-1.2478,-79.64,117.8,-81.85,120.0,-93,118,-89,116,-231.26,-1048.41,110.5,-0.00299,0.00632,2.65183,-1256.5,2.9,-62.81,-160.97,0.48,3.11,-1.155,-0.667
108.899,espiral,hacia_wp,0.236,0.0138,-1.2502,-80.03,117.79,-82.24,120.0,-93,118,-89,116,-248.09,-1041.17,110.41,-0.00316,0.00462,2.65663,-1256.5,2.9,-62.96,-161.12,0.46,3.2,-1.155,-0.667
108.959,espiral,hacia_wp,0.2378,0.0139,-1.2484,-79.74,117.78,-81.96,120.0,-82,115,-68,107,-279.87,-1029.77,110.06,-0.00134,0.00448,2.66041,-1250.7,-28.1,-63.09,-161.25,0.42,3.22,-1.155,-0.667
108.999,espiral,hacia_wp,0.2322,0.0141,-1.2537,-80.6,117.74,-82.85,120.0,-82,115,-68,107,-304.55,-1021.64,109.88,-0.00129,0.00629,2.66274,-1246.1,-56.9,-63.28,-161.44,0.39,3.31,-1.155,-0.667
109.058,espiral,hacia_wp,0.2275,0.0143,-1.2582,-81.31,117.71,-83.6,120.0,-83,107,-94,107,-332.33,-1013.51,109.86,-0.00142,0.00726,2.66092,-1242.9,-83.2,-63.45,-161.61,0.44,3.26,-1.155,-0.667
109.099,espiral,hacia_wp,0.2211,0.0143,-1.2447,-80.74,116.12,-83.03,118.42,-59,117,-57,114,-346.24,-1009.05,109.74,-0.00118,0.00693,2.66007,-1240.2,-107.7,-63.52,-161.68,0.43,3.13,-1.155,-0.667
109.159,espiral,hacia_wp,0.209,0.0139,-1.1932,-77.63,111.07,-79.85,113.29,-59,117,-57,114,-374.36,-999.47,109.67,-0.00181,0.0083,2.66001,-1238.0,-131.3,-63.48,-161.64,0.43,3.07,-1.155,-0.667
109.199,espiral,hacia_wp,0.1956,0.0134,-1.1412,-74.57,105.87,-76.72,108.02,-88,124,-91,128,-398.6,-990.66,109.38,-0.00127,0.01004,2.66395,-1235.6,-155.1,-63.58,-161.74,0.49,3.01,-1.155,-0.667
109.259,espiral,hacia_wp,0.1799,0.013,-1.0863,-71.47,100.26,-73.55,102.33,-75,101,-80,100,-428.17,-979.45,109.11,-0.00123,0.01011,2.66812,-1228.6,-206.9,-63.82,-161.98,0.52,2.97,-1.155,-0.667
109.298,espiral,hacia_wp,0.1655,0.0125,-1.0276,-67.98,94.45,-69.97,96.45,-75,101,-80,100,-442.65,-973.91,108.97,-0.00099,0.01056,2.66853,-1228.6,-206.9,-64.02,-162.18,0.56,2.94,-1.155,-0.667
109.359,espiral,hacia_wp,0.1477,0.0114,-0.9124,-60.27,83.89,-62.09,85.72,-61,110,-92,100,-470.29,-963.37,108.77,-0.00167,0.00999,2.67045,-1220.0,-258.4,-64.12,-162.28,0.59,2.93,-1.155,-0.667
109.399,espiral,hacia_wp,0.1381,0.0109,-0.8611,-56.96,79.06,-58.71,80.81,-84,99,-72,89,-491.13,-955.73,108.73,-0.00078,0.01066,2.6714,-1216.2,-281.4,-64.15,-162.31,0.61,2.95,-1.155,-0.667
109.459,espiral,hacia_wp,0.1372,0.011,-0.8612,-57.05,79.0,-58.8,80.75,-60,81,-63,80,-512.57,-948.05,108.59,0.00037,0.00888,2.67106,-1216.2,-281.4,-64.18,-162.34,0.6,2.96,-1.155,-0.667
109.498,espiral,hacia_wp,0.1224,0.0102,-0.7778,-51.61,71.2,-53.24,72.83,-60,81,-63,80,-521.95,-944.89,108.6,-0.00065,0.00894,2.67155,-1210.9,-319.0,-64.22,-162.38,0.52,2.93,-1.155,-0.667
109.558,espiral,hacia_wp,0.1148,0.0099,-0.7453,-49.65,68.02,-51.23,69.6,-40,73,-41,75,-538.79,-939.53,108.46,0.00092,0.00913,2.67309,-1209.3,-333.8,-64.32,-162.48,0.55,2.91,-1.155,-0.667
109.599,espiral,hacia_wp,0.1077,0.0097,-0.7153,-47.84,65.07,-49.38,66.61,-45,67,-43,55,-552.22,-934.89,108.46,0.00212,0.0104,2.67484,-1207.7,-347.4,-64.41,-162.57,0.54,2.92,-1.155,-0.667
109.658,espiral,hacia_wp,0.099,0.0094,-0.6843,-46.07,61.91,-47.57,63.41,-45,64,-45,74,-568.6,-928.84,108.41,0.00169,0.00897,2.6766,-1205.9,-361.6,-64.55,-162.71,0.54,2.91,-1.155,-0.667
109.699,espiral,hacia_wp,0.0948,0.0091,-0.6524,-43.88,59.04,-45.34,60.5,-55,59,-54,61,-576.92,-925.8,108.42,0.00202,0.00888,2.67634,-1203.3,-375.8,-64.63,-162.79,0.51,2.89,-1.155,-0.667
109.759,espiral,hacia_wp,0.0893,0.0088,-0.6196,-41.72,56.01,-43.12,57.41,-44,62,-30,71,-593.42,-919.64,107.94,0.00584,0.01834,2.67788,-1200.8,-390.4,-64.63,-162.79,0.51,2.89,-1.155,-0.667
109.799,espiral,hacia_wp,0.089,0.0088,-0.6196,-41.75,55.98,-43.15,57.39,-42,60,-65,61,-606.9,-914.75,108.14,0.00218,0.01881,2.67912,-1198.2,-405.4,-64.66,-162.82,0.55,2.92,-1.155,-0.667
109.859,espiral,hacia_wp,0.0781,0.0082,-0.5549,-37.49,49.99,-38.8,51.3,-52,65,-39,57,-622.03,-908.94,107.94,0.00415,0.01585,2.678,-1196.0,-419.4,-64.77,-162.93,0.54,2.88,-1.155,-0.667
109.899,espiral,hacia_wp,0.0745,0.0079,-0.5255,-35.45,47.37,-36.72,48.64,-33,49,-43,46,-629.1,-906.3,108.01,0.00352,0.01608,2.67941,-1193.7,-432.4,-64.85,-163.01,0.53,2.95,-1.155,-0.667
109.959,espiral,hacia_wp,0.0738,0.0079,-0.5256,-35.51,47.32,-36.78,48.58,-38,53,-36,64,-642.3,-901.51,107.91,0.004,0.01739,2.68412,-1192.2,-444.2,-64.85,-163.01,0.53,2.95,-1.155,-0.667
109.999,espiral,hacia_wp,0.0634,0.0075,-0.4746,-32.3,42.44,-33.49,43.64,-39,47,-42,52,-652.35,-897.62,108.06,0.00334,0.01968,2.68577,-1190.5,-455.5,-65.07,-163.23,0.55,2.89,-1.155,-0.667
110.039,espiral,hacia_wp,0.0622,0.0075,-0.4747,-32.41,42.35,-33.6,43.55,-39,45,-33,39,-658.01,-895.26,107.92,0.005,0.01653,2.68429,-1188.7,-465.8,-65.22,-163.38,0.57,2.86,-1.155,-0.667
110.098,espiral,hacia_wp,0.0564,0.0071,-0.4307,-29.38,38.4,-30.51,39.53,-32,44,-31,42,-668.31,-891.54,108.04,0.00265,0.02056,2.68551,-1187.0,-475.0,-65.22,-163.38,0.59,2.88,-1.155,-0.667
110.158,espiral,hacia_wp,0.0569,0.0071,-0.4306,-29.33,38.44,-30.46,39.57,-20,41,-34,41,-679.87,-887.54,108.16,0.00344,0.02016,2.68719,-1185.8,-483.8,-65.22,-163.38,0.59,2.88,-1.155,-0.667
110.198,espiral,hacia_wp,-0.3783,0.0168,-1.1049,-117.31,56.78,-120.0,59.47,-23,32,-34,46,-684.72,-886.1,108.11,0.00325,0.01979,2.68823,-1184.7,-492.6,-65.21,-163.37,0.61,2.83,-0.683,-1.184
110.259,espiral,hacia_wp,-0.3814,0.0168,-1.1019,-117.31,56.3,-120.0,58.98,-44,39,-26,40,-695.22,-881.75,107.79,0.00627,0.01726,2.6876,-1183.9,-501.1,-65.4,-163.56,0.63,2.8,-0.683,-1.184
110.318,espiral,hacia_wp,-0.39,0.0168,-1.0932,-117.32,54.92,-120.0,57.6,-93,40,-91,67,-708.24,-872.27,108.09,0.00332,0.02371,2.70547,-1179.9,-512.1,-65.78,-163.94,0.62,2.67,-0.683,-1.184
110.358,espiral,hacia_wp,-0.3957,0.0167,-1.0875,-117.32,54.01,-120.0,56.69,-131,46,-161,57,-722.89,-859.97,108.13,0.00241,0.02378,2.71732,-1167.2,-530.6,-65.78,-163.94,0.62,2.67,-0.683,-1.184
110.401,espiral,hacia_wp,-0.407,0.0167,-1.0763,-117.33,52.21,-120.0,54.88,-115,50,-124,66,-740.33,-844.26,108.06,0.00258,0.0222,2.72343,-1150.0,-553.8,-66.44,-164.6,0.7,2.62,-0.683,-1.184
110.439,espiral,hacia_wp,-0.4175,0.0167,-1.0659,-117.34,50.54,-120.0,53.21,-113,63,-115,62,-751.68,-833.48,108.08,0.00166,0.02191,2.72461,-1133.2,-577.7,-67.11,-165.27,0.75,2.65,-0.683,-1.184
110.498,espiral,hacia_wp,-0.4231,0.0166,-1.0602,-117.34,49.64,-120.0,52.3,-131,59,-135,64,-774.87,-809.81,108.02,0.00246,0.02083,2.722,-1116.3,-601.5,-67.42,-165.58,0.74,2.66,-0.683,-1.184
110.558,espiral,hacia_wp,-0.4245,0.0166,-1.0589,-117.34,49.42,-120.0,52.08,-130,54,-139,50,-796.48,-785.26,107.93,0.00118,0.02167,2.72613,-1098.8,-624.6,-67.48,-165.64,0.72,2.74,-0.683,-1.184
110.601,espiral,hacia_wp,-0.4212,0.0166,-1.0621,-117.34,49.94,-120.0,52.6,-141,50,-154,47,-806.47,-773.22,107.92,0.00126,0.02288,2.72894,-1081.7,-646.2,-67.27,-165.43,0.71,2.73,-0.683,-1.184
110.658,espiral,hacia_wp,-0.4221,0.0166,-1.0612,-117.34,49.8,-120.0,52.46,-74,42,-97,51,-827.19,-747.13,108.18,-0.0009,0.01668,2.73569,-1065.5,-665.5,-67.4,-165.56,0.69,2.75,-0.683,-1.184
110.698,espiral,hacia_wp,-0.4241,0.0167,-1.0592,-117.33,49.47,-120.0,52.15,-130,41,-97,51,-838.82,-733.45,108.06,0.00038,0.02326,2.73727,-1051.2,-682.8,-67.66,-165.82,0.76,2.72,-0.683,-1.184
110.741,espiral,hacia_wp,-0.427,0.0168,-1.0562,-117.31,48.99,-120.0,51.68,-115,44,-159,48,-847.32,-723.65,108.01,0.00143,0.02444,2.73681,-1038.5,-699.5,-67.97,-166.13,0.82,2.68,-0.683,-1.184
110.799,espiral,hacia_wp,-0.427,0.0169,-1.0561,-117.3,48.98,-120.0,51.68,-117,45,-118,51,-864.76,-704.49,108.03,0.00213,0.02524,2.73875,-1026.4,-716.6,-68.01,-166.17,0.84,2.66,-0.683,-1.184
110.858,espiral,hacia_wp,-0.4291,0.017,-1.0539,-117.29,48.63,-120.0,51.34,-114,56,-115,49,-886.72,-681.84,108.3,0.00079,0.02056,2.74134,-1014.2,-734.7,-68.11,-166.27,0.88,2.63,-0.683,-1.184
110.9,espiral,hacia_wp,-0.4317,0.017,-1.0513,-117.27,48.21,-120.0,50.93,-108,48,-111,51,-900.19,-667.98,108.29,0.0016,0.02034,2.74252,-1001.6,-754.1,-68.19,-166.35,0.81,2.56,-0.683,-1.184
110.959,espiral,hacia_wp,-0.4363,0.0171,-1.0466,-117.26,47.46,-120.0,50.2,-99,49,-122,60,-917.27,-649.85,108.34,0.00178,0.01851,2.74483,-987.7,-774.5,-68.34,-166.5,0.85,2.6,-0.683,-1.184
111.019,espiral,hacia_wp,-0.4416,0.0173,-1.0412,-117.24,46.59,-120.0,49.35,-134,52,-118,56,-937.55,-627.74,108.35,0.00237,0.01944,2.74648,-973.3,-795.3,-68.58,-166.74,0.75,2.6,-0.683,-1.184
111.058,espiral,hacia_wp,-0.4229,0.0166,-0.9926,-111.91,44.25,-114.57,46.91,-99,53,-126,47,-954.13,-609.31,108.34,0.0031,0.02487,2.74841,-958.6,-815.6,-68.58,-166.74,0.75,2.6,-0.683,-1.184
111.099,espiral,hacia_wp,-0.4031,0.0159,-0.9405,-106.21,41.71,-108.76,44.26,-121,43,-96,54,-963.59,-598.53,108.23,0.00452,0.02602,2.75276,-944.2,-835.2,-68.66,-166.82,0.76,2.59,-0.683,-1.184
111.139,espiral,hacia_wp,-0.3861,0.0153,-0.8889,-100.78,39.01,-103.22,41.45,-124,47,-94,37,-978.79,-580.92,108.23,0.00428,0.02519,2.75671,-930.0,-854.2,-68.9,-167.06,0.77,2.57,-0.683,-1.184
111.2,espiral,hacia_wp,-0.3727,0.0146,-0.837,-95.61,35.97,-97.95,38.31,-117,37,-119,35,-995.61,-561.57,108.56,0.00314,0.02097,2.75906,-916.6,-872.0,-69.42,-167.58,0.85,2.47,-0.683,-1.184
111.259,espiral,hacia_wp,-0.3524,0.014,-0.7918,-90.42,34.03,-92.65,36.27,-109,50,-126,34,-1011.29,-544.17,108.61,0.00148,0.02201,2.75874,-904.2,-888.0,-69.42,-167.58,0.85,2.47,-0.683,-1.184
111.299,espiral,hacia_wp,-0.3334,0.0134,-0.7508,-85.66,32.32,-87.81,34.46,-87,32,-97,33,-1018.47,-536.13,108.59,0.00253,0.02254,2.7612,-904.2,-888.0,-69.42,-167.58,0.89,2.48,-0.683,-1.184
111.359,espiral,hacia_wp,-0.3201,0.0129,-0.7108,-81.44,30.23,-83.5,32.29,-86,27,-103,31,-1032.36,-520.76,108.6,0.00491,0.026,2.7647,-893.2,-903.2,-69.67,-167.83,0.87,2.46,-0.683,-1.184
111.4,espiral,hacia_wp,-0.3054,0.0124,-0.6757,-77.49,28.63,-79.48,30.62,-80,29,-74,35,-1043.03,-509.02,108.55,0.00611,0.02506,2.76405,-873.9,-930.3,-69.8,-167.96,0.86,2.42,-0.683,-1.184
111.459,espiral,hacia_wp,-0.2928,0.012,-0.6421,-73.84,26.98,-75.75,28.9,-83,26,-70,28,-1054.83,-495.53,108.61,0.00539,0.02089,2.76525,-865.2,-942.8,-69.8,-167.96,0.86,2.48,-0.683,-1.184
111.503,espiral,hacia_wp,-0.2808,0.0115,-0.6102,-70.36,25.43,-72.21,27.28,-83,26,-70,28,-1064.74,-484.82,108.93,0.00111,0.02124,2.768,-865.2,-942.8,-69.89,-168.05,0.87,2.5,-0.683,-1.184
111.559,espiral,hacia_wp,-0.2679,0.0111,-0.5795,-66.9,24.04,-68.68,25.82,-76,30,-78,19,-1072.62,-476.14,108.88,0.00156,0.02095,2.7692,-856.6,-955.0,-69.99,-168.15,0.87,2.51,-0.683,-1.184
111.601,espiral,hacia_wp,-0.2564,0.0107,-0.549,-63.58,22.55,-65.29,24.27,-73,22,-78,32,-1081.88,-465.51,108.98,0.00113,0.01897,2.77224,-848.0,-966.8,-70.06,-168.22,0.83,2.61,-0.683,-1.184
111.639,espiral,hacia_wp,-0.2433,0.0103,-0.5192,-60.17,21.25,-61.82,22.9,-55,28,-53,29,-1087.04,-459.33,108.98,0.00056,0.0189,2.77579,-839.4,-978.7,-70.3,-168.46,0.85,2.64,-0.683,-1.184
111.7,espiral,hacia_wp,-0.2345,0.0099,-0.4901,-57.18,19.65,-58.76,21.24,-61,24,-48,19,-1096.99,-447.47,109.05,-0.00012,0.01926,2.77721,-831.3,-989.5,-70.48,-168.64,0.9,2.65,-0.683,-1.184
111.758,espiral,hacia_wp,-0.2217,0.0096,-0.4644,-54.12,18.64,-55.65,20.17,-69,29,-59,20,-1107.91,-435.15,109.04,-0.00017,0.01842,2.77228,-823.4,-999.6,-70.33,-168.49,0.88,2.75,-0.683,-1.184
111.8,espiral,hacia_wp,-0.2073,0.0092,-0.4418,-51.19,18.02,-52.66,19.49,-65,20,-49,13,-1113.51,-428.81,109.12,-0.00052,0.01736,2.77422,-815.9,-1009.0,-70.18,-168.34,0.88,2.77,-0.683,-1.184
111.839,espiral,hacia_wp,-0.1966,0.0089,-0.4196,-48.58,17.13,-50.0,18.55,-43,19,-52,24,-1117.3,-424.35,109.1,-0.00114,0.01853,2.77878,-809.1,-1017.7,-70.38,-168.54,0.93,2.79,-0.683,-1.184
111.9,espiral,hacia_wp,-0.1919,0.0086,-0.3959,-46.33,15.63,-47.71,17.01,-46,20,-41,14,-1124.35,-415.78,109.19,-0.00108,0.01776,2.78618,-802.9,-1026.2,-70.86,-169.02,0.97,2.82,-0.683,-1.184
111.96,espiral,hacia_wp,-0.1824,0.0083,-0.3762,-44.02,14.83,-45.35,16.17,-55,20,-48,17,-1132.83,-406.01,109.16,-0.00153,0.01863,2.7839,-791.6,-1041.0,-70.95,-169.11,1.0,2.8,-0.683,-1.184
111.999,espiral,hacia_wp,-0.8651,0.0153,-0.6196,-117.56,-20.86,-120.0,-18.42,-55,20,-48,17,-1137.8,-400.53,109.17,-0.00146,0.01781,2.78203,-791.6,-1041.0,-70.82,-168.98,0.99,2.83,-0.0,-1.4
112.039,espiral,hacia_wp,-0.8691,0.0152,-0.6157,-117.56,-21.49,-120.0,-19.05,-51,20,-39,17,-1141.43,-396.55,109.04,-0.00069,0.01886,2.78153,-786.0,-1048.4,-70.69,-168.85,1.0,2.83,-0.0,-1.4
112.099,espiral,hacia_wp,-0.8738,0.0152,-0.6109,-117.56,-22.25,-120.0,-19.81,-91,-18,-108,-20,-1148.66,-381.03,109.01,-0.00091,0.01806,2.78453,-780.5,-1056.0,-70.86,-169.02,0.94,2.86,-0.0,-1.4
112.158,espiral,hacia_wp,-0.8778,0.0152,-0.6069,-117.56,-22.89,-120.0,-20.46,-91,-18,-108,-20,-1152.39,-359.09,109.05,-0.0031,0.01847,2.78328,-773.1,-1064.0,-70.89,-169.05,1.03,2.83,-0.0,-1.4
112.2,espiral,hacia_wp,-0.879,0.0152,-0.6058,-117.56,-23.08,-120.0,-20.64,-159,-22,-156,-23,-1154.06,-340.62,108.98,-0.00523,0.01863,2.78169,-756.4,-1073.9,-70.78,-168.94,1.13,2.9,-0.0,-1.4
112.258,espiral,hacia_wp,-0.8788,0.0152,-0.606,-117.56,-23.04,-120.0,-20.61,-102,-33,-104,-45,-1155.93,-314.42,108.89,-0.00533,0.02037,2.78406,-732.0,-1084.2,-70.7,-168.86,1.21,2.99,-0.0,-1.4
112.319,espiral,hacia_wp,-0.8777,0.0152,-0.6071,-117.56,-22.87,-120.0,-20.43,-142,-42,-122,-36,-1159.08,-281.66,108.87,-0.00886,0.01745,2.78909,-678.3,-1100.1,-70.93,-169.09,1.31,3.02,-0.0,-1.4
112.358,espiral,hacia_wp,-0.8739,0.0152,-0.6108,-117.56,-22.27,-120.0,-19.83,-142,-42,-122,-36,-1163.34,-255.57,108.69,-0.00991,0.01758,2.79205,-678.3,-1100.1,-71.1,-169.26,1.41,3.08,-0.0,-1.4
112.4,espiral,hacia_wp,-0.8719,0.0152,-0.6129,-117.56,-21.94,-120.0,-19.5,-131,-37,-137,-22,-1167.76,-236.37,108.56,-0.01046,0.01762,2.79249,-627.2,-1118.5,-71.24,-169.4,1.47,3.11,-0.0,-1.4
112.458,espiral,hacia_wp,-0.8745,0.0152,-0.6102,-117.56,-22.36,-120.0,-19.92,-138,-17,-104,-16,-1173.99,-214.85,108.35,-0.01107,0.01947,2.79145,-606.3,-1128.6,-71.26,-169.42,1.52,3.08,-0.0,-1.4
112.499,espiral,hacia_wp,-0.8773,0.0153,-0.6074,-117.55,-22.81,-120.0,-20.36,-115,-6,-99,-3,-1180.6,-195.49,108.22,-0.01116,0.01939,2.79412,-588.7,-1138.8,-71.26,-169.42,1.63,3.0,-0.0,-1.4
112.559,espiral,hacia_wp,-0.8811,0.0154,-0.6035,-117.54,-23.44,-120.0,-20.98,-83,-8,-104,-7,-1188.01,-173.02,107.99,-0.01107,0.01965,2.7971,-572.5,-1149.4,-71.47,-169.63,1.64,3.04,-0.0,-1.4
112.599,espiral,hacia_wp,-0.8867,0.0154,-0.5978,-117.53,-24.35,-120.0,-21.88,-86,-8,-88,-8,-1191.16,-161.33,107.96,-0.01129,0.01987,2.79833,-556.4,-1158.9,-71.59,-169.75,1.61,3.0,-0.0,-1.4
112.638,espiral,hacia_wp,-0.8896,0.0155,-0.5949,-117.52,-24.81,-120.0,-22.33,-113,-15,-125,-15,-1194.8,-144.65,107.73,-0.01127,0.01968,2.80096,-538.4,-1167.7,-71.73,-169.89,1.67,3.0,-0.0,-1.4
112.718,espiral,hacia_wp,-0.8911,0.0156,-0.5933,-117.51,-25.07,-120.0,-22.58,-123,-31,-137,-22,-1200.23,-107.72,107.56,-0.0107,0.01898,2.80842,-517.9,-1176.3,-72.03,-170.19,1.65,3.01,-0.0,-1.4
112.758,espiral,hacia_wp,-0.8929,0.0157,-0.5914,-117.49,-25.38,-120.0,-22.87,-128,-34,-128,-32,-1203.77,-83.19,107.24,-0.01016,0.02104,2.80601,-495.4,-1184.3,-72.21,-170.37,1.68,3.01,-0.0,-1.4
112.798,espiral,hacia_wp,-0.8923,0.0158,-0.5919,-117.47,-25.3,-120.0,-22.77,-120,-27,-131,-29,-1206.85,-63.8,107.0,-0.0108,0.02043,2.80625,-472.4,-1192.2,-72.1,-170.26,1.68,2.89,-0.0,-1.4
112.839,espiral,hacia_wp,-0.8891,0.016,-0.5949,-117.45,-24.82,-120.0,-22.26,-129,-25,-107,-35,-1209.43,-49.54,106.79,-0.00899,0.02003,2.80825,-449.9,-1201.0,-72.1,-170.26,1.68,2.89,-0.0,-1.4
112.898,espiral,hacia_wp,-0.8901,0.016,-0.5939,-117.45,-24.97,-120.0,-22.42,-101,-27,-129,-24,-1216.84,-18.09,106.53,-0.00902,0.01964,2.81278,-428.6,-1210.7,-72.4,-170.56,1.63,2.92,-0.0,-1.4
112.958,espiral,hacia_wp,-0.8301,0.0151,-0.5452,-108.82,-24.0,-111.23,-21.59,-115,-19,-102,-17,-1224.02,6.88,106.23,-0.00815,0.01885,2.81306,-408.9,-1220.7,-72.49,-170.65,1.58,2.94,-0.0,-1.4
112.999,espiral,hacia_wp,-0.7948,0.0145,-0.5153,-103.66,-23.52,-105.97,-21.2,-111,-23,-104,-13,-1227.58,18.97,106.15,-0.00788,0.01856,2.81556,-390.7,-1230.7,-72.52,-170.68,1.54,2.89,-0.0,-1.4
113.059,espiral,hacia_wp,-0.7951,0.0145,-0.5149,-103.64,-23.57,-105.96,-21.26,-106,-13,-111,-8,-1233.67,42.75,106.0,-0.00612,0.0171,2.82084,-372.9,-1240.6,-72.76,-170.92,1.48,2.95,-0.0,-1.4
113.098,espiral,hacia_wp,-0.7617,0.0139,-0.4833,-98.49,-23.38,-100.71,-21.16,-104,-27,-151,-24,-1237.62,62.29,105.79,-0.00608,0.01665,2.82738,-355.1,-1249.5,-72.76,-170.92,1.48,2.95,-0.0,-1.4
113.158,espiral,hacia_wp,-0.7281,0.0133,-0.4538,-93.49,-23.01,-95.62,-20.88,-109,-28,-100,-31,-1241.84,85.45,105.81,-0.00576,0.01611,2.82968,-337.3,-1256.7,-73.34,-171.5,1.4,3.02,-0.0,-1.4
113.199,espiral,hacia_wp,-0.6562,0.0123,-0.4071,-84.08,-20.91,-86.05,-18.94,-116,-28,-96,-24,-1243.74,96.71,105.71,-0.00542,0.01553,2.82902,-319.2,-1263.6,-73.34,-171.5,1.4,3.02,-0.0,-1.4
113.258,espiral,hacia_wp,-0.6568,0.0123,-0.4061,-84.05,-21.04,-86.02,-19.08,-82,-23,-97,-33,-1247.45,118.28,105.48,-0.00472,0.01618,2.82838,-301.8,-1269.9,-73.43,-171.59,1.4,3.05,-0.0,-1.4
113.299,espiral,hacia_wp,-0.62,0.0118,-0.3877,-79.67,-19.53,-81.56,-17.64,-79,-29,-94,-24,-1250.54,134.8,105.44,-0.00417,0.01539,2.83228,-285.3,-1276.3,-73.32,-171.48,1.4,3.06,-0.0,-1.4
113.339,espiral,hacia_wp,-0.5865,0.0113,-0.3668,-75.36,-18.48,-77.18,-16.67,-74,-15,-85,-15,-1252.56,143.96,105.35,-0.00427,0.01487,2.83542,-270.6,-1282.7,-73.42,-171.58,1.35,3.04,-0.0,-1.4
113.399,espiral,hacia_wp,-0.5579,0.0109,-0.3454,-71.4,-17.87,-73.14,-16.13,-75,-11,-76,-12,-1256.96,160.99,105.21,-0.00459,0.01565,2.83621,-257.4,-1288.9,-73.68,-171.84,1.35,3.04,-0.0,-1.4
113.458,espiral,hacia_wp,-0.5316,0.0105,-0.3262,-67.78,-17.27,-69.46,-15.59,-93,-10,-73,-15,-1262.11,179.16,105.13,-0.00293,0.01413,2.83458,-245.5,-1294.9,-73.82,-171.98,1.37,3.04,-0.0,-1.4
113.498,espiral,hacia_wp,-0.5071,0.0101,-0.3097,-64.53,-16.6,-66.15,-14.98,-66,-13,-59,-14,-1264.41,188.81,105.09,-0.00321,0.01507,2.83627,-233.9,-1300.9,-73.78,-171.94,1.31,3.06,-0.0,-1.4
113.539,espiral,hacia_wp,-0.4833,0.0098,-0.2927,-61.3,-16.02,-62.86,-14.46,-67,-11,-59,-17,-1265.82,195.98,105.04,-0.00209,0.01477,2.83885,-222.8,-1306.1,-73.76,-171.92,1.3,3.04,-0.0,-1.4
113.599,espiral,hacia_wp,-0.4624,0.0094,-0.2748,-58.22,-15.76,-59.73,-14.26,-72,-22,-50,-24,-1267.74,210.25,104.87,-0.002,0.01456,2.84166,-211.6,-1310.6,-74.14,-172.3,1.24,2.98,-0.0,-1.4
113.659,espiral,hacia_wp,-0.4392,0.0091,-0.2614,-55.32,-14.95,-56.77,-13.49,-57,-18,-52,-31,-1269.64,226.62,104.94,-0.00193,0.01558,2.83946,-200.2,-1314.1,-74.14,-172.3,1.24,2.98,-0.0,-1.4
113.698,espiral,hacia_wp,-0.4147,0.0088,-0.251,-52.55,-13.8,-53.96,-12.39,-57,-19,-69,-17,-1270.78,233.44,104.91,-0.00181,0.0155,2.83944,-189.1,-1317.3,-74.04,-172.2,1.28,2.95,-0.0,-1.4
113.778,espiral,hacia_wp,-0.3911,0.0085,-0.2405,-49.85,-12.73,-51.21,-11.37,-63,-12,-55,-15,-1273.84,252.59,104.87,-0.00175,0.01388,2.83513,-189.1,-1317.3,-74.04,-172.2,1.28,2.95,-0.0,-1.4
113.8,espiral,hacia_wp,-0.3911,0.0085,-0.2405,-49.85,-12.73,-51.21,-11.37,-63,-12,-55,-15,-1274.28,256.51,104.83,-0.00113,0.01323,2.83382,-168.4,-1325.9,-73.88,-172.04,1.23,2.98,-0.0,-1.4
113.858,espiral,hacia_wp,-1.4285,0.0144,-0.0571,-117.69,-110.87,-120.0,-108.56,-55,-11,-47,-18,-1275.35,267.95,104.73,-0.00058,0.0141,2.83474,-159.0,-1328.9,-73.68,-171.84,1.16,3.02,0.717,-1.241
113.899,espiral,hacia_wp,-1.4295,0.0144,-0.0561,-117.69,-111.03,-120.0,-108.72,-38,-20,-57,-15,-1275.93,273.81,104.69,0.0007,0.01352,2.83512,-150.2,-1331.7,-73.79,-171.95,1.17,2.97,0.717,-1.241
113.958,espiral,hacia_wp,-1.4388,0.0144,-0.0468,-117.69,-112.51,-120.0,-110.2,-68,-35,-64,-65,-1274.49,290.84,104.68,0.00208,0.01383,2.82957,-139.0,-1334.6,-73.74,-171.9,1.06,2.99,0.717,-1.241
114.019,espiral,hacia_wp,-1.4407,0.0144,-0.0449,-117.69,-112.82,-120.0,-110.51,-130,-111,-125,-163,-1269.09,318.1,104.65,0.00168,0.01233,2.82035,-116.1,-1334.0,-73.48,-171.64,1.04,2.97,0.717,-1.241
114.058,espiral,hacia_wp,-1.4343,0.0144,-0.0513,-117.69,-111.79,-120.0,-109.49,-116,-141,-108,-99,-1261.18,347.87,104.64,0.00102,0.01332,2.80904,-82.5,-1330.3,-72.91,-171.07,1.02,2.96,0.717,-1.241
114.098,espiral,hacia_wp,-1.4188,0.0144,-0.0668,-117.69,-109.31,-120.0,-107.01,-151,-116,-136,-109,-1254.52,367.93,105.0,-0.00511,0.01272,2.81043,-44.8,-1325.0,-72.3,-170.46,1.06,2.99,0.717,-1.241
114.138,espiral,hacia_wp,-1.4018,0.0144,-0.0838,-117.69,-106.59,-120.0,-104.28,-136,-133,-138,-157,-1244.76,395.94,105.05,-0.00651,0.0116,2.81214,-6.1,-1319.3,-72.3,-170.46,1.06,2.99,0.717,-1.241
114.218,espiral,hacia_wp,-1.395,0.0145,-0.0906,-117.69,-105.51,-120.0,-103.19,-139,-144,-165,-123,-1224.29,450.92,104.94,-0.00727,0.01225,2.81945,32.0,-1313.8,-72.44,-170.6,1.16,3.09,0.717,-1.241
114.259,espiral,hacia_wp,-1.3991,0.0145,-0.0864,-117.68,-106.18,-120.0,-103.85,-123,-120,-115,-145,-1213.18,481.38,104.9,-0.00793,0.01246,2.82119,66.9,-1308.5,-72.63,-170.79,1.3,3.03,0.717,-1.241
114.298,espiral,hacia_wp,-1.3851,0.0145,-0.0836,-116.34,-105.28,-118.66,-102.96,-123,-113,-138,-107,-1207.34,497.71,104.76,-0.00776,0.01279,2.82265,97.8,-1304.1,-72.74,-170.9,1.37,3.01,0.717,-1.241
114.359,espiral,hacia_wp,-1.3853,0.0145,-0.081,-116.14,-105.5,-118.46,-103.19,-113,-116,-97,-101,-1197.28,527.36,104.69,-0.0065,0.01361,2.82524,124.7,-1300.7,-72.74,-170.9,1.37,3.01,0.717,-1.241
114.399,espiral,hacia_wp,-1.325,0.0139,-0.076,-110.96,-101.04,-113.19,-98.81,-104,-84,-132,-91,-1190.29,550.7,104.56,-0.00626,0.0127,2.82679,148.8,-1298.3,-72.97,-171.13,1.32,2.99,0.717,-1.241
114.458,espiral,hacia_wp,-1.2195,0.013,-0.0666,-101.85,-93.27,-103.94,-91.19,-104,-85,-108,-81,-1182.03,580.11,104.57,-0.00491,0.01172,2.83027,172.0,-1296.5,-73.06,-171.22,1.29,3.01,0.717,-1.241
114.497,espiral,hacia_wp,-1.164,0.0125,-0.0592,-96.85,-89.39,-98.86,-87.38,-79,-99,-102,-94,-1177.63,595.89,104.5,-0.00441,0.01186,2.83255,197.0,-1295.1,-73.06,-171.22,1.29,3.01,0.717,-1.241
114.559,espiral,hacia_wp,-1.1642,0.0125,-0.0553,-96.56,-89.71,-98.56,-87.71,-95,-91,-118,-82,-1168.74,628.27,104.6,-0.00757,0.01101,2.83381,224.4,-1293.5,-73.25,-171.41,1.3,3.01,0.717,-1.241
114.597,espiral,hacia_wp,-1.0406,0.0114,-0.0409,-85.61,-80.89,-87.44,-79.07,-138,-93,-112,-83,-1161.26,654.91,104.28,-0.00995,0.01601,2.83378,252.6,-1291.7,-73.43,-171.59,1.3,2.97,0.717,-1.241
114.639,espiral,hacia_wp,-1.0407,0.0114,-0.0396,-85.52,-81.0,-87.34,-79.17,-103,-94,-81,-90,-1157.03,669.84,104.28,-0.01218,0.01666,2.8314,280.0,-1289.9,-73.5,-171.66,1.29,2.95,0.717,-1.241
114.718,espiral,hacia_wp,-0.9246,0.0104,-0.0307,-75.59,-72.34,-77.25,-70.68,-103,-81,-105,-81,-1145.81,705.51,104.12,-0.01066,0.01619,2.83067,304.7,-1287.6,-73.5,-171.66,1.29,2.84,0.717,-1.241
114.758,espiral,hacia_wp,-0.9245,0.0104,-0.0318,-75.67,-72.25,-77.34,-70.58,-78,-82,-54,-78,-1139.26,723.62,104.0,-0.00987,0.0174,2.83276,326.1,-1285.0,-73.5,-171.66,1.29,2.84,0.717,-1.241
114.799,espiral,hacia_wp,-0.8764,0.01,-0.0303,-71.74,-68.49,-73.34,-66.89,-58,-68,-104,-69,-1134.66,736.48,103.95,-0.00955,0.01831,2.83338,344.1,-1282.3,-73.51,-171.67,1.27,2.78,0.717,-1.241
114.839,espiral,hacia_wp,-0.8358,0.0097,-0.0288,-68.39,-65.34,-69.95,-63.78,-58,-68,-104,-69,-1131.5,745.49,103.93,-0.00862,0.01867,2.83456,344.1,-1282.3,-73.63,-171.79,1.25,2.71,0.717,-1.241
114.919,espiral,hacia_wp,-0.8003,0.0094,-0.0276,-65.48,-62.58,-66.98,-61.07,-60,-61,-47,-66,-1123.37,769.4,103.88,-0.00764,0.01849,2.83524,374.6,-1278.2,-73.7,-171.86,1.29,2.65,0.717,-1.241
114.958,espiral,hacia_wp,-0.7672,0.0092,-0.0265,-62.76,-59.98,-64.23,-58.52,-63,-77,-75,-52,-1118.13,785.22,103.74,-0.00765,0.01905,2.83917,389.7,-1276.0,-73.74,-171.9,1.22,2.61,0.717,-1.241
115.004,espiral,hacia_wp,-0.7332,0.0089,-0.026,-60.02,-57.29,-61.44,-55.86,-55,-69,-63,-61,-1113.85,798.55,103.8,-0.00596,0.0178,2.8403,406.4,-1274.3,-73.8,-171.96,1.23,2.58,0.717,-1.241
115.039,espiral,hacia_wp,-0.6958,0.0086,-0.0222,-56.75,-54.58,-58.12,-53.21,-54,-62,-64,-61,-1110.65,808.56,103.74,-0.00622,0.01894,2.8405,423.9,-1272.7,-73.99,-172.15,1.25,2.6,0.717,-1.241
115.119,espiral,hacia_wp,-0.6566,0.0082,-0.0197,-53.44,-51.61,-54.76,-50.3,-74,-65,-65,-57,-1102.39,834.52,103.77,-0.00536,0.01884,2.84386,441.5,-1271.2,-74.04,-172.2,1.16,2.61,0.717,-1.241
115.158,espiral,hacia_wp,-0.6174,0.0079,-0.0165,-50.08,-48.7,-51.35,-47.44,-67,-56,-75,-50,-1097.93,848.86,103.86,-0.0045,0.01805,2.84481,457.8,-1269.6,-74.15,-172.31,1.23,2.61,0.717,-1.241
115.198,espiral,hacia_wp,-0.5808,0.0076,-0.0146,-47.02,-45.9,-48.24,-44.69,-52,-47,-62,-46,-1095.45,856.54,103.91,-0.00427,0.01776,2.8466,472.4,-1268.6,-74.2,-172.36,1.19,2.6,0.717,-1.241
115.239,espiral,hacia_wp,-0.5483,0.0073,-0.012,-44.24,-43.49,-45.41,-42.32,-51,-44,-37,-43,-1092.36,865.62,103.9,-0.00418,0.01826,2.84708,485.0,-1267.7,-74.24,-172.4,1.15,2.61,0.717,-1.241
115.318,espiral,hacia_wp,-0.5201,0.0071,-0.0093,-41.79,-41.43,-42.92,-40.3,-50,-35,-42,-40,-1087.0,881.38,103.89,-0.00306,0.01879,2.84757,495.6,-1266.3,-74.36,-172.52,1.17,2.61,0.717,-1.241
115.358,espiral,hacia_wp,-0.4965,0.0069,-0.0094,-39.92,-39.52,-41.02,-38.41,-45,-38,-35,-30,-1084.16,890.37,103.9,-0.00285,0.01858,2.84845,505.2,-1265.3,-74.34,-172.5,1.14,2.62,0.717,-1.241
115.398,espiral,hacia_wp,-0.4748,0.0067,-0.0082,-38.1,-37.87,-39.18,-36.79,-39,-44,-46,-32,-1082.45,895.98,103.94,-0.00247,0.01795,2.85029,514.3,-1264.5,-74.41,-172.57,1.09,2.62,0.717,-1.241
115.438,espiral,hacia_wp,-0.4545,0.0066,-0.0074,-36.43,-36.29,-37.48,-35.24,-39,-44,-46,-32,-1079.41,905.65,103.89,-0.00151,0.01779,2.85341,514.3,-1264.5,-74.41,-172.57,1.09,2.62,0.717,-1.241
115.498,espiral,hacia_wp,-0.4325,0.0064,-0.0042,-34.43,-34.77,-35.45,-33.75,-37,-41,-36,-39,-1076.27,917.5,103.98,-0.00205,0.01848,2.85526,534.6,-1263.2,-74.61,-172.77,1.03,2.64,0.717,-1.241
115.561,espiral,hacia_wp,-0.4092,0.0062,-0.002,-32.4,-33.06,-33.39,-32.08,-46,-35,-35,-38,-1072.77,929.24,103.9,-0.0011,0.01677,2.85684,544.9,-1262.3,-74.73,-172.89,1.05,2.63,0.717,-1.241
115.599,espiral,hacia_wp,-0.9627,0.004,0.5333,-34.03,-120.0,-34.67,-119.36,-32,-33,-37,-31,-1070.94,934.9,103.88,-0.00145,0.01737,2.85691,555.0,-1261.4,-74.85,-173.01,1.03,2.65,1.27,-0.733
115.66,espiral,hacia_wp,-0.9578,0.0039,0.5383,-33.24,-120.0,-33.87,-119.37,-29,-28,-34,-39,-1067.43,945.26,103.92,-0.00026,0.01514,2.85681,564.2,-1260.2,-74.87,-173.03,1.06,2.66,1.27,-0.733
115.698,espiral,hacia_wp,-0.9551,0.0039,0.5411,-32.81,-120.0,-33.43,-119.38,-35,-89,-34,-71,-1061.62,955.59,103.85,0.00079,0.01624,2.85286,564.2,-1260.2,-74.77,-172.93,0.97,2.67,1.27,-0.733
115.76,espiral,hacia_wp,-0.9554,0.0039,0.5407,-32.86,-120.0,-33.48,-119.38,-35,-89,-34,-71,-1048.91,971.54,103.83,0.00051,0.01541,2.84601,573.6,-1257.9,-74.5,-172.66,0.95,2.63,1.27,-0.733
115.799,espiral,hacia_wp,-0.9585,0.0039,0.5376,-33.35,-120.0,-33.98,-119.37,-48,-118,-31,-106,-1040.26,980.76,103.87,0.00097,0.016,2.84289,587.4,-1250.6,-74.11,-172.27,0.94,2.65,1.27,-0.733
115.859,espiral,hacia_wp,-0.9585,0.0039,0.5376,-33.36,-120.0,-33.99,-119.37,-48,-118,-31,-106,-1018.57,1000.87,103.9,0.00059,0.01484,2.84081,607.5,-1235.4,-73.81,-171.97,0.92,2.69,1.27,-0.733
115.899,espiral,hacia_wp,-0.9609,0.004,0.5352,-33.74,-120.0,-34.37,-119.36,-37,-127,-36,-123,-997.9,1018.1,103.7,0.00015,0.01549,2.84634,629.9,-1218.0,-73.96,-172.12,0.97,2.62,1.27,-0.733
115.96,espiral,hacia_wp,-0.9578,0.0039,0.5382,-33.26,-120.0,-33.88,-119.37,-36,-147,-26,-148,-972.52,1038.3,103.73,-6e-05,0.0174,2.84757,652.2,-1200.4,-74.22,-172.38,0.98,2.62,1.27,-0.733
115.999,espiral,hacia_wp,-0.9594,0.004,0.5367,-33.5,-120.0,-34.13,-119.37,-36,-147,-26,-148,-960.33,1048.0,103.59,-0.00021,0.01734,2.84855,673.6,-1182.4,-74.29,-172.45,1.02,2.56,1.27,-0.733
116.058,espiral,hacia_wp,-0.9606,0.004,0.5354,-33.7,-120.0,-34.34,-119.36,-29,-139,-33,-102,-934.8,1069.57,103.5,-0.00165,0.01892,2.85086,693.8,-1164.7,-74.39,-172.55,1.06,2.49,1.27,-0.733
116.098,espiral,hacia_wp,-0.9611,0.004,0.5349,-33.78,-120.0,-34.41,-119.36,-30,-119,-36,-111,-921.87,1081.29,103.51,-0.00179,0.0183,2.84929,730.4,-1135.3,-74.41,-172.57,1.15,2.53,1.27,-0.733
116.159,espiral,hacia_wp,-0.9622,0.0041,0.5337,-33.96,-120.0,-34.61,-119.35,-43,-113,-27,-128,-903.88,1098.72,103.47,-0.00303,0.01847,2.84938,747.4,-1122.9,-74.29,-172.45,1.14,2.61,1.27,-0.733
116.198,espiral,hacia_wp,-0.961,0.0041,0.5349,-33.76,-120.0,-34.41,-119.34,-38,-101,-32,-104,-894.97,1107.61,103.43,-0.003,0.01786,2.85093,764.0,-1111.7,-74.32,-172.48,1.21,2.58,1.27,-0.733
116.26,espiral,hacia_wp,-0.9585,0.0041,0.5374,-33.36,-120.0,-34.02,-119.34,-32,-101,-34,-118,-873.29,1129.08,103.46,-0.00405,0.01713,2.84901,781.5,-1100.6,-74.36,-172.52,1.24,2.68,1.27,-0.733
116.298,espiral,hacia_wp,-0.9568,0.0042,0.539,-33.09,-120.0,-33.77,-119.33,-36,-102,-29,-110,-859.91,1141.95,103.31,-0.00451,0.01718,2.85082,799.4,-1088.1,-74.36,-172.52,1.24,2.68,1.27,-0.733
116.339,espiral,hacia_wp,-0.9573,0.0043,0.5384,-33.17,-120.0,-33.86,-119.31,-29,-127,-38,-103,-849.41,1151.78,103.27,-0.00466,0.01704,2.85199,818.0,-1074.8,-74.26,-172.42,1.27,2.72,1.27,-0.733
116.418,espiral,hacia_wp,-0.9549,0.0044,0.5407,-32.78,-120.0,-33.48,-119.3,-33,-116,-40,-151,-820.5,1177.87,103.12,-0.00488,0.01685,2.85379,837.6,-1060.7,-74.49,-172.65,1.28,2.8,1.27,-0.733
116.459,espiral,hacia_wp,-0.9532,0.0043,0.5424,-32.52,-120.0,-33.21,-119.31,-33,-120,-29,-124,-802.14,1193.85,103.17,-0.00435,0.0156,2.85492,856.9,-1045.9,-74.52,-172.68,1.28,2.82,1.27,-0.733
116.499,espiral,hacia_wp,-0.9542,0.0046,0.5412,-32.67,-120.0,-33.41,-119.26,-37,-125,-30,-128,-791.29,1203.09,103.16,-0.00407,0.01468,2.85356,875.6,-1030.8,-74.56,-172.72,1.23,2.86,1.27,-0.733
116.559,espiral,hacia_wp,-0.9536,0.0046,0.5418,-32.58,-120.0,-33.32,-119.26,-32,-109,-35,-129,-770.46,1221.08,103.12,-0.00375,0.01385,2.8526,893.8,-1016.0,-74.43,-172.59,1.2,2.89,1.27,-0.733
116.618,espiral,hacia_wp,-0.8761,0.0046,0.4909,-30.44,-109.73,-31.18,-108.99,-23,-119,-27,-107,-750.33,1239.17,102.98,-0.00473,0.01285,2.85954,911.1,-1002.0,-74.48,-172.64,1.19,2.93,1.27,-0.733
116.658,espiral,hacia_wp,-0.8756,0.0046,0.4917,-30.35,-109.75,-31.08,-109.02,-29,-127,-52,-110,-733.96,1254.15,103.0,-0.00531,0.01347,2.86055,928.4,-989.2,-74.84,-173.0,1.28,2.96,1.27,-0.733
116.698,espiral,hacia_wp,-0.7872,0.0043,0.4496,-26.66,-99.29,-27.35,-98.6,-35,-100,-21,-114,-724.5,1263.05,102.93,-0.00439,0.01321,2.85747,946.3,-976.2,-74.88,-173.04,1.27,3.01,1.27,-0.733
116.758,espiral,hacia_wp,-0.7869,0.0043,0.4502,-26.59,-99.31,-27.29,-98.62,-31,-89,-31,-114,-706.24,1280.83,103.01,-0.00599,0.01179,2.85529,963.4,-963.0,-74.88,-173.04,1.27,3.01,1.27,-0.733
116.818,espiral,hacia_wp,-0.7071,0.0042,0.4013,-24.12,-89.01,-24.8,-88.33,-35,-96,-36,-129,-689.26,1297.1,103.08,-0.00673,0.01098,2.85722,980.0,-951.5,-74.58,-172.74,1.32,3.07,1.27,-0.733
116.859,espiral,hacia_wp,-0.6691,0.0041,0.3812,-22.7,-84.35,-23.36,-83.69,-24,-96,-28,-87,-676.1,1309.34,103.08,-0.00652,0.01025,2.8596,995.8,-940.6,-74.71,-172.87,1.33,3.13,1.27,-0.733
116.898,espiral,hacia_wp,-0.634,0.0041,0.3633,-21.33,-80.11,-21.98,-79.46,-18,-90,-27,-66,-668.82,1316.12,102.98,-0.00671,0.01234,2.86101,1009.8,-930.0,-74.71,-172.87,1.33,3.13,1.27,-0.733
116.939,espiral,hacia_wp,-0.6331,0.004,0.3648,-21.14,-80.16,-21.78,-79.51,-21,-73,-20,-74,-659.76,1324.47,103.11,-0.00681,0.01075,2.86159,1022.6,-920.8,-74.85,-173.01,1.31,3.11,1.27,-0.733
117.019,espiral,hacia_wp,-0.5743,0.0039,0.3321,-19.06,-72.83,-19.69,-72.2,-21,-71,-9,-83,-642.65,1338.88,102.92,-0.00609,0.01005,2.85833,1033.8,-911.8,-74.88,-173.04,1.31,3.17,1.27,-0.733
117.059,espiral,hacia_wp,-0.5747,0.0039,0.3313,-19.16,-72.8,-19.79,-72.17,-19,-65,-18,-59,-632.27,1347.53,102.97,-0.0061,0.01047,2.85703,1044.0,-903.1,-74.76,-172.92,1.27,3.15,1.27,-0.733
117.099,espiral,hacia_wp,-0.5254,0.0039,0.2974,-17.93,-66.14,-18.56,-65.51,-14,-68,-19,-62,-626.19,1352.87,102.97,-0.00609,0.00977,2.85749,1054.1,-894.5,-74.76,-172.92,1.27,3.15,1.27,-0.733
117.138,espiral,hacia_wp,-0.5257,0.0039,0.2968,-18.0,-66.12,-18.63,-65.49,-18,-71,-26,-79,-616.36,1362.06,103.04,-0.00584,0.00968,2.85866,1064.4,-886.3,-74.7,-172.86,1.28,3.15,1.27,-0.733
117.198,espiral,hacia_wp,-0.4736,0.0038,0.2684,-16.11,-59.66,-16.72,-59.05,-19,-68,-28,-55,-605.13,1373.43,103.0,-0.0062,0.00907,2.86135,1075.5,-878.8,-74.74,-172.9,1.27,3.21,1.27,-0.733
117.26,espiral,hacia_wp,-0.4466,0.0037,0.2571,-14.86,-56.59,-15.46,-55.99,-26,-68,-26,-56,-594.21,1384.39,103.02,-0.00722,0.00847,2.86289,1086.3,-871.7,-75.0,-173.16,1.29,3.22,1.27,-0.733
117.299,espiral,hacia_wp,-0.4462,0.0037,0.2577,-14.79,-56.61,-15.38,-56.02,-12,-59,-19,-61,-589.1,1389.41,103.09,-0.00657,0.00915,2.86268,1097.0,-864.8,-75.0,-173.16,1.29,3.22,1.27,-0.733
117.339,espiral,hacia_wp,-0.4205,0.0037,0.2453,-13.73,-53.55,-14.31,-52.97,-13,-53,-13,-54,-580.85,1396.71,103.0,-0.00694,0.00808,2.86352,1106.4,-857.7,-75.03,-173.19,1.32,3.27,1.27,-0.733
117.419,espiral,hacia_wp,-0.3976,0.0036,0.2326,-12.91,-50.7,-13.49,-50.12,-10,-55,-6,-45,-570.44,1405.33,102.96,-0.00648,0.00813,2.86197,1114.3,-851.1,-75.08,-173.24,1.28,3.26,1.27,-0.733
117.458,espiral,hacia_wp,-0.3612,0.0036,0.2074,-12.01,-45.78,-12.59,-45.2,-12,-47,-8,-51,-563.65,1411.02,103.05,-0.00692,0.00731,2.8623,1121.2,-844.8,-75.04,-173.2,1.31,3.29,1.27,-0.733
117.499,espiral,hacia_wp,-0.3613,0.0036,0.2072,-12.04,-45.77,-12.62,-45.19,-14,-45,-15,-39,-559.7,1414.45,103.11,-0.00733,0.00776,2.86336,1128.0,-839.0,-75.0,-173.16,1.28,3.3,1.27,-0.733
117.558,espiral,hacia_wp,-0.5627,-0.0033,0.9341,29.45,-119.48,29.97,-120.0,-16,-46,-12,-57,-551.97,1421.55,103.01,-0.00736,0.00752,2.86362,1134.8,-833.8,-75.03,-173.19,1.31,3.3,1.5,-0.0
117.599,espiral,hacia_wp,-0.5583,-0.0033,0.9384,30.14,-119.47,30.67,-120.0,-11,-61,-8,-62,-544.85,1427.68,103.12,-0.00694,0.0048,2.86113,1142.1,-828.5,-75.09,-173.25,1.29,3.32,1.5,-0.0
117.658,espiral,hacia_wp,-0.5504,-0.0035,0.9461,31.38,-119.44,31.93,-120.0,-3,-110,31,-106,-530.26,1434.44,103.0,-0.00656,0.00465,2.85132,1150.4,-820.5,-75.08,-173.24,1.33,3.33,1.5,-0.0
117.698,espiral,hacia_wp,-0.5542,-0.0034,0.9424,30.78,-119.45,31.33,-120.0,31,-128,46,-134,-519.84,1437.27,103.01,-0.00661,0.00415,2.84667,1160.1,-803.1,-74.81,-172.97,1.28,3.4,1.5,-0.0
117.758,espiral,hacia_wp,-0.5585,-0.0033,0.9381,30.1,-119.47,30.63,-120.0,30,-148,38,-105,-493.64,1442.27,103.04,-0.00512,0.00475,2.83681,1169.6,-778.6,-74.36,-172.52,1.22,3.42,1.5,-0.0
117.798,espiral,hacia_wp,-0.5659,-0.0032,0.9309,28.94,-119.49,29.46,-120.0,50,-136,48,-114,-467.47,1445.59,103.15,-0.00513,0.00457,2.83965,1178.6,-751.6,-73.88,-172.04,1.18,3.47,1.5,-0.0
117.859,espiral,hacia_wp,-0.5737,-0.0031,0.9232,27.71,-119.51,28.2,-120.0,45,-145,44,-176,-435.06,1450.03,103.16,-0.0038,0.00528,2.83885,1187.2,-724.2,-73.68,-171.84,1.14,3.39,1.5,-0.0
117.918,espiral,hacia_wp,-0.5721,-0.0031,0.9248,27.97,-119.5,28.47,-120.0,47,-126,44,-132,-409.4,1454.33,103.33,-0.00411,0.00435,2.83995,1196.3,-697.6,-73.8,-171.96,1.1,3.42,1.5,-0.0
117.958,espiral,hacia_wp,-0.5742,-0.0031,0.9227,27.64,-119.51,28.13,-120.0,35,-113,32,-122,-386.23,1459.91,103.38,-0.00569,0.00415,2.84107,1205.5,-673.5,-73.81,-171.97,1.08,3.38,1.5,-0.0
117.999,espiral,hacia_wp,-0.5748,-0.0031,0.9222,27.54,-119.51,28.03,-120.0,14,-120,15,-107,-373.52,1463.52,103.47,-0.00486,0.00426,2.84085,1205.5,-673.5,-73.86,-172.02,1.1,3.45,1.5,-0.0
118.039,espiral,hacia_wp,-0.5742,-0.0031,0.9228,27.64,-119.51,28.13,-120.0,24,-111,10,-116,-357.63,1468.24,103.37,-0.00323,0.00537,2.83832,1225.4,-634.5,-73.86,-172.02,1.1,3.45,1.5,-0.0
118.118,espiral,hacia_wp,-0.5744,-0.0031,0.9225,27.61,-119.51,28.1,-120.0,24,-116,22,-107,-326.6,1477.64,103.82,-0.00512,0.00323,2.83506,1235.1,-616.9,-73.67,-171.83,1.13,3.43,1.5,-0.0
118.159,espiral,hacia_wp,-0.5721,-0.0031,0.9248,27.96,-119.5,28.46,-120.0,20,-119,17,-118,-306.2,1482.8,103.93,-0.00519,0.00186,2.83797,1243.9,-599.1,-73.67,-171.83,1.13,3.43,1.5,-0.0
118.198,espiral,hacia_wp,-0.5694,-0.0031,0.9275,28.4,-119.51,28.89,-120.0,19,-121,24,-122,-293.31,1485.52,104.01,-0.00537,0.00197,2.83885,1243.9,-599.1,-73.78,-171.94,1.15,3.49,1.5,-0.0
118.258,espiral,hacia_wp,-0.5686,-0.003,0.9284,28.54,-119.51,29.02,-120.0,19,-121,24,-122,-266.2,1490.88,104.19,-0.00453,0.0033,2.8336,1252.8,-580.1,-73.72,-171.88,1.13,3.41,1.5,-0.0
118.319,espiral,hacia_wp,-0.5725,-0.0029,0.9247,27.95,-119.54,28.41,-120.0,29,-137,29,-115,-237.64,1496.45,104.42,-0.0043,0.00269,2.83928,1261.7,-559.2,-73.5,-171.66,1.07,3.4,1.5,-0.0
118.359,espiral,hacia_wp,-0.5742,-0.0028,0.9231,27.69,-119.56,28.13,-120.0,41,-116,29,-104,-213.97,1501.22,104.29,-0.00099,0.006,2.83927,1270.1,-536.3,-73.76,-171.92,1.05,3.43,1.5,-0.0
118.398,espiral,hacia_wp,-0.5701,-0.0027,0.9272,28.35,-119.57,28.78,-120.0,24,-129,30,-122,-199.99,1504.41,104.62,-0.00351,0.00391,2.83912,1279.2,-514.1,-73.83,-171.99,1.07,3.34,1.5,-0.0
118.458,espiral,hacia_wp,-0.5708,-0.0026,0.9266,28.26,-119.59,28.67,-120.0,24,-129,30,-122,-173.11,1510.91,104.83,-0.00261,0.0032,2.83477,1288.4,-491.6,-73.58,-171.74,1.09,3.3,1.5,-0.0
118.498,espiral,hacia_wp,-0.5753,-0.0024,0.9223,27.57,-119.62,27.95,-120.0,23,-126,27,-103,-151.03,1516.26,105.04,-0.00301,0.00159,2.83865,1297.6,-469.5,-73.54,-171.7,1.02,3.29,1.5,-0.0
118.559,espiral,hacia_wp,-0.5723,-0.0023,0.9254,28.06,-119.63,28.43,-120.0,25,-112,25,-137,-125.54,1522.17,104.91,-0.00386,0.00859,2.83616,1316.9,-428.8,-73.69,-171.85,1.07,3.3,1.5,-0.0
118.599,espiral,hacia_wp,-0.5476,-0.0021,0.8895,27.19,-114.8,27.52,-115.14,25,-112,25,-137,-112.61,1525.26,105.17,-0.00542,0.00755,2.83643,1316.9,-428.8,-73.69,-171.85,1.09,3.25,1.5,-0.0
118.659,espiral,hacia_wp,-0.5212,-0.0019,0.848,25.99,-109.39,26.29,-109.69,22,-118,21,-117,-86.61,1531.14,105.25,-0.00421,0.008,2.83757,1325.8,-408.8,-73.66,-171.82,1.08,3.29,1.5,-0.0
118.699,espiral,hacia_wp,-0.4691,-0.0014,0.765,23.56,-98.61,23.78,-98.84,25,-109,24,-96,-65.2,1536.0,105.31,-0.00291,0.00815,2.8361,1343.5,-368.7,-73.76,-171.92,1.08,3.29,1.5,-0.0
118.739,espiral,hacia_wp,-0.4678,-0.0014,0.7658,23.73,-98.57,23.95,-98.8,25,-110,27,-102,-52.39,1538.58,105.47,-0.00451,0.00813,2.83399,1343.5,-368.7,-73.67,-171.83,1.02,3.22,1.5,-0.0
118.799,espiral,hacia_wp,-0.4194,-0.0009,0.6831,21.03,-88.13,21.17,-88.28,26,-95,37,-128,-28.47,1543.47,105.44,-0.00328,0.01011,2.82694,1360.0,-329.3,-73.29,-171.45,1.05,3.19,1.5,-0.0
118.858,espiral,hacia_wp,-0.4013,-0.0007,0.6447,19.43,-83.63,19.53,-83.73,28,-90,15,-103,-2.73,1548.68,105.64,-0.00419,0.00999,2.8364,1367.5,-312.0,-73.35,-171.51,1.02,3.18,1.5,-0.0
118.899,espiral,hacia_wp,-0.3799,-0.0005,0.6138,18.67,-79.45,18.75,-79.53,19,-97,19,-85,7.11,1550.74,105.75,-0.00464,0.00968,2.83952,1374.5,-296.8,-73.74,-171.9,1.09,3.15,1.5,-0.0
118.958,espiral,hacia_wp,-0.3558,-0.0004,0.5885,18.58,-75.51,18.65,-75.58,25,-80,14,-86,24.41,1554.62,105.78,-0.00439,0.01025,2.83844,1380.6,-282.8,-73.92,-172.08,1.09,3.12,1.5,-0.0
118.999,espiral,hacia_wp,-0.3399,-0.0003,0.5623,17.77,-72.15,17.82,-72.19,14,-63,28,-73,34.62,1557.21,105.71,-0.00417,0.00971,2.83565,1385.9,-270.2,-73.75,-171.91,1.09,3.1,1.5,-0.0
119.059,espiral,hacia_wp,-0.3256,-0.0001,0.5376,16.95,-69.04,16.97,-69.06,9,-68,17,-69,51.95,1561.49,105.71,-0.00385,0.01001,2.83209,1391.4,-258.7,-73.53,-171.69,1.1,3.12,1.5,-0.0
119.098,espiral,hacia_wp,-0.3122,0.0,0.5131,16.08,-66.03,16.07,-66.02,19,-59,10,-77,61.94,1563.78,105.79,-0.00407,0.00943,2.83393,1396.7,-247.4,-73.44,-171.6,1.06,3.13,1.5,-0.0
119.158,espiral,hacia_wp,-0.2967,0.0001,0.4904,15.51,-62.98,15.49,-62.95,21,-62,20,-55,74.76,1566.35,105.9,-0.00337,0.00947,2.83846,1401.6,-236.2,-73.62,-171.78,1.06,3.12,1.5,-0.0
119.198,espiral,hacia_wp,-0.2816,0.0003,0.4663,14.8,-59.85,14.75,-59.8,16,-69,13,-67,87.43,1568.65,105.86,-0.00349,0.01001,2.83814,1406.7,-224.5,-73.84,-172.0,1.06,3.13,1.5,-0.0
119.258,espiral,hacia_wp,-0.2661,0.0004,0.4426,14.16,-56.73,14.09,-56.66,12,-63,27,-77,101.97,1571.44,106.01,-0.00401,0.00947,2.83268,1411.2,-212.7,-73.75,-171.91,1.04,3.13,1.5,-0.0
119.3,espiral,hacia_wp,-0.2527,0.0006,0.4187,13.32,-53.76,13.23,-53.67,11,-56,23,-70,111.28,1573.26,105.68,-0.00678,0.01369,2.82878,1415.8,-201.5,-73.75,-171.91,1.04,3.13,1.5,-0.0
119.34,espiral,hacia_wp,-0.2412,0.0007,0.396,12.45,-51.03,12.33,-50.92,23,-55,12,-71,117.47,1574.75,105.73,-0.00516,0.00956,2.82648,1420.4,-191.1,-73.31,-171.47,1.06,3.18,1.5,-0.0
119.421,espiral,hacia_wp,-0.2293,0.0008,0.376,11.8,-48.49,11.67,-48.36,14,-60,10,-44,133.18,1578.33,105.66,-0.00786,0.01397,2.83417,1424.7,-181.6,-73.41,-171.57,1.08,3.18,1.5,-0.0
119.459,espiral,hacia_wp,-0.2143,0.0009,0.3615,11.85,-46.13,11.71,-45.99,12,-50,2,-41,140.61,1581.65,105.67,-0.00588,0.00943,2.83722,1429.1,-173.7,-73.75,-171.91,1.12,3.22,1.5,-0.0
119.499,pausa,quieto,0.0,0.0,0.0,0,0,0,0,-4,-43,-2,-31,144.71,1583.96,105.65,-0.0063,0.00924,2.83701,1433.9,-167.1,-73.95,-172.11,1.1,3.21,,
119.532,pausa,quieto,0.0,0.0,0.0,0,0,0,0,-9,-44,-1,-43,150.9,1588.25,105.7,-0.00617,0.01015,2.83445,1439.3,-161.3,-73.95,-172.11,1.1,3.21,,
119.594,pausa,quieto,0.0,0.0,0.0,0,0,0,0,-11,-25,-10,-25,155.16,1593.09,105.75,-0.00616,0.00956,2.8322,1445.1,-157.0,-73.88,-172.04,1.12,3.23,,
119.64,pausa,quieto,0.0,0.0,0.0,0,0,0,0,-6,-16,-8,-22,156.03,1595.18,105.72,-0.00638,0.01001,2.83204,1449.2,-155.6,-73.66,-171.82,1.09,3.2,,
119.686,pausa,quieto,0.0,0.0,0.0,0,0,0,0,-16,-16,-7,-14,157.1,1598.15,105.58,-0.00594,0.01001,2.8328,1452.2,-155.7,-73.66,-171.82,1.09,3.2,,
119.732,pausa,quieto,0.0,0.0,0.0,0,0,0,0,-8,-5,-13,-14,157.85,1600.32,105.61,-0.00592,0.0097,2.83186,1455.1,-155.2,-73.7,-171.86,1.08,3.24,,
119.779,pausa,quieto,0.0,0.0,0.0,0,0,0,0,-8,-7,-6,-11,158.81,1603.05,105.59,-0.00574,0.00939,2.83154,1457.3,-154.8,-73.67,-171.83,1.07,3.24,,
119.84,pausa,quieto,0.0,0.0,0.0,0,0,0,0,-5,-2,-4,-10,159.55,1605.04,105.62,-0.0059,0.00946,2.83174,1459.0,-154.5,-73.66,-171.82,1.07,3.26,,
119.887,pausa,quieto,0.0,0.0,0.0,0,0,0,0,-4,-1,-3,-9,159.95,1606.14,105.65,-0.00616,0.0094,2.83151,1460.2,-154.3,-73.66,-171.82,1.07,3.26,,
119.958,espiral,hacia_wp,1.1882,-0.0098,0.302,118.44,71.68,120.0,70.11,13,-7,-1,-3,160.21,1606.87,105.64,-0.00581,0.00957,2.83148,1461.0,-153.8,-73.65,-171.81,1.07,3.25,0.0,0.0
119.998,espiral,hacia_wp,1.1883,-0.0098,0.3019,118.44,71.69,120.0,70.13,-4,-5,7,6,160.01,1605.69,105.69,-0.00851,0.00947,2.83097,1461.4,-153.5,-73.65,-171.81,1.07,3.25,0.0,0.0
120.059,espiral,hacia_wp,1.1872,-0.0098,0.3031,118.43,71.51,120.0,69.94,68,43,58,24,156.83,1595.68,105.78,-0.00859,0.00993,2.82954,1456.3,-152.6,-73.57,-171.73,1.26,3.17,0.0,0.0
120.098,espiral,hacia_wp,1.1885,-0.0098,0.3017,118.44,71.73,120.0,70.16,131,83,159,56,153.87,1586.73,105.84,-0.00887,0.00902,2.82871,1434.2,-148.3,-73.47,-171.63,1.24,3.26,0.0,0.0
120.158,espiral,hacia_wp,1.1873,-0.0098,0.3029,118.43,71.53,120.0,69.97,113,85,160,83,143.78,1556.81,106.14,-0.00598,0.00461,2.83458,1402.5,-144.3,-73.5,-171.66,1.28,3.35,0.0,0.0
120.199,espiral,hacia_wp,1.1859,-0.0098,0.3043,118.43,71.3,120.0,69.74,114,91,108,90,137.25,1535.19,106.01,-0.00484,0.00451,2.83921,1370.0,-143.6,-73.5,-171.66,1.28,3.35,0.0,0.0
120.259,espiral,hacia_wp,1.1855,-0.0098,0.3047,118.43,71.25,120.0,69.68,125,112,113,97,130.3,1505.17,105.94,-0.00492,0.0089,2.84426,1336.7,-144.6,-73.67,-171.83,1.26,3.36,0.0,0.0
120.299,espiral,hacia_wp,1.1889,-0.0098,0.3014,118.44,71.78,120.0,70.22,151,89,102,101,126.35,1480.46,105.82,-0.00441,0.00907,2.84348,1303.1,-143.7,-74.16,-172.32,1.17,3.3,0.0,0.0
120.359,espiral,hacia_wp,1.1921,-0.0098,0.2982,118.44,72.29,120.0,70.73,151,82,131,81,123.12,1439.43,105.48,-0.00263,0.00658,2.83696,1271.6,-140.3,-74.16,-172.32,1.17,3.3,0.0,0.0
120.399,espiral,hacia_wp,1.1909,-0.0098,0.2993,118.44,72.11,120.0,70.55,112,67,124,62,122.83,1423.38,105.49,-0.00418,0.00658,2.83441,1243.3,-134.8,-74.1,-172.26,1.14,3.27,0.0,0.0
120.459,espiral,hacia_wp,1.1881,-0.0098,0.3021,118.44,71.66,120.0,70.1,109,56,166,46,122.94,1394.22,105.53,-0.00377,0.00881,2.82994,1218.9,-129.3,-73.83,-171.99,1.11,3.17,0.0,0.0
120.519,espiral,hacia_wp,1.1862,-0.0098,0.304,118.43,71.35,120.0,69.79,105,51,126,62,122.42,1367.37,105.57,-0.00518,0.01031,2.8318,1196.9,-124.4,-73.59,-171.75,1.17,3.23,0.0,0.0
120.558,espiral,hacia_wp,1.1868,-0.0098,0.3034,118.43,71.46,120.0,69.9,103,61,102,73,120.39,1344.87,105.62,-0.00552,0.00981,2.83406,1175.6,-121.2,-73.46,-171.62,1.2,3.16,0.0,0.0
120.598,espiral,hacia_wp,1.1888,-0.0098,0.3014,118.44,71.77,120.0,70.21,117,75,133,65,118.38,1330.65,105.66,-0.00489,0.00959,2.83488,1153.8,-119.6,-73.57,-171.73,1.23,3.16,0.0,0.0
120.658,espiral,hacia_wp,1.1898,-0.0098,0.3004,118.44,71.94,120.0,70.38,117,83,115,62,113.26,1300.06,105.56,-0.00494,0.00867,2.83601,1129.8,-118.5,-73.66,-171.82,1.25,3.18,0.0,0.0
120.698,espiral,hacia_wp,1.1904,-0.0098,0.2998,118.44,72.03,120.0,70.46,119,85,113,106,109.06,1272.56,105.53,-0.00415,0.00943,2.83533,1103.3,-117.5,-73.76,-171.92,1.2,3.21,0.0,0.0
120.758,espiral,hacia_wp,1.1869,-0.0098,0.3033,118.43,71.47,120.0,69.9,116,75,134,85,104.76,1238.45,105.46,-0.00223,0.00815,2.83311,1075.1,-116.0,-73.73,-171.89,1.13,3.29,0.0,0.0
120.798,espiral,hacia_wp,1.1842,-0.0098,0.306,118.43,71.04,120.0,69.48,138,75,104,69,103.15,1221.49,105.27,-0.00106,0.00739,2.83193,1046.8,-113.5,-73.58,-171.74,1.04,3.4,0.0,0.0
120.859,espiral,hacia_wp,1.1826,-0.0098,0.3076,118.43,70.79,120.0,69.22,129,74,131,62,100.33,1183.59,104.9,-0.00062,0.00856,2.8282,1019.3,-109.7,-73.52,-171.68,0.96,3.41,0.0,0.0
120.899,espiral,hacia_wp,1.1809,-0.0098,0.3092,118.43,70.52,120.0,68.95,126,72,95,64,98.82,1163.23,104.82,-0.0011,0.00769,2.82644,1019.3,-109.7,-73.38,-171.54,0.85,3.42,0.0,0.0
120.958,espiral,hacia_wp,1.18,-0.0098,0.3101,118.43,70.38,120.0,68.81,117,59,161,62,96.75,1138.84,104.61,0.00067,0.00834,2.82526,968.9,-102.4,-73.22,-171.38,0.83,3.42,0.0,0.0
120.999,espiral,hacia_wp,1.1785,-0.0098,0.3117,118.43,70.12,120.0,68.55,116,60,133,78,94.76,1119.74,104.55,-0.00082,0.00962,2.82482,945.4,-99.4,-73.13,-171.29,0.86,3.4,0.0,0.0
121.058,espiral,hacia_wp,1.1772,-0.0098,0.313,118.43,69.93,120.0,68.35,94,67,102,69,90.67,1085.86,104.31,-0.00042,0.01044,2.82413,921.8,-97.3,-73.03,-171.19,0.83,3.37,0.0,0.0
121.098,espiral,hacia_wp,1.1769,-0.0098,0.3133,118.43,69.87,120.0,68.3,99,74,103,70,88.18,1065.8,104.22,0.00143,0.01086,2.82422,897.8,-95.8,-73.03,-171.19,0.83,3.32,0.0,0.0
121.138,espiral,hacia_wp,1.1748,-0.0098,0.3153,118.43,69.55,120.0,67.97,123,75,125,92,86.44,1050.31,104.29,0.00116,0.00833,2.82536,872.8,-93.9,-72.98,-171.14,0.87,3.3,0.0,0.0
121.218,espiral,hacia_wp,1.1745,-0.0098,0.3157,118.43,69.5,120.0,67.92,128,76,132,63,82.07,1007.62,103.99,0.00079,0.00934,2.82508,846.6,-91.6,-73.01,-171.17,0.82,3.31,0.0,0.0
121.258,espiral,hacia_wp,1.1744,-0.0098,0.3158,118.43,69.48,120.0,67.9,125,76,116,66,79.43,981.03,103.87,0.00056,0.01029,2.82303,820.2,-88.5,-73.04,-171.2,0.77,3.31,0.0,0.0
121.318,espiral,hacia_wp,1.1742,-0.0098,0.316,118.43,69.44,120.0,67.87,136,68,174,61,76.47,949.66,103.76,0.00065,0.01026,2.81889,794.2,-85.6,-73.01,-171.17,0.82,3.4,0.0,0.0
121.338,espiral,hacia_wp,1.1719,-0.0098,0.3183,118.42,69.08,120.0,67.5,127,76,106,62,75.56,939.51,103.75,0.00078,0.009,2.81799,768.7,-82.5,-72.87,-171.03,0.82,3.33,0.0,0.0
121.398,espiral,hacia_wp,1.1686,-0.0099,0.3215,118.42,68.56,120.0,66.98,97,68,133,66,72.38,909.64,103.57,-0.00076,0.01227,2.81211,768.7,-82.5,-72.66,-170.82,0.83,3.25,0.0,0.0
121.458,espiral,hacia_wp,1.1658,-0.0099,0.3243,118.42,68.11,120.0,66.53,118,78,152,56,68.9,880.45,103.58,-0.00267,0.01196,2.81198,719.8,-77.4,-72.51,-170.67,0.89,3.3,0.0,0.0
121.499,espiral,hacia_wp,1.1641,-0.0099,0.326,118.42,67.84,120.0,66.25,123,72,109,56,67.0,865.82,103.53,-0.00407,0.01297,2.81308,695.6,-75.7,-72.41,-170.57,0.99,3.28,0.0,0.0
121.558,espiral,hacia_wp,1.1629,-0.0099,0.3272,118.42,67.65,120.0,66.06,120,63,90,82,63.7,836.07,103.55,-0.00546,0.01316,2.81365,670.9,-74.0,-72.41,-170.57,1.09,3.23,0.0,0.0
121.599,espiral,hacia_wp,1.1626,-0.0099,0.3275,118.42,67.6,120.0,66.01,114,70,132,70,61.46,810.74,103.52,-0.00683,0.01503,2.81285,646.0,-71.5,-72.48,-170.64,1.19,3.25,0.0,0.0
121.659,espiral,hacia_wp,1.1619,-0.0098,0.3283,118.43,67.48,120.0,65.91,127,75,145,65,59.06,780.16,103.63,-0.00629,0.01221,2.81083,646.0,-71.5,-72.46,-170.62,1.28,3.27,0.0,0.0
121.698,espiral,hacia_wp,1.1618,-0.0097,0.3285,118.44,67.45,120.0,65.89,134,77,116,59,57.59,764.39,103.59,-0.00705,0.01491,2.81019,595.1,-64.9,-72.41,-170.57,1.33,3.31,0.0,0.0
121.758,espiral,hacia_wp,1.1603,-0.0096,0.3301,118.46,67.19,120.0,65.65,126,62,146,73,54.4,728.4,103.61,-0.00644,0.01286,2.80707,569.4,-61.6,-72.26,-170.42,1.29,3.41,0.0,0.0
121.798,espiral,hacia_wp,1.1592,-0.0095,0.3313,118.48,66.99,120.0,65.47,110,68,91,75,52.75,713.0,103.56,-0.00683,0.01258,2.80678,569.4,-61.6,-72.14,-170.3,1.28,3.4,0.0,0.0
121.838,espiral,hacia_wp,1.1589,-0.0094,0.3318,118.5,66.92,120.0,65.42,129,64,113,69,49.83,687.43,103.6,-0.006,0.012,2.80478,543.9,-58.4,-72.07,-170.23,1.29,3.47,0.0,0.0
121.918,espiral,hacia_wp,1.1165,-0.0089,0.3212,114.3,64.34,115.73,62.92,106,49,155,68,45.58,652.18,103.63,-0.00617,0.01427,2.80129,493.4,-53.7,-72.04,-170.2,1.26,3.47,0.0,0.0
121.958,espiral,hacia_wp,1.0611,-0.0084,0.3104,109.05,60.73,110.39,59.39,112,62,106,51,42.86,627.13,103.62,-0.00623,0.01373,2.79853,468.5,-51.3,-71.83,-169.99,1.24,3.38,0.0,0.0
121.999,espiral,hacia_wp,1.0065,-0.0078,0.2984,103.77,57.28,105.02,56.02,119,63,117,66,41.63,612.34,103.8,-0.00458,0.00935,2.7984,443.6,-48.9,-71.65,-169.81,1.24,3.38,0.0,0.0
122.039,espiral,hacia_wp,0.9527,-0.0073,0.2836,98.32,54.11,99.48,52.95,119,63,117,66,39.69,592.96,103.72,-0.0057,0.01521,2.79822,443.6,-48.9,-71.64,-169.8,1.24,3.28,0.0,0.0
122.118,espiral,hacia_wp,0.9008,-0.0067,0.2678,92.95,51.17,94.03,50.1,131,54,108,47,36.85,556.88,103.64,-0.0054,0.01502,2.79956,396.3,-43.5,-71.66,-169.82,1.23,3.26,0.0,0.0
122.158,espiral,hacia_wp,0.8516,-0.0061,0.2513,87.74,48.52,88.73,47.53,97,52,99,53,35.0,536.84,103.72,-0.00473,0.01574,2.79961,375.3,-40.9,-71.74,-169.9,1.24,3.32,0.0,0.0
122.198,espiral,hacia_wp,0.8067,-0.0057,0.237,83.05,46.03,83.95,45.12,87,49,73,53,33.84,525.75,103.7,-0.00583,0.01507,2.8006,355.9,-38.8,-71.76,-169.92,1.21,3.27,0.0,0.0
122.238,espiral,hacia_wp,0.7653,-0.0052,0.2245,78.77,43.68,79.6,42.84,87,49,73,53,32.21,508.21,103.88,-0.00494,0.00902,2.80037,355.9,-38.8,-71.79,-169.95,1.22,3.36,0.0,0.0
122.298,espiral,hacia_wp,0.7275,-0.0048,0.2147,75.0,41.41,75.77,40.64,78,45,81,45,30.02,488.83,103.66,-0.00393,0.01501,2.80398,338.5,-37.2,-71.74,-169.9,1.18,3.35,0.0,0.0
122.358,espiral,hacia_wp,0.6923,-0.0044,0.2042,71.37,39.4,72.08,38.69,68,40,104,39,27.64,470.14,103.8,-0.00495,0.01527,2.79815,306.7,-34.2,-71.77,-169.93,1.2,3.43,0.0,0.0
122.398,espiral,hacia_wp,0.6585,-0.0041,0.1969,68.11,37.25,68.76,36.6,71,40,66,42,27.11,461.02,104.01,-0.00462,0.00839,2.79767,306.7,-34.2,-71.64,-169.8,1.18,3.43,0.0,0.0
122.458,espiral,hacia_wp,0.6258,-0.0038,0.1881,64.81,35.31,65.42,34.71,72,31,73,36,25.67,442.88,103.95,-0.0056,0.00908,2.79764,291.6,-32.6,-71.56,-169.72,1.21,3.39,0.0,0.0
122.498,espiral,hacia_wp,0.5945,-0.0034,0.1783,61.55,33.57,62.1,33.02,72,31,73,36,24.41,428.25,103.97,-0.00479,0.00886,2.79763,276.9,-30.8,-71.58,-169.74,1.21,3.41,0.0,0.0
122.558,espiral,hacia_wp,0.5628,-0.0031,0.1687,58.28,31.77,58.77,31.28,70,38,73,34,22.76,411.98,103.97,-0.00504,0.01,2.79679,248.1,-27.6,-71.62,-169.78,1.2,3.4,0.0,0.0
122.598,espiral,hacia_wp,0.5327,-0.0027,0.1597,55.17,30.05,55.61,29.62,70,38,73,34,21.71,404.17,103.85,-0.00573,0.01533,2.79714,248.1,-27.6,-71.57,-169.73,1.22,3.35,0.0,0.0
122.658,espiral,hacia_wp,0.5041,-0.0024,0.1515,52.26,28.4,52.65,28.01,66,30,61,24,20.09,389.76,103.78,-0.00576,0.01736,2.79599,234.9,-26.3,-71.58,-169.74,1.23,3.4,0.0,0.0
122.698,espiral,hacia_wp,0.4531,-0.0019,0.136,46.97,25.52,47.28,25.22,53,27,50,28,19.02,378.84,103.87,-0.00599,0.01703,2.79582,211.1,-23.4,-71.55,-169.71,1.24,3.35,0.0,0.0
122.759,espiral,hacia_wp,0.4531,-0.0019,0.1361,46.98,25.51,47.29,25.2,46,38,54,34,18.26,368.58,103.78,-0.00619,0.01722,2.79557,211.1,-23.4,-71.53,-169.69,1.26,3.34,0.0,0.0
122.799,espiral,hacia_wp,0.409,-0.0014,0.1228,42.44,23.01,42.66,22.78,51,23,48,20,18.21,361.11,103.97,-0.00522,0.00989,2.79717,190.6,-21.1,-71.55,-169.71,1.27,3.34,0.0,0.0
122.858,espiral,hacia_wp,0.4091,-0.0014,0.1227,42.43,23.02,42.66,22.8,32,25,45,23,17.58,348.82,103.83,-0.00609,0.01778,2.79352,190.6,-21.1,-71.59,-169.75,1.27,3.32,0.0,0.0
122.898,espiral,hacia_wp,0.3901,-0.0012,0.1157,40.37,22.05,40.56,21.86,40,20,38,20,17.24,341.98,103.9,-0.00657,0.01769,2.79108,181.6,-19.7,-71.4,-169.56,1.28,3.31,0.0,0.0
122.939,espiral,hacia_wp,0.3723,-0.001,0.11,38.51,21.06,38.67,20.9,38,20,44,18,16.75,336.94,103.96,-0.00684,0.01847,2.78944,173.3,-18.1,-71.26,-169.42,1.32,3.29,0.0,0.0
122.998,espiral,hacia_wp,0.3539,-0.0008,0.1048,36.62,19.99,36.75,19.86,37,19,42,16,15.22,326.97,103.9,-0.00692,0.01799,2.79132,164.8,-16.8,-71.2,-169.36,1.3,3.28,0.0,0.0
123.058,espiral,hacia_wp,0.3343,-0.0006,0.099,34.62,18.87,34.71,18.78,34,19,35,30,13.24,315.43,103.88,-0.00614,0.01804,2.795,155.7,-15.7,-71.43,-169.59,1.32,3.32,0.0,0.0
123.098,espiral,hacia_wp,0.3156,-0.0004,0.094,32.74,17.76,32.8,17.7,44,20,38,25,12.21,309.02,103.91,-0.0065,0.01872,2.79184,147.0,-15.7,-71.5,-169.66,1.31,3.31,0.0,0.0
123.158,espiral,hacia_wp,0.2968,-0.0002,0.0899,30.92,16.57,30.96,16.54,34,24,36,19,11.68,301.23,103.94,-0.0064,0.01862,2.79215,138.4,-15.6,-71.3,-169.46,1.32,3.31,0.0,0.0
123.199,espiral,hacia_wp,0.2955,-0.0002,0.0916,30.95,16.33,30.98,16.29,41,9,39,22,11.56,295.55,103.93,-0.00629,0.01849,2.79442,130.3,-15.1,-71.43,-169.59,1.31,3.28,0.0,0.0
123.259,espiral,hacia_wp,0.2957,-0.0002,0.0907,30.9,16.42,30.93,16.39,25,18,23,12,10.81,287.15,103.93,-0.00647,0.01801,2.79425,122.8,-14.1,-71.52,-169.68,1.31,3.29,0.0,0.0
123.299,pausa,quieto,0.0,0.0,0.0,0,0,0,0,25,18,23,12,10.35,282.8,103.87,-0.00618,0.01859,2.79273,110.1,-12.3,-71.52,-169.68,1.31,3.29,,
123.329,pausa,quieto,0.0,0.0,0.0,0,0,0,0,21,16,30,14,9.89,279.62,103.9,-0.00572,0.01829,2.79162,110.1,-12.3,-71.48,-169.64,1.31,3.3,,
123.391,pausa,quieto,0.0,0.0,0.0,0,0,0,0,21,17,20,15,7.89,273.85,103.87,-0.00563,0.01938,2.79107,99.7,-12.0,-71.36,-169.52,1.29,3.31,,
123.438,pausa,quieto,0.0,0.0,0.0,0,0,0,0,17,15,16,7,6.86,271.36,103.91,-0.00584,0.01872,2.79151,99.7,-12.0,-71.32,-169.48,1.27,3.29,,
123.484,pausa,quieto,0.0,0.0,0.0,0,0,0,0,2,12,11,10,6.2,269.67,103.95,-0.00581,0.01825,2.79156,93.0,-13.4,-71.32,-169.48,1.28,3.31,,
123.531,pausa,quieto,0.0,0.0,0.0,0,0,0,0,2,11,6,16,4.84,266.36,103.89,-0.00607,0.01883,2.79125,93.0,-13.4,-71.34,-169.5,1.28,3.31,,
123.592,pausa,quieto,0.0,0.0,0.0,0,0,0,0,8,14,11,10,3.85,264.02,103.88,-0.00626,0.01836,2.79149,88.8,-14.5,-71.34,-169.5,1.29,3.32,,
123.638,pausa,quieto,0.0,0.0,0.0,0,0,0,0,8,10,10,5,3.4,262.94,103.9,-0.00628,0.01812,2.79164,88.8,-14.5,-71.35,-169.51,1.29,3.34,,
123.685,pausa,quieto,0.0,0.0,0.0,0,0,0,0,10,10,10,5,2.52,260.95,103.87,-0.00629,0.01778,2.79233,85.0,-15.3,-71.36,-169.52,1.3,3.36,,
123.739,ruido,ruido,0.0378,-0.0647,-0.0334,-1.48,14.21,2.18,-2.84,3,4,8,2,2.04,259.69,103.85,-0.00635,0.01817,2.79203,83.4,-15.3,-71.37,-169.53,1.31,3.38,,
123.818,ruido,ruido,0.0248,-0.0315,0.0167,0.41,2.77,6.24,-1.48,3,2,6,-1,1.65,258.78,103.86,-0.00632,0.01792,2.79149,82.3,-15.2,-71.38,-169.54,1.29,3.39,,
123.858,ruido,ruido,0.0851,0.0608,0.0993,13.56,-12.06,15.95,9.78,3,10,1,2,1.48,258.41,103.83,-0.00612,0.01771,2.79161,81.6,-15.5,-71.36,-169.52,1.29,3.4,,
123.899,ruido,ruido,0.0755,-0.0019,0.0554,12.22,3.65,8.72,-0.44,3,1,8,1,1.47,258.39,103.82,-0.0062,0.01773,2.79133,81.2,-15.6,-71.36,-169.52,1.29,3.4,,
123.958,ruido,ruido,0.0322,-0.0118,0.1271,12.22,-6.22,13.26,-8.96,0,-2,7,1,1.4,258.2,103.81,-0.00609,0.01745,2.79153,81.2,-15.6,-71.37,-169.53,1.29,3.4,,
124.019,ruido,ruido,-0.0045,-0.0499,0.2533,14.69,-17.86,25.12,-23.39,-4,5,0,9,1.42,258.22,103.81,-0.0061,0.01753,2.79111,81.1,-15.9,-71.35,-169.51,1.29,3.4,,
124.059,ruido,ruido,-0.0179,-0.1709,0.2798,4.61,-12.81,37.3,-34.81,-5,-2,0,-1,1.55,258.12,103.82,-0.00618,0.01726,2.78992,81.1,-16.1,-71.34,-169.5,1.29,3.41,,
124.099,ruido,ruido,-0.1093,-0.1686,0.3075,4.89,-17.34,26.82,-49.35,0,0,5,-16,1.88,257.83,103.8,-0.00589,0.01725,2.78621,81.0,-15.7,-71.34,-169.5,1.29,3.41,,
124.159,ruido,ruido,-0.0754,-0.2384,0.3242,8.82,-4.91,31.0,-59.02,-6,6,38,-33,4.1,257.08,103.8,-0.00481,0.01764,2.75871,80.9,-13.9,-71.23,-169.39,1.29,3.43,,
124.218,ruido,ruido,-0.0588,-0.1892,0.3821,17.73,-13.13,34.01,-57.41,-14,2,57,-42,8.88,256.2,103.74,-0.00361,0.01393,2.70476,80.7,-8.6,-68.91,-167.07,1.12,3.44,,
124.259,ruido,ruido,-0.0046,-0.2222,0.2435,4.79,1.38,33.43,-41.08,-19,9,44,-70,14.08,254.28,103.8,-0.00328,0.01473,2.65661,80.4,-1.1,-68.91,-167.07,1.12,3.44,,
124.299,ruido,ruido,0.0229,-0.2458,0.2635,-1.41,-4.25,47.23,-34.25,-7,-14,37,-64,17.93,252.66,103.76,-0.00185,0.01625,2.63789,78.9,7.2,-66.19,-164.35,0.94,3.53,,
124.358,ruido,ruido,-0.0165,-0.3049,0.2233,-14.08,-1.02,47.16,-37.34,-1,-7,32,-62,24.54,250.7,103.84,-0.0017,0.01733,2.60534,77.4,14.1,-63.49,-161.65,0.77,3.55,,
124.398,ruido,ruido,0.0412,-0.3145,0.2108,-4.19,12.4,44.52,-39.54,-11,-3,37,-36,28.24,249.34,103.78,-0.00117,0.01815,2.57626,76.9,19.4,-61.91,-160.07,0.59,3.57,,
124.458,ruido,ruido,0.1386,-0.3319,0.2319,1.89,17.9,57.39,-32.81,-20,8,34,-51,30.51,247.5,103.79,-0.0004,0.01741,2.539,76.1,23.3,-60.32,-158.48,0.52,3.57,,
124.498,ruido,ruido,0.1288,-0.4408,0.1717,-12.36,30.69,60.45,-37.55,-10,13,50,-37,31.31,246.05,103.78,-0.00039,0.01638,2.52039,75.0,25.9,-58.58,-156.74,0.42,3.55,,
124.558,ruido,ruido,0.1326,-0.4275,0.2169,2.85,36.53,53.07,-50.03,-3,22,49,-33,32.36,242.11,103.95,-0.0,0.0154,2.47784,72.2,28.4,-56.81,-154.97,0.27,3.57,,
124.599,ruido,ruido,0.1458,-0.2785,0.2498,17.21,21.79,46.09,-38.43,-5,28,59,-48,32.25,237.16,103.96,0.00075,0.01517,2.43433,68.0,30.3,-54.97,-153.13,0.15,3.59,,
124.658,ruido,ruido,0.2058,-0.2832,0.211,21.64,33.19,45.05,-34.03,2,38,74,-31,31.63,229.32,103.76,0.00046,0.01845,2.36897,62.1,32.6,-52.9,-151.06,0.03,3.54,,
124.699,ruido,ruido,0.1406,-0.2693,0.2036,24.79,35.3,30.27,-45.38,14,32,63,-40,31.35,225.33,103.83,0.00114,0.01878,2.34601,54.6,34.8,-50.16,-148.32,-0.15,3.52,,
124.758,ruido,ruido,0.055,-0.3308,0.2368,13.67,28.72,33.0,-57.81,20,22,59,-23,30.58,216.54,103.85,0.00145,0.0184,2.31363,47.7,35.8,-47.24,-145.4,-0.34,3.52,,
124.818,ruido,ruido,-0.0396,-0.4034,0.2772,-1.65,18.54,39.66,-69.23,15,22,35,-14,29.01,210.53,103.95,0.00041,0.01835,2.28683,41.8,35.9,-45.43,-143.59,-0.47,3.45,,
124.858,ruido,ruido,0.0352,-0.3748,0.1889,-0.73,29.02,36.58,-53.61,2,17,39,-65,28.1,207.96,103.9,0.00115,0.01737,2.26698,36.8,35.8,-44.22,-142.38,-0.55,3.44,,
124.898,ruido,ruido,-0.0046,-0.4897,0.206,-14.38,31.01,46.6,-64.71,-10,28,32,-85,27.86,206.27,103.87,0.00101,0.01654,2.24113,33.8,38.4,-41.6,-139.76,-0.71,3.32,,
124.958,ruido,ruido,0.0615,-0.5817,0.1587,-23.7,43.97,58.94,-59.53,-15,26,33,-41,28.66,205.25,103.74,0.00316,0.01756,2.19295,32.3,43.7,-41.6,-139.76,-0.71,3.32,,
124.999,ruido,ruido,0.1127,-0.5815,0.0638,-31.24,51.59,59.49,-43.77,-15,26,33,-41,29.68,204.62,103.79,0.00498,0.01859,2.14894,32.3,43.7,-37.26,-135.42,-0.91,3.31,,
125.058,ruido,ruido,0.0821,-0.7228,0.035,-45.19,64.87,63.92,-57.32,-37,56,65,-64,30.61,203.61,103.71,0.00689,0.01866,2.0828,31.4,48.1,-37.26,-135.42,-0.91,3.31,,
125.119,ruido,ruido,0.0353,-0.6922,-0.0017,-45.4,65.63,50.77,-59.71,-47,47,53,-65,30.53,201.93,103.69,0.00819,0.01783,2.00182,27.4,55.6,-30.02,-128.18,-1.34,3.12,,
125.159,ruido,ruido,0.0028,-0.6625,-0.0675,-46.34,70.47,35.98,-59.22,-34,73,63,-50,28.99,200.19,103.66,0.00894,0.01973,1.93193,24.8,56.1,-30.02,-128.18,-1.34,3.12,,
125.199,ruido,ruido,0.1337,-0.6331,-0.0377,-34.79,72.54,50.15,-45.11,-34,73,63,-50,27.31,199.63,103.5,0.01066,0.01875,1.87697,24.8,56.1,-26.18,-124.34,-1.58,3.04,,
125.239,ruido,ruido,0.0584,-0.6045,-0.0024,-33.5,63.6,42.46,-53.86,-39,39,53,-69,25.75,199.99,103.54,0.00909,0.01772,1.83815,21.4,54.3,-22.25,-120.41,-1.78,2.9,,
125.298,ruido,ruido,0.0639,-0.6187,-0.0374,-28.48,76.49,32.72,-60.28,-35,91,56,-34,22.84,201.59,103.71,0.0129,0.01564,1.76262,19.6,49.1,-14.6,-112.76,-2.13,2.52,,
125.358,ruido,ruido,0.0585,-0.651,0.0444,-27.92,69.15,44.37,-66.9,-39,68,39,-47,20.0,204.69,103.78,0.01466,0.01331,1.68863,19.6,49.1,-11.28,-109.44,-2.29,2.38,,
125.399,ruido,ruido,0.0808,-0.7174,0.0999,-22.32,76.48,51.24,-79.54,-39,68,39,-47,19.03,207.13,104.34,0.00623,0.00546,1.64935,20.8,45.0,-8.23,-106.39,-2.4,2.22,,
125.459,ruido,ruido,0.0994,-0.6979,-0.0037,-23.2,89.06,38.52,-72.56,-21,60,45,-97,17.49,209.37,104.39,0.00779,0.00971,1.58208,22.6,42.2,-4.97,-103.13,-2.54,2.02,,
125.499,ruido,ruido,0.104,-0.6721,-0.0877,-29.61,91.96,32.22,-61.29,-30,74,42,-78,16.53,210.26,104.28,0.01054,0.00894,1.52538,22.0,39.6,-1.29,-99.45,-2.68,1.9,,
125.558,ruido,ruido,0.0843,-0.557,-0.0218,-13.58,79.02,23.59,-62.03,-28,103,42,-75,15.26,212.41,104.32,0.01372,0.00781,1.43283,19.7,38.6,2.7,-95.46,-2.83,1.64,,
125.599,ruido,ruido,0.0954,-0.5521,0.0179,2.06,87.53,16.07,-75.13,-28,103,42,-75,14.98,213.57,104.47,0.00968,0.00636,1.3849,19.7,38.6,6.35,-91.81,-2.96,1.45,,
125.639,ruido,ruido,0.1156,-0.4557,-0.0342,12.58,90.97,0.44,-67.0,-24,66,23,-51,14.99,214.81,105.05,0.00232,0.00539,1.35434,19.0,36.2,6.35,-91.81,-2.96,1.45,,
125.698,ruido,ruido,0.1282,-0.3754,-0.0035,18.77,79.38,1.19,-58.31,-24,66,23,-51,15.36,216.89,104.94,0.00402,0.00465,1.27055,19.8,33.9,13.1,-85.06,-3.13,0.95,,
125.759,ruido,ruido,0.06,-0.3082,-0.0114,12.67,63.81,-4.9,-52.38,5,81,16,-67,15.7,218.68,104.75,0.00627,0.00241,1.20708,22.9,30.9,16.47,-81.69,-3.19,0.79,,
125.799,ruido,ruido,0.0088,-0.3377,-0.0341,4.03,63.52,-8.08,-56.65,23,56,30,-37,15.49,219.26,104.61,0.0001,0.00679,1.17593,22.9,30.9,19.38,-78.78,-3.24,0.55,,
125.838,ruido,ruido,-0.0556,-0.2435,-0.0711,-2.6,47.74,-17.68,-45.27,23,56,30,-37,15.24,220.54,103.93,0.01326,0.00587,1.12611,23.7,27.5,22.06,-76.1,-3.28,0.34,,
125.918,ruido,ruido,-0.0801,-0.2711,-0.203,-15.88,59.97,-29.42,-40.31,-27,49,4,-64,15.29,222.82,104.13,0.0101,0.0042,1.07277,23.2,18.8,24.51,-73.65,-3.28,0.2,,
125.959,ruido,ruido,-0.0887,-0.1864,-0.2277,-7.3,58.97,-43.32,-36.71,-27,49,4,-64,15.33,222.83,104.38,0.01084,0.00341,1.05087,23.2,18.8,26.73,-71.43,-3.34,0.04,,
125.999,ruido,ruido,-0.0548,-0.2262,-0.2023,-10.24,58.32,-30.89,-34.72,-16,63,-42,-50,15.56,222.51,104.41,0.00649,0.00271,1.04152,23.7,18.7,28.0,-70.16,-3.3,-0.09,,
126.059,ruido,ruido,-0.0308,-0.2292,-0.106,0.71,54.35,-22.6,-42.3,-37,39,-16,-39,17.23,220.85,104.47,0.00987,0.00102,1.0095,29.0,24.7,29.01,-69.15,-3.32,-0.14,,
126.118,ruido,ruido,-0.0241,-0.2613,-0.1204,-2.82,58.26,-20.3,-42.83,-33,57,-19,-35,21.38,219.61,104.5,0.00909,-0.00052,0.98107,31.3,30.3,30.64,-67.52,-3.31,-0.28,,
126.159,ruido,ruido,0.0532,-0.1871,-0.179,11.44,70.01,-31.56,-32.86,-37,43,-39,-32,25.69,218.04,104.58,0.00785,-0.00045,0.96215,34.6,35.6,31.97,-66.19,-3.31,-0.36,,
126.198,ruido,ruido,0.0509,-0.0791,-0.1749,21.99,62.63,-41.82,-26.5,-37,43,-39,-32,28.43,216.79,104.6,0.00709,-0.0009,0.95157,34.6,35.6,33.06,-65.1,-3.3,-0.43,,
126.259,ruido,ruido,-0.0625,-0.0918,-0.2295,6.05,57.46,-52.78,-30.75,-18,57,-16,-34,35.6,213.84,104.56,0.00893,-0.00114,0.92845,39.2,41.3,34.11,-64.05,-3.3,-0.48,,
126.298,ruido,ruido,-0.0682,-0.0773,-0.3098,-3.07,58.88,-57.42,-20.22,-7,75,-36,-21,39.93,211.9,104.69,0.00721,-0.0006,0.92063,43.2,45.7,34.97,-63.19,-3.28,-0.52,,
126.36,ruido,ruido,-0.0567,0.0594,-0.32,9.72,51.41,-69.99,-9.29,-20,75,-66,-28,45.19,209.11,104.71,0.00725,-0.00162,0.91207,52.4,55.0,35.59,-62.57,-3.29,-0.56,,
126.418,ruido,ruido,-0.1152,0.0236,-0.3033,8.59,53.35,-75.56,-23.26,-30,51,-50,-29,51.94,205.44,104.81,0.00695,-0.00069,0.90481,52.4,55.0,35.99,-62.17,-3.31,-0.59,,
126.459,ruido,ruido,-0.1242,0.0611,-0.2504,23.32,53.62,-83.27,-33.42,-22,51,-54,-10,58.04,203.09,104.7,0.00873,-0.00138,0.91554,63.0,68.8,36.27,-61.89,-3.28,-0.56,,
126.498,ruido,ruido,-0.1947,0.0593,-0.2519,19.67,50.48,-91.13,-41.34,-22,51,-54,-10,61.76,201.82,104.8,0.00634,-0.00016,0.92708,63.0,68.8,35.6,-62.56,-3.29,-0.51,,
126.559,ruido,ruido,-0.2476,-0.062,-0.2431,6.03,54.85,-84.54,-55.57,-17,31,-83,3,69.03,199.36,104.74,0.00525,-0.00057,0.95198,70.6,76.4,34.45,-63.71,-3.32,-0.4,,
126.618,ruido,ruido,-0.2069,-0.0223,-0.257,9.93,54.63,-84.16,-46.6,-15,51,-86,-53,76.81,196.81,104.71,0.00549,-0.00099,0.96958,78.7,84.1,33.26,-64.9,-3.34,-0.29,,
126.66,ruido,ruido,-0.204,0.0619,-0.2018,18.37,40.76,-83.3,-41.11,-16,65,-71,-52,84.08,194.42,104.7,0.00721,-0.00164,0.97402,90.1,97.4,32.5,-65.66,-3.39,-0.25,,
126.698,ruido,ruido,-0.1837,0.0081,-0.2861,10.86,55.34,-86.03,-38.95,-32,49,-81,-41,88.68,192.59,104.77,0.00542,-0.00136,0.97479,90.1,97.4,32.22,-65.94,-3.39,-0.24,,
126.758,ruido,ruido,-0.1823,0.0261,-0.3506,-2.16,49.76,-83.1,-22.83,-32,49,-81,-41,98.17,188.74,104.71,0.00712,-0.00251,0.97903,92.6,106.7,32.08,-66.08,-3.42,-0.28,,
126.818,ruido,ruido,-0.1877,-0.0256,-0.3117,-7.31,46.65,-72.59,-26.82,-13,56,-71,-26,107.69,184.27,104.95,0.00133,-0.00222,0.97854,95.6,116.1,31.93,-66.23,-3.44,-0.24,,
126.859,ruido,ruido,-0.1962,0.0188,-0.2405,7.23,42.7,-77.1,-35.62,-35,43,-53,-38,115.73,180.14,104.74,0.00681,-0.0033,0.97986,102.7,134.6,31.99,-66.17,-3.48,-0.31,,
126.898,ruido,ruido,-0.2049,0.0058,-0.2563,15.09,55.17,-88.89,-46.96,-35,43,-53,-38,120.69,177.63,104.9,0.00167,-0.00142,0.97926,102.7,134.6,31.9,-66.26,-3.45,-0.3,,
126.959,ruido,ruido,-0.2114,-0.0889,-0.3184,2.94,68.09,-87.69,-50.98,-36,54,-70,-30,130.97,173.5,105.05,0.00205,-0.00218,0.97632,107.2,143.2,31.92,-66.24,-3.44,-0.32,,
126.999,ruido,ruido,-0.2095,-0.0684,-0.3822,-4.99,67.1,-89.69,-39.47,-15,66,-70,-24,139.76,170.17,105.12,0.0041,-0.00407,0.97576,116.8,160.4,32.11,-66.05,-3.49,-0.37,,
127.059,ruido,ruido,-0.2161,-0.1129,-0.3868,-17.26,62.68,-79.19,-35.37,-24,53,-70,-43,148.97,166.3,105.27,0.00124,-0.00299,0.97515,122.0,169.0,32.17,-65.99,-3.52,-0.36,,
127.098,ruido,ruido,-0.374,-0.1192,-0.3776,-30.57,48.91,-89.68,-48.33,-24,53,-70,-43,156.57,163.13,105.17,0.00483,-0.00443,0.97525,128.3,178.8,32.14,-66.02,-3.51,-0.4,,
127.158,ruido,ruido,-0.2697,-0.169,-0.337,-20.75,60.2,-76.32,-49.44,-46,63,-77,-46,169.64,156.69,105.25,0.00155,-0.00391,0.97271,128.3,178.8,32.19,-65.97,-3.53,-0.39,,
127.198,ruido,ruido,-0.4183,-0.1618,-0.3328,-30.33,48.8,-89.84,-62.47,-32,40,-68,-30,176.92,152.5,105.32,0.00027,-0.00446,0.97207,140.0,198.7,32.19,-65.97,-3.53,-0.39,,
127.258,ruido,ruido,-0.3836,-0.1495,-0.3328,-27.88,49.27,-86.74,-57.4,-26,53,-76,-54,186.05,147.16,105.52,-0.00396,-0.00346,0.97192,140.0,198.7,32.37,-65.79,-3.57,-0.46,,
127.299,ruido,ruido,-0.4377,-0.1681,-0.2855,-28.96,43.61,-86.75,-67.97,-27,69,-64,-65,193.61,142.91,105.4,0.00135,-0.00483,0.9707,148.1,218.1,32.36,-65.8,-3.6,-0.38,,
127.358,ruido,ruido,-0.5246,-0.1912,-0.2799,-37.97,37.41,-90.75,-76.55,-24,39,-79,-56,207.46,135.51,105.34,0.00357,-0.00681,0.97581,151.8,228.6,32.23,-65.93,-3.63,-0.4,,
127.399,ruido,ruido,-0.4539,-0.175,-0.2141,-30.02,32.23,-76.87,-70.6,-20,60,-77,-57,215.63,131.63,105.46,0.00676,-0.00727,0.98273,154.3,239.1,32.04,-66.12,-3.67,-0.35,,
127.458,ruido,ruido,-0.4584,-0.1644,-0.2286,-40.87,22.01,-69.06,-58.78,-36,29,-116,-83,226.16,126.03,105.64,0.00313,-0.00572,0.98725,156.7,250.0,31.69,-66.47,-3.67,-0.27,,
127.499,ruido,ruido,-0.5013,-0.058,-0.2095,-35.59,7.21,-78.13,-53.89,-32,23,-79,-85,234.83,121.73,105.64,0.00378,-0.00658,0.99016,156.5,262.1,31.44,-66.72,-3.69,-0.19,,
127.558,ruido,ruido,-0.5455,-0.117,-0.2264,-46.78,8.16,-76.72,-59.21,-45,29,-78,-63,250.19,113.45,105.65,-0.00017,-0.00777,0.99345,156.7,272.9,31.32,-66.84,-3.72,-0.19,,
127.598,ruido,ruido,-0.4886,-0.1478,-0.2614,-48.3,17.18,-71.7,-53.52,-45,-1,-58,-78,258.68,107.68,105.87,0.00117,-0.00627,1.00277,155.9,284.2,31.05,-67.11,-3.75,-0.09,,
127.639,ruido,ruido,-0.5597,-0.1638,-0.3214,-56.24,21.4,-84.74,-59.52,-36,-27,-66,-55,265.31,103.39,105.89,-0.00172,-0.00602,1.01085,153.1,296.9,30.39,-67.77,-3.79,-0.04,,
127.699,ruido,ruido,-0.6876,-0.1617,-0.3005,-62.26,11.71,-95.84,-73.63,-42,-41,-74,-63,281.72,93.52,105.99,0.00187,-0.00703,1.02283,149.2,310.4,29.69,-68.47,-3.82,0.03,,
127.758,ruido,ruido,-0.6215,-0.1634,-0.2359,-46.4,17.48,-90.77,-79.17,-47,26,-72,-70,297.24,84.84,105.66,0.00999,-0.00782,1.02623,147.8,323.0,29.3,-68.86,-3.87,0.1,,
127.799,ruido,ruido,-0.5825,-0.0913,-0.1543,-36.06,3.24,-81.84,-71.75,-69,-39,-93,-81,306.0,80.35,105.79,0.01136,-0.00749,1.03364,146.2,337.4,29.12,-69.04,-3.87,0.12,,
127.839,ruido,ruido,-0.5899,-0.0839,-0.1775,-41.42,0.41,-81.36,-66.39,-55,8,-118,-93,318.21,73.98,105.8,0.01073,-0.00629,1.04541,143.5,354.8,29.12,-69.04,-3.87,0.12,,
127.919,ruido,ruido,-0.5463,-0.099,-0.1462,-28.65,10.58,-82.15,-74.6,-55,32,-110,-81,342.34,60.76,106.02,0.01139,-0.00415,1.07477,144.1,371.8,27.24,-70.92,-3.86,0.29,,
127.958,ruido,ruido,-0.4889,-0.1335,-0.2444,-37.05,23.42,-80.29,-62.54,-32,-49,-77,-81,356.86,52.0,106.13,0.01184,-0.0045,1.09214,142.0,386.9,26.13,-72.03,-3.83,0.3,,
127.999,ruido,ruido,-0.4844,-0.082,-0.3012,-39.59,21.73,-86.11,-51.03,-45,-61,-75,-72,365.66,46.66,105.78,0.01802,0.00067,1.10137,138.2,401.3,25.1,-73.06,-3.85,0.41,,
128.058,ruido,ruido,-0.3916,-0.1375,-0.2366,-27.8,32.05,-72.71,-56.86,-32,26,-75,-73,382.33,37.1,106.38,0.01337,-0.00167,1.12832,134.5,414.3,24.14,-74.02,-3.85,0.46,,
128.098,ruido,ruido,-0.2807,-0.1209,-0.2179,-22.85,31.36,-56.93,-41.42,-32,14,-56,-65,396.57,29.69,107.58,0.00559,-0.00793,1.14119,134.7,425.9,23.41,-74.75,-3.85,0.5,,
128.159,ruido,ruido,-0.3363,-0.1809,-0.2333,-34.79,31.48,-56.35,-47.96,-46,63,-81,-62,412.04,20.27,107.68,0.00765,-0.00654,1.15527,136.9,436.3,22.79,-75.37,-3.84,0.56,,
128.198,ruido,ruido,-0.3626,-0.1337,-0.1937,-18.92,33.47,-70.1,-60.5,-8,25,-60,-38,419.37,15.87,107.84,0.00707,-0.00614,1.16288,140.3,443.9,22.16,-76.0,-3.83,0.56,,
128.258,ruido,ruido,-0.3443,-0.1953,-0.2764,-27.43,48.04,-71.89,-58.91,-24,8,-65,-44,433.02,8.21,108.2,0.00394,-0.00642,1.16782,142.7,450.4,22.16,-76.0,-3.83,0.56,,
128.32,ruido,ruido,-0.2725,-0.2324,-0.3239,-34.38,54.64,-61.05,-46.41,-35,47,-51,-47,446.11,2.61,108.39,0.00514,-0.00546,1.16754,144.3,457.3,21.42,-76.74,-3.79,0.61,,
128.358,ruido,ruido,-0.2505,-0.1721,-0.3151,-25.24,52.71,-65.26,-42.39,-25,43,-46,-59,456.65,-0.69,108.69,0.00399,-0.00315,1.16068,148.6,464.4,21.48,-76.68,-3.81,0.62,,
128.398,ruido,ruido,-0.2738,-0.1645,-0.3901,-30.04,58.71,-76.19,-40.1,-36,41,-61,-51,462.55,-2.47,108.62,0.00668,-0.00363,1.15647,153.1,471.6,21.48,-76.68,-3.81,0.62,,
128.441,ruido,ruido,-0.3059,-0.1656,-0.4452,-35.75,61.98,-84.43,-39.68,-26,43,-90,-29,471.62,-5.52,108.94,0.00473,-0.00513,1.15242,159.0,478.4,21.91,-76.25,-3.7,0.63,,
128.518,ruido,ruido,-0.3557,-0.2309,-0.4221,-48.27,56.2,-76.17,-45.59,-31,69,-58,-51,483.32,-9.26,108.79,0.0074,-0.00503,1.1586,165.3,485.5,22.31,-75.85,-3.77,0.63,,
128.558,ruido,ruido,-0.3684,-0.3248,-0.4497,-60.02,63.89,-70.87,-50.88,-25,68,-82,-41,491.74,-12.05,108.98,0.00623,-0.00552,1.16437,173.0,491.4,22.31,-75.85,-3.77,0.63,,
128.598,ruido,ruido,-0.3521,-0.3299,-0.475,-56.26,72.53,-76.08,-52.87,-34,44,-73,-49,496.99,-13.49,108.9,0.00752,-0.00553,1.16184,181.9,498.8,21.98,-76.18,-3.78,0.66,,
128.658,ruido,ruido,-0.3429,-0.3662,-0.4935,-63.1,74.45,-70.73,-50.35,-54,18,-50,-47,508.7,-14.69,109.06,0.00801,-0.005,1.13749,187.6,508.3,21.69,-76.47,-3.81,0.66,,
128.698,ruido,ruido,-0.2151,-0.3743,-0.5344,-58.7,86.69,-61.23,-35.61,-85,163,-82,-55,518.87,-15.73,108.87,-0.00433,-0.00041,1.09961,192.7,519.0,22.15,-76.01,-3.76,0.65,,
128.759,ruido,ruido,-0.2662,-0.4191,-0.4028,-61.5,70.01,-45.54,-48.15,-88,49,-74,-60,530.66,-17.63,108.28,0.01473,0.00042,1.05376,201.7,529.1,25.72,-72.44,-3.77,0.49,,
128.798,ruido,ruido,-0.2573,-0.4714,-0.3432,-61.73,68.61,-34.36,-54.87,-69,118,-61,-44,536.63,-18.05,108.66,0.00972,-0.00306,1.0452,210.0,539.5,27.3,-70.86,-3.78,0.35,,
128.858,ruido,ruido,-0.158,-0.3811,-0.3542,-46.25,71.41,-35.72,-40.02,-42,64,-38,-50,548.08,-20.16,108.82,0.00966,-0.00397,1.02916,219.1,547.5,27.3,-70.86,-3.78,0.35,,
128.899,ruido,ruido,-0.1266,-0.3744,-0.3185,-45.83,65.04,-25.4,-34.34,-61,43,-45,-45,557.65,-22.46,109.12,0.01026,-0.00659,1.01322,226.0,554.6,28.29,-69.87,-3.81,0.31,,
128.958,ruido,ruido,-0.1488,-0.4103,-0.1906,-42.6,53.54,-11.69,-46.86,-49,65,-33,-46,566.61,-25.2,109.17,0.01015,-0.00573,0.99426,231.1,561.3,30.22,-67.94,-3.8,0.17,,
128.998,ruido,ruido,-0.0615,-0.4266,-0.1284,-30.38,58.43,-0.02,-47.73,-46,71,-37,-43,575.0,-28.19,109.38,0.00944,-0.00704,0.97921,236.1,567.5,31.22,-66.94,-3.78,0.12,,
129.058,ruido,ruido,-0.0585,-0.4521,-0.1406,-39.61,55.23,7.76,-42.09,-37,34,-19,-47,584.1,-31.24,110.1,-0.00251,-0.00515,0.95399,240.7,572.3,31.22,-66.94,-3.78,0.12,,
129.098,ruido,ruido,-0.0649,-0.4227,-0.1805,-49.54,46.96,10.29,-28.47,-52,63,-2,-54,587.47,-32.82,110.35,-0.00622,-0.00702,0.93164,243.4,576.3,32.21,-65.95,-3.78,0.02,,
129.159,ruido,ruido,-0.1076,-0.3716,-0.0514,-35.88,31.81,10.44,-40.8,-37,55,22,-50,592.04,-34.94,109.95,0.00247,-0.0087,0.88286,245.5,578.3,33.63,-64.53,-3.79,-0.04,,
129.218,ruido,ruido,0.0436,-0.3736,-0.0699,-25.31,45.66,21.09,-27.5,-54,42,22,-46,595.05,-35.28,110.0,0.00592,-0.0097,0.83184,246.4,578.4,38.25,-59.91,-3.73,-0.35,,
129.258,ruido,ruido,0.0425,-0.362,-0.0926,-32.57,40.17,24.55,-18.56,-34,28,24,-31,596.28,-34.87,109.99,0.00491,-0.00955,0.80008,247.2,578.9,38.25,-59.91,-3.73,-0.35,,
129.299,ruido,ruido,-0.0255,-0.3907,-0.0409,-41.54,27.52,30.92,-25.05,-16,39,24,-26,596.49,-34.1,109.98,0.00592,-0.01028,0.78165,248.7,578.8,40.63,-57.53,-3.72,-0.56,,
129.358,ruido,ruido,-0.0524,-0.3026,-0.019,-33.29,18.17,21.86,-23.51,-24,48,31,-18,596.1,-31.26,109.97,0.00537,-0.0098,0.73657,251.2,577.7,42.5,-55.66,-3.7,-0.68,,
129.398,ruido,ruido,-0.0404,-0.159,-0.0232,-18.96,10.2,8.78,-12.95,-21,47,32,-24,595.45,-28.37,109.59,0.01077,-0.01589,0.69067,253.8,576.0,44.4,-53.76,-3.69,-0.81,,
129.458,ruido,ruido,-0.0807,-0.2234,-0.085,-27.99,21.36,1.48,-20.66,-28,31,26,-17,595.73,-26.13,109.56,0.00979,-0.01598,0.65641,255.3,574.9,46.78,-51.38,-3.65,-1.0,,
129.499,ruido,ruido,-0.0388,-0.1329,-0.0202,-13.47,11.02,4.03,-14.0,-9,9,17,-10,595.75,-26.1,109.59,0.00959,-0.01593,0.64971,256.7,575.3,49.2,-48.96,-3.68,-1.19,,
129.558,ruido,ruido,-0.0097,-0.0728,0.0402,-1.34,3.87,6.22,-11.86,-18,8,12,-21,595.66,-27.24,109.5,0.01043,-0.01659,0.63011,257.3,576.2,50.63,-47.53,-3.65,-1.28,,
129.598,ruido,ruido,-0.1091,-0.0344,0.1006,1.9,-8.7,-3.26,-24.87,-12,7,11,-18,595.91,-29.22,109.58,0.01002,-0.01655,0.6174,255.6,576.9,51.29,-46.87,-3.62,-1.32,,
129.658,ruido,ruido,-0.1698,-0.0304,0.0859,-0.58,-9.46,-12.85,-31.45,-5,-3,0,-18,596.95,-31.36,109.54,0.01041,-0.01725,0.61431,253.6,577.7,52.32,-45.84,-3.59,-1.4,,
129.699,ruido,ruido,-0.198,-0.092,0.1262,-12.86,-18.34,1.37,-33.54,-10,-8,-9,-14,597.64,-32.47,109.53,0.01002,-0.01729,0.61438,252.6,579.4,52.87,-45.29,-3.57,-1.43,,
129.759,ruido,ruido,-0.3304,-0.1131,0.0875,-26.91,-22.81,-11.95,-44.05,-11,-9,-9,-15,599.14,-35.26,109.56,0.00963,-0.0177,0.61198,251.1,581.3,52.94,-45.22,-3.58,-1.43,,
129.799,ruido,ruido,-0.1718,-0.0871,0.1061,-12.02,-15.06,1.52,-29.4,-15,-14,1,-34,600.28,-38.79,109.6,0.00989,-0.0184,0.60021,248.3,583.3,52.95,-45.21,-3.61,-1.45,,
129.858,ruido,ruido,-0.1503,-0.2025,0.088,-19.89,-1.58,9.92,-36.56,-23,-7,9,-49,601.4,-44.22,109.68,0.01,-0.01887,0.57674,243.2,584.8,53.22,-44.94,-3.62,-1.48,,
129.898,ruido,ruido,-0.114,-0.2442,0.1069,-13.15,8.82,12.01,-44.15,-27,-11,3,-48,601.84,-49.18,109.81,0.01175,-0.01854,0.56012,235.9,586.2,54.14,-44.02,-3.59,-1.53,,
129.958,ruido,ruido,-0.1225,-0.2567,0.1645,-20.42,-5.68,27.14,-40.26,-31,-19,5,-57,602.73,-57.41,109.92,0.0101,-0.01802,0.53339,228.9,587.9,55.51,-42.65,-3.55,-1.66,,
129.998,ruido,ruido,-0.0805,-0.2231,0.2192,-9.97,-9.36,32.18,-38.59,-21,-16,0,-29,603.03,-60.02,109.93,0.01191,-0.01916,0.52869,223.1,589.5,56.59,-41.57,-3.52,-1.73,,
130.038,ruido,ruido,-0.101,-0.2128,0.1601,-6.78,1.66,16.23,-43.43,-19,-16,9,-37,602.41,-64.15,109.91,0.01068,-0.01868,0.50964,223.1,589.5,57.57,-40.59,-3.49,-1.76,,
130.118,ruido,ruido,-0.1387,-0.2428,0.2416,-13.05,-12.87,29.53,-47.98,-20,5,28,-44,600.4,-68.47,109.78,0.01105,-0.0216,0.46111,214.3,590.2,58.29,-39.87,-3.47,-1.78,,
130.158,ruido,ruido,-0.2048,-0.2326,0.2261,-22.86,-21.82,26.25,-47.13,-23,4,36,-61,598.27,-70.88,109.78,0.01036,-0.0232,0.42994,209.7,588.0,59.73,-38.43,-3.4,-1.86,,
130.199,ruido,ruido,-0.1003,-0.2063,0.2446,-15.57,-21.69,38.65,-33.49,-8,0,26,-38,596.51,-72.36,109.71,0.00956,-0.0235,0.41325,205.7,585.7,61.68,-36.48,-3.32,-2.02,,
130.258,ruido,ruido,-0.1619,-0.3038,0.2805,-28.63,-24.9,47.61,-45.88,-7,-7,25,-50,592.58,-76.44,109.72,0.0076,-0.02414,0.38664,205.7,585.7,63.44,-34.72,-3.3,-2.16,,
130.318,ruido,ruido,-0.1559,-0.2733,0.1493,-36.49,-16.64,35.44,-32.18,-7,-28,35,-37,587.33,-81.54,109.57,0.0075,-0.0258,0.36118,197.8,580.5,64.94,-33.22,-3.26,-2.27,,
130.358,ruido,ruido,-0.128,-0.1962,0.0438,-33.92,-9.54,20.45,-17.95,-13,-15,34,-50,583.41,-86.71,109.52,0.00645,-0.02582,0.32957,192.0,576.9,67.36,-30.8,-3.21,-2.42,,
130.399,ruido,ruido,-0.1234,-0.0904,0.0163,-22.31,-10.45,5.17,-11.91,-13,-15,34,-50,581.0,-90.74,109.5,0.00665,-0.02707,0.29709,192.0,576.9,67.36,-30.8,-3.21,-2.42,,
130.438,ruido,ruido,-0.0776,-0.0511,0.0493,-18.31,-18.03,13.78,-2.28,-33,15,38,-66,580.07,-93.21,109.4,0.00436,-0.0243,0.26771,185.1,573.2,71.59,-26.57,-3.03,-2.7,,
130.518,ruido,ruido,-0.1067,-0.0849,0.0928,-24.76,-26.02,22.54,-5.89,-31,13,13,-25,579.64,-97.65,109.51,0.00417,-0.02586,0.2268,175.8,570.8,71.59,-26.57,-3.03,-2.7,,
130.559,ruido,ruido,-0.0683,0.0511,0.0828,-11.32,-32.75,13.65,8.58,-10,-10,2,-19,579.49,-100.2,109.53,0.00353,-0.02621,0.21912,174.3,572.3,74.84,-23.32,-2.9,-2.81,,
130.599,ruido,ruido,-0.1518,0.1246,0.0336,-20.28,-45.58,1.37,15.93,-10,-10,2,-19,578.92,-102.38,109.55,0.00423,-0.02623,0.21404,174.3,572.3,74.84,-23.32,-2.9,-2.81,,
130.658,ruido,ruido,-0.1744,0.0902,-0.0611,-34.87,-39.53,-2.8,21.4,5,-54,-14,-5,577.26,-105.04,109.52,0.00389,-0.02619,0.22249,172.9,573.8,75.57,-22.59,-2.84,-2.89,,
130.717,ruido,ruido,-0.2024,0.0652,-0.0151,-41.33,-49.35,6.54,19.39,8,-31,-21,-1,575.41,-109.84,109.33,0.00349,-0.02476,0.25096,166.6,572.8,74.7,-23.46,-2.9,-2.86,,
130.759,ruido,ruido,-0.1696,-0.0295,-0.0074,-42.19,-36.29,13.88,10.34,8,-31,-21,-1,574.06,-114.31,109.39,0.00374,-0.02289,0.27433,166.6,572.8,73.26,-24.9,-2.97,-2.79,,
130.799,ruido,ruido,-0.1405,-0.1027,-0.047,-54.98,-31.03,24.99,16.07,-54,-46,-19,24,573.09,-117.14,109.33,0.00346,-0.02219,0.29017,157.4,576.9,71.83,-26.33,-3.01,-2.66,,
130.858,ruido,ruido,-0.1438,-0.1116,-0.0119,-63.92,-44.16,39.01,23.06,-44,-30,15,-19,571.33,-123.25,109.65,0.00625,-0.02633,0.31042,157.4,576.9,70.43,-27.73,-3.07,-2.56,,
130.899,ruido,ruido,-0.177,-0.1946,0.0484,-66.72,-43.32,46.13,7.25,-44,-30,15,-19,570.91,-126.43,109.7,0.00641,-0.0262,0.30459,152.4,581.2,70.14,-28.02,-3.05,-2.57,,
130.958,ruido,ruido,-0.1422,-0.2446,0.0952,-63.14,-39.24,55.62,1.25,-60,-36,32,-34,570.42,-129.58,109.69,0.00593,-0.02653,0.28969,140.3,584.6,70.62,-27.54,-3.01,-2.6,,
130.999,ruido,ruido,-0.2629,-0.1807,0.0516,-73.31,-52.65,39.5,2.33,-77,-36,83,-31,570.21,-132.15,109.6,0.00396,-0.02315,0.26616,133.9,585.1,71.68,-26.48,-2.99,-2.65,,
131.058,ruido,ruido,-0.3481,-0.1693,0.0186,-76.12,-52.01,23.4,-6.65,-57,-51,29,-33,570.11,-135.41,109.73,0.00315,-0.02565,0.22366,133.9,585.1,73.29,-24.87,-2.94,-2.73,,
131.099,ruido,ruido,-0.3496,-0.1535,0.1727,-62.47,-65.55,34.18,-18.02,-78,-37,57,-41,570.14,-136.96,109.87,0.0033,-0.02716,0.19306,119.5,582.6,75.15,-23.01,-2.86,-2.83,,
131.138,ruido,ruido,-0.2889,-0.1714,0.2318,-46.31,-55.98,37.18,-27.34,-78,-37,57,-41,570.32,-138.02,109.92,0.00308,-0.02772,0.16826,119.5,582.6,77.42,-20.74,-2.72,-2.96,,
131.218,ruido,ruido,-0.3798,-0.1348,0.3206,-40.52,-70.25,31.06,-41.81,-56,-68,27,-37,571.12,-141.34,109.98,0.0016,-0.02696,0.09481,101.9,580.9,79.98,-18.18,-2.62,-3.1,,
131.258,ruido,ruido,-0.4136,-0.1271,0.3207,-33.78,-64.75,18.91,-52.75,-40,-67,34,-41,571.53,-143.1,109.92,0.00219,-0.02652,0.05052,101.9,580.9,82.66,-15.5,-2.46,-3.2,,
131.298,ruido,ruido,-0.3769,-0.1578,0.2697,-30.48,-48.39,13.33,-55.06,-40,-67,34,-41,571.6,-144.07,109.98,0.00122,-0.0255,0.02625,91.8,578.8,85.21,-12.95,-2.31,-3.3,,
131.338,ruido,ruido,-0.3861,-0.2073,0.1801,-41.03,-36.68,8.07,-53.92,-41,-64,32,-38,571.29,-146.09,109.93,0.00064,-0.02452,-0.01008,83.3,575.5,87.45,-10.71,-2.24,-3.43,,
131.418,ruido,ruido,-0.4363,-0.2086,0.1435,-54.63,-44.22,7.78,-48.55,-42,-21,4,-55,569.4,-151.24,110.06,-0.00266,-0.02587,-0.05387,65.9,566.5,89.46,-8.7,-2.12,-3.49,,
131.459,ruido,ruido,-0.4944,-0.2682,0.1043,-68.49,-42.26,6.07,-53.53,-31,-42,-13,-49,567.76,-158.5,110.1,-0.00409,-0.02505,-0.06835,65.9,566.5,90.96,-7.2,-2.08,-3.57,,
131.498,ruido,ruido,-0.5446,-0.1954,0.184,-54.4,-52.59,-3.29,-63.99,-31,-42,-13,-49,566.76,-164.29,110.11,-0.00318,-0.02576,-0.07656,57.9,563.9,91.81,-6.35,-2.05,-3.63,,
131.558,ruido,ruido,-0.5293,-0.0754,0.1339,-47.08,-56.43,-16.19,-49.68,-71,-55,-17,-68,564.52,-178.27,110.28,-0.00432,-0.0244,-0.10045,48.1,562.8,92.67,-5.49,-1.95,-3.74,,
131.598,ruido,ruido,-0.4546,-0.0228,0.0992,-31.78,-44.01,-25.08,-44.59,-63,-52,-24,-54,562.54,-191.59,110.45,-0.00416,-0.02609,-0.12687,19.8,562.1,94.15,-4.01,-1.85,-3.76,,
131.658,ruido,ruido,-0.4798,-0.0461,-0.0334,-46.0,-33.28,-36.11,-38.15,-67,-54,-45,-48,558.96,-207.78,110.61,-0.00268,-0.02581,-0.12994,3.9,561.7,95.3,-2.86,-1.82,-3.81,,
131.699,ruido,ruido,-0.525,0.0726,-0.029,-40.85,-47.84,-47.78,-31.53,-40,-58,-48,-52,556.92,-214.83,110.62,-0.00344,-0.02308,-0.12283,-10.5,562.1,95.26,-2.9,-1.74,-3.79,,
131.758,ruido,ruido,-0.5534,0.0721,-0.0095,-40.58,-50.61,-49.48,-36.42,-36,-55,-49,-36,554.14,-226.99,110.68,-0.00396,-0.02308,-0.11861,-22.4,562.9,95.26,-2.9,-1.74,-3.79,,
131.798,ruido,ruido,-0.5332,0.1244,-0.0455,-32.62,-45.25,-59.96,-32.79,-37,-41,-33,-37,552.77,-235.76,110.76,-0.00279,-0.02377,-0.11689,-31.3,562.8,94.79,-3.37,-1.78,-3.72,,
131.858,ruido,ruido,-0.56,0.0891,0.016,-37.59,-54.41,-49.46,-37.75,-40,-36,-47,-31,550.89,-246.29,110.75,-0.00355,-0.02386,-0.11112,-39.6,563.2,94.68,-3.48,-1.77,-3.74,,
131.899,ruido,ruido,-0.4519,0.1169,0.0242,-21.35,-43.93,-47.08,-32.25,-25,-47,-34,-30,549.97,-252.15,110.74,-0.00297,-0.02387,-0.10428,-48.6,564.1,94.56,-3.6,-1.75,-3.72,,
131.958,ruido,ruido,-0.419,0.07,-0.0902,-34.09,-30.86,-47.38,-21.75,-36,-41,-61,-32,547.78,-268.05,110.85,-0.0024,-0.02351,-0.08582,-58.4,564.8,94.21,-3.95,-1.82,-3.7,,
131.999,ruido,ruido,-0.4346,0.0077,-0.0285,-31.98,-28.65,-42.11,-36.32,-39,-54,-59,-29,546.76,-277.77,111.02,-0.00115,-0.02394,-0.07778,-69.8,566.2,93.42,-4.74,-1.81,-3.66,,
132.039,ruido,ruido,-0.4133,0.0982,-0.046,-23.99,-32.35,-49.49,-26.42,-43,-45,-39,-37,546.22,-284.82,111.01,-0.00064,-0.02326,-0.07367,-81.9,567.9,92.71,-5.45,-1.88,-3.59,,
132.118,ruido,ruido,-0.4158,0.1104,-0.0491,-11.1,-20.9,-63.29,-37.77,-42,-35,-34,-37,544.83,-300.78,111.09,0.0024,-0.02167,-0.06724,-93.0,569.2,92.16,-6.0,-1.87,-3.53,,
132.158,ruido,ruido,-0.471,0.1238,-0.0203,-3.52,-20.08,-75.09,-52.02,-21,-36,-30,-25,544.48,-308.74,111.21,-0.00038,-0.02179,-0.05714,-102.0,570.0,91.93,-6.23,-1.9,-3.44,,
132.199,ruido,ruido,-0.529,0.1459,0.0554,2.87,-29.35,-78.64,-64.16,-22,-31,-45,-11,544.64,-314.5,111.32,-9e-05,-0.02137,-0.04451,-108.7,571.3,91.72,-6.44,-1.86,-3.44,,
132.239,ruido,ruido,-0.5189,0.2125,0.0848,11.91,-35.65,-81.37,-60.94,-21,-26,-40,-17,544.81,-318.86,111.32,-0.00036,-0.02224,-0.03738,-108.7,571.3,91.1,-7.06,-1.97,-3.39,,
132.299,ruido,ruido,-0.4907,0.3402,0.0977,24.54,-45.51,-87.42,-48.62,-21,-26,-40,-17,545.1,-329.35,111.39,0.00029,-0.02113,-0.02225,-114.6,573.7,90.28,-7.88,-2.06,-3.29,,
132.359,ruido,ruido,-0.4399,0.3462,-0.0115,19.46,-34.1,-91.68,-34.46,-33,-48,-105,-73,545.33,-344.11,111.56,0.00206,-0.02139,0.0027,-133.7,579.0,88.74,-9.42,-2.15,-3.23,,
132.399,ruido,ruido,-0.413,0.2907,0.0713,24.81,-33.11,-79.49,-44.38,12,-46,-98,-35,544.97,-353.25,111.72,0.00158,-0.02072,0.02298,-147.7,582.2,88.74,-9.42,-2.15,-3.23,,
132.459,ruido,ruido,-0.4014,0.3454,0.0489,36.75,-26.35,-93.14,-45.7,26,-43,-85,-39,543.81,-367.22,111.8,0.00194,-0.02137,0.05596,-160.4,584.7,86.14,-12.02,-2.23,-3.02,,
132.499,ruido,ruido,-0.2887,0.3915,0.0054,47.53,-15.97,-92.86,-31.08,38,-35,-73,-39,543.1,-374.26,111.96,0.00319,-0.02159,0.07324,-170.5,585.7,86.14,-12.02,-2.23,-3.02,,
132.558,ruido,ruido,-0.2188,0.3786,-0.0976,44.01,-0.96,-94.63,-18.44,48,-30,-111,-25,540.45,-391.13,112.09,0.00357,-0.02063,0.11695,-170.5,585.7,82.79,-15.37,-2.37,-2.79,,
132.601,ruido,ruido,-0.2058,0.482,-0.0903,52.14,-10.54,-99.5,-7.95,71,-10,-75,-45,538.87,-400.8,111.94,0.00428,-0.01955,0.14458,-179.1,585.8,80.99,-17.17,-2.45,-2.73,,
132.658,ruido,ruido,-0.1782,0.4705,0.0021,62.37,-13.25,-90.54,-15.6,45,-25,-104,-18,537.04,-413.38,111.98,0.00482,-0.01695,0.18601,-193.8,586.8,78.87,-19.29,-2.49,-2.68,,
132.702,ruido,ruido,-0.1798,0.4368,-0.032,63.38,-1.38,-97.28,-22.27,52,-49,-112,0,535.87,-422.79,112.13,0.00773,-0.02071,0.23626,-200.1,588.4,76.19,-21.97,-2.56,-2.54,,
132.757,ruido,ruido,-0.2172,0.4251,-0.055,65.99,6.77,-109.53,-32.72,52,-49,-112,0,534.79,-438.88,112.28,0.01063,-0.01872,0.33882,-200.1,588.4,72.44,-25.72,-2.66,-2.37,,
132.798,ruido,ruido,-0.2911,0.4263,-0.0644,61.02,3.12,-117.9,-39.4,63,-43,-115,6,534.59,-445.78,112.27,0.01229,-0.01888,0.38303,-204.8,590.9,68.15,-30.01,-2.78,-2.17,,
132.858,ruido,ruido,-0.2251,0.355,-0.0145,62.36,7.89,-100.71,-41.57,62,-26,-110,-26,534.51,-459.39,112.41,0.01242,-0.01612,0.46206,-207.2,593.0,64.11,-34.05,-2.91,-2.0,,
132.918,ruido,ruido,-0.2258,0.4318,-0.0179,64.49,-1.73,-103.48,-31.53,46,-41,-115,-51,535.71,-473.74,112.91,0.00655,-0.00726,0.541,-211.1,595.1,60.51,-37.65,-3.01,-1.81,,
132.958,ruido,ruido,-0.3164,0.4679,-0.078,50.18,-12.19,-113.28,-25.94,46,-41,-115,-51,537.55,-485.57,113.11,0.00478,-0.00681,0.59623,-217.2,597.3,56.86,-41.3,-3.05,-1.59,,
132.998,ruido,ruido,-0.3262,0.4381,0.058,53.5,-25.89,-96.41,-35.6,74,-25,-105,-13,538.77,-492.68,113.29,0.0031,-0.00598,0.62682,-224.8,600.4,53.64,-44.52,-3.14,-1.44,,
133.038,ruido,ruido,-0.3006,0.4437,0.1616,67.74,-29.1,-89.99,-44.85,58,-59,-113,-41,542.0,-504.37,113.12,0.00721,-0.0047,0.68526,-231.4,604.3,53.64,-44.52,-3.14,-1.44,,
133.119,ruido,ruido,-0.2439,0.4482,0.2698,78.16,-36.71,-74.03,-45.49,72,-32,-65,-49,547.47,-520.88,113.54,0.00017,-0.00073,0.76199,-244.5,612.6,47.29,-50.87,-3.2,-1.0,,
133.158,ruido,ruido,-0.1937,0.5138,0.2306,83.68,-35.43,-77.78,-32.46,72,-32,-65,-49,551.6,-533.02,113.14,0.0059,-0.00232,0.81174,-244.5,612.6,44.21,-53.95,-3.26,-0.78,,
133.201,ruido,ruido,-0.1278,0.4145,0.2024,78.54,-20.16,-66.61,-32.67,77,-16,-80,-46,554.4,-540.36,113.04,0.00557,0.00047,0.84001,-250.1,617.8,41.18,-56.98,-3.28,-0.58,,
133.258,ruido,ruido,-0.1525,0.5351,0.1823,84.26,-30.52,-79.5,-23.05,95,-36,-81,-38,560.55,-555.29,112.21,0.01743,0.00363,0.89078,-255.8,620.2,38.31,-59.85,-3.24,-0.42,,
133.3,ruido,ruido,-0.1432,0.5704,0.1372,85.09,-28.12,-86.05,-16.74,77,-20,-64,-44,566.79,-565.02,112.97,0.02032,-0.0028,0.95201,-269.3,622.3,35.53,-62.63,-3.26,-0.24,,
133.358,ruido,ruido,-0.0455,0.5259,0.0852,81.54,-16.25,-75.19,-4.68,95,-20,-59,-30,574.92,-577.7,113.82,0.00818,-0.00168,1.01442,-275.1,622.6,32.8,-65.36,-3.23,-0.05,,
133.399,ruido,ruido,-0.0011,0.5368,0.1087,90.41,-12.87,-73.19,-4.7,90,-26,-84,-19,579.76,-585.99,113.87,0.00944,-0.0003,1.06001,-279.3,623.8,29.82,-68.34,-3.19,0.14,,
133.458,ruido,ruido,-0.0226,0.4432,0.1034,75.69,-11.77,-62.75,-8.39,85,-15,-64,2,585.15,-595.39,113.82,0.00779,-0.00065,1.13093,-282.3,624.1,26.39,-71.77,-3.13,0.36,,
133.5,ruido,ruido,0.0129,0.4396,0.0927,81.94,-3.23,-65.04,-9.54,98,-21,-77,13,589.09,-601.59,113.42,0.01812,-0.00226,1.19612,-282.6,622.7,22.11,-76.05,-3.11,0.63,,
133.558,ruido,ruido,-0.0135,0.4243,0.0988,65.71,-17.99,-52.06,0.02,82,-64,-72,19,595.5,-612.46,114.19,0.01181,-0.00181,1.31351,-282.8,620.7,17.39,-80.77,-3.02,0.89,,
133.6,ruido,ruido,-0.0223,0.4017,0.0437,67.54,-3.72,-64.12,-6.85,74,-34,-69,25,598.39,-618.29,114.11,0.00987,-0.0009,1.3725,-283.8,619.9,17.39,-80.77,-3.02,0.89,,
133.659,ruido,ruido,-0.0234,0.332,0.0646,65.6,2.14,-59.01,-16.22,73,-64,-48,20,601.97,-626.3,113.94,0.00836,0.00196,1.45382,-286.2,619.1,8.52,-89.64,-2.82,1.39,,
133.699,ruido,ruido,-0.0169,0.3323,-0.0554,55.92,11.61,-67.49,-5.45,65,-43,-62,22,603.45,-630.52,113.62,0.00986,0.00307,1.4903,-289.2,618.6,4.72,-93.44,-2.7,1.64,,
133.758,ruido,ruido,0.0031,0.3406,-0.0938,60.95,21.46,-75.46,-5.95,68,-70,-51,2,607.09,-637.14,113.5,0.00959,0.00734,1.56077,-292.3,619.4,4.72,-93.44,-2.7,1.64,,
133.8,ruido,ruido,0.0147,0.349,-0.0299,59.65,8.58,-62.07,-1.44,65,-27,-50,24,610.63,-641.99,113.46,0.00938,0.01014,1.62435,-294.8,620.9,1.21,-96.95,-2.61,1.86,,
133.859,ruido,ruido,-0.0548,0.3704,0.0486,62.01,-5.03,-63.0,-11.52,50,-15,-93,29,615.26,-646.16,113.55,0.00558,0.0054,1.70345,-293.5,621.0,-6.21,-104.37,-2.3,2.23,,
133.899,ruido,ruido,-0.0583,0.3601,0.1944,73.81,-14.91,-52.04,-25.52,46,-48,-54,35,616.98,-648.01,113.56,0.00533,0.00671,1.74245,-291.6,621.5,-6.21,-104.37,-2.3,2.23,,
133.957,ruido,ruido,-0.128,0.3231,0.1721,64.76,-14.46,-57.7,-33.54,71,-57,-71,22,621.73,-650.89,113.64,0.00411,0.00763,1.82627,-291.8,621.6,-9.99,-108.15,-2.17,2.43,,
133.999,ruido,ruido,-0.1148,0.1976,0.1079,48.3,-0.58,-49.41,-35.06,50,-31,-50,0,624.43,-652.16,113.62,0.00285,0.0077,1.87204,-292.3,622.6,-13.37,-111.53,-2.0,2.59,,
134.059,ruido,ruido,-0.0979,0.0499,0.1316,41.17,12.13,-35.78,-48.84,50,-37,-54,-28,628.57,-653.04,113.66,0.00357,0.00741,1.93004,-293.8,624.2,-20.28,-118.44,-1.62,2.86,,
134.099,ruido,ruido,-0.0969,0.0404,0.189,45.87,9.16,-31.13,-54.91,48,-31,-39,-36,632.91,-653.45,113.7,0.00361,0.0099,1.97721,-295.7,629.0,-20.28,-118.44,-1.62,2.86,,
134.158,ruido,ruido,-0.0947,0.0676,0.0759,35.73,12.77,-38.74,-40.07,36,-33,-46,-54,638.68,-653.6,113.77,0.0035,0.0104,2.02306,-297.2,635.8,-23.28,-121.44,-1.49,2.97,,
134.199,ruido,ruido,-0.0914,-0.0115,0.0415,24.76,19.96,-32.74,-41.22,45,-27,-23,-42,642.63,-653.43,113.65,0.00448,0.01145,2.04128,-298.6,644.6,-25.93,-124.09,-1.29,3.05,,
134.258,ruido,ruido,-0.0708,-0.0474,0.188,36.85,14.36,-18.1,-55.76,35,9,-30,-68,647.57,-652.76,113.03,0.01349,0.01778,2.05624,-301.5,653.4,-27.89,-126.05,-1.19,3.08,,
134.318,ruido,ruido,0.0503,-0.0764,0.154,41.08,28.67,-8.4,-45.26,21,0,-20,-39,653.19,-651.77,113.13,0.01245,0.01773,2.06683,-303.4,659.7,-30.11,-128.27,-1.09,3.12,,
134.359,ruido,ruido,0.0618,-0.1371,0.1162,38.46,41.8,-9.97,-50.51,48,16,-15,-108,656.79,-650.37,113.86,0.00533,0.00861,2.06445,-304.5,664.2,-30.11,-128.27,-1.09,3.12,,
134.398,ruido,ruido,0.0791,-0.1404,0.1519,49.84,48.0,-12.89,-59.65,40,64,14,-33,658.26,-650.73,113.78,0.00516,0.01308,2.04974,-307.6,668.4,-30.54,-128.7,-1.05,3.14,,
134.457,ruido,ruido,0.0741,-0.141,0.0408,43.47,59.5,-25.08,-54.18,21,28,30,-51,660.21,-650.49,113.83,0.0047,0.01039,2.00632,-313.4,668.8,-30.13,-128.29,-1.02,3.12,,
134.518,ruido,ruido,0.1598,-0.1613,0.037,47.75,67.64,-16.25,-47.99,70,60,-9,-78,661.71,-649.98,113.8,0.00478,0.00874,1.9626,-320.0,669.6,-28.35,-126.51,-1.14,3.02,,
134.558,ruido,ruido,0.092,-0.186,-0.0238,37.44,71.01,-26.53,-52.48,36,78,-25,-49,663.04,-649.19,113.89,0.00598,0.00923,1.93288,-324.9,669.0,-26.14,-124.3,-1.27,2.94,,
134.599,ruido,ruido,0.0593,-0.1239,-0.0604,34.55,64.04,-34.73,-44.9,57,78,-12,-49,663.94,-648.56,113.91,0.0049,0.00771,1.91752,-327.0,666.9,-24.24,-122.4,-1.41,2.91,,
134.658,ruido,ruido,0.0577,0.011,-0.09,43.35,55.98,-48.52,-32.35,21,74,-34,-37,665.8,-646.91,113.93,0.00441,0.00736,1.88766,-329.1,663.5,-22.58,-120.74,-1.49,2.84,,
134.719,ruido,ruido,0.0232,0.0934,-0.0397,55.33,46.75,-57.97,-36.68,43,55,-24,-32,668.5,-644.72,113.88,0.00503,0.00852,1.873,-328.1,660.6,-21.1,-119.26,-1.58,2.83,,
134.758,ruido,ruido,0.0051,0.1823,0.0299,66.02,32.08,-60.42,-36.04,59,46,-47,-31,671.28,-642.84,113.87,0.00494,0.00787,1.86978,-326.6,657.7,-20.0,-118.16,-1.64,2.76,,
134.798,ruido,ruido,-0.0151,0.0804,0.0225,61.12,44.65,-59.94,-50.66,71,15,-58,-27,672.97,-641.46,113.94,0.00374,0.00775,1.8696,-324.8,655.7,-19.2,-117.36,-1.67,2.78,,
134.858,ruido,ruido,-0.0489,0.1468,0.0093,62.47,37.5,-68.81,-46.81,63,28,-55,-45,676.36,-638.81,113.93,0.00461,0.00882,1.86921,-323.3,655.6,-19.16,-117.32,-1.65,2.77,,
134.899,ruido,ruido,-0.1393,0.1594,0.0503,55.53,21.98,-69.78,-52.32,68,69,-59,-57,679.41,-636.68,113.98,0.00317,0.00752,1.87214,-323.1,655.2,-19.16,-117.32,-1.65,2.77,,
134.958,ruido,ruido,-0.1498,0.1285,0.0421,43.13,15.84,-60.38,-46.54,44,-2,-90,-39,683.24,-634.23,113.99,0.00355,0.00836,1.87259,-322.9,655.0,-19.34,-117.5,-1.61,2.8,,
134.999,ruido,ruido,-0.1997,0.2282,0.0152,42.16,3.21,-71.67,-37.6,66,21,-61,-47,685.45,-633.04,113.98,0.00343,0.00876,1.87646,-322.3,657.8,-19.41,-117.57,-1.62,2.81,,
135.058,ruido,ruido,-0.2191,0.2815,0.033,51.78,1.45,-81.55,-41.8,49,25,-58,-45,690.76,-630.3,113.87,0.00482,0.00796,1.88466,-322.3,657.8,-19.59,-117.75,-1.6,2.79,,
135.098,ruido,ruido,-0.1788,0.34,0.0684,61.56,-3.79,-79.23,-35.77,49,25,-58,-45,694.32,-628.85,113.95,0.00344,0.00807,1.89451,-322.3,661.1,-20.02,-118.18,-1.6,2.79,,
135.138,ruido,ruido,-0.1042,0.3889,0.1152,66.88,-13.78,-65.11,-21.33,46,-24,-96,-41,697.94,-627.85,114.0,0.00331,0.00786,1.91088,-320.9,663.6,-21.04,-119.2,-1.53,2.83,,
135.219,ruido,ruido,-0.0523,0.3544,0.2314,79.5,-14.22,-50.85,-31.17,88,-24,-63,-34,707.58,-624.42,113.97,0.00334,0.00854,1.94733,-318.6,669.3,-22.3,-120.46,-1.47,2.86,,
135.259,ruido,ruido,-0.0456,0.3561,0.1912,70.99,-16.58,-47.69,-21.31,88,-24,-63,-34,713.88,-622.07,113.96,0.00349,0.00921,1.96911,-316.7,675.0,-23.63,-121.79,-1.37,2.91,,
135.299,ruido,ruido,-0.1327,0.3684,0.1321,59.3,-20.78,-59.4,-21.59,86,-1,-48,-33,718.99,-620.35,113.98,0.00391,0.01009,1.98612,-317.3,680.4,-24.88,-123.04,-1.28,2.93,,
135.339,ruido,ruido,-0.0253,0.3327,0.0875,56.59,-10.64,-46.62,-7.4,71,-21,-58,-18,722.85,-619.33,114.0,0.004,0.01047,1.99768,-318.7,684.1,-26.06,-124.22,-1.21,2.95,,
135.4,ruido,ruido,-0.0589,0.2338,0.1719,48.48,-16.42,-30.41,-20.5,55,-33,-61,-6,730.73,-617.16,113.96,0.00438,0.01254,2.02663,-320.9,687.5,-27.21,-125.37,-1.13,2.97,,
135.46,ruido,ruido,-0.0541,0.1473,0.1868,38.64,-14.82,-17.41,-23.72,55,-33,-61,-6,738.78,-614.16,113.35,0.01245,0.01946,2.08508,-323.9,691.1,-29.18,-127.34,-0.97,3.07,,
135.499,ruido,ruido,-0.0544,0.0637,0.1738,35.2,-2.8,-16.1,-33.72,72,-40,-43,12,742.9,-613.01,113.35,0.01212,0.02049,2.11049,-325.1,694.5,-31.77,-129.93,-0.84,3.09,,
135.539,ruido,ruido,-0.0314,0.0181,0.15,38.4,11.5,-19.42,-40.53,41,-16,-44,5,745.56,-612.68,113.38,0.01225,0.0205,2.11728,-325.6,696.0,-33.28,-131.44,-0.72,3.14,,
135.618,ruido,ruido,0.0027,0.0587,0.1291,37.44,7.39,-16.34,-27.61,53,-17,-10,-34,752.82,-611.85,114.68,0.0029,-0.00084,2.12834,-326.7,697.6,-33.67,-131.83,-0.7,3.14,,
135.659,ruido,ruido,-0.0286,0.059,0.1784,30.96,-7.02,-7.0,-26.1,25,-20,-5,-23,757.04,-611.69,114.65,0.00332,-0.00132,2.12804,-333.0,708.3,-33.69,-131.85,-0.71,3.12,,
135.699,ruido,ruido,0.0826,-0.0147,0.2257,40.86,7.1,8.47,-29.99,25,-20,-5,-23,759.81,-611.68,114.62,0.00352,-0.00062,2.13162,-333.0,708.3,-33.7,-131.86,-0.73,3.11,,
135.739,ruido,ruido,0.1733,0.0764,0.2211,55.0,7.39,8.11,-15.04,38,-23,-7,-29,764.12,-611.95,114.63,0.00316,-0.00072,2.12767,-336.5,713.9,-33.88,-132.04,-0.68,3.08,,
135.819,ruido,ruido,0.0951,0.0537,0.2834,52.42,-1.51,8.15,-28.62,36,-15,5,-20,769.84,-614.06,114.72,0.00311,-0.00133,2.11393,-343.5,723.0,-33.41,-131.57,-0.7,3.05,,
135.859,ruido,ruido,-0.0491,0.0191,0.3009,38.18,-13.02,2.11,-42.98,51,-15,13,-30,773.25,-616.62,114.74,0.00364,-0.00181,2.10868,-349.3,727.2,-32.84,-131.0,-0.72,3.02,,
135.899,ruido,ruido,-0.089,0.0207,0.2527,22.88,-20.85,3.31,-33.81,46,-17,15,-26,775.28,-618.73,114.75,0.00372,-0.00165,2.10877,-356.4,730.4,-32.58,-130.74,-0.74,2.99,,
135.959,ruido,ruido,-0.0596,0.0761,0.3008,33.99,-26.32,4.6,-31.34,51,-24,15,-19,779.81,-623.49,114.78,0.00371,-0.002,2.10553,-363.2,733.7,-32.51,-130.67,-0.74,3.0,,
135.999,ruido,ruido,-0.1266,0.1185,0.2321,19.09,-37.0,-2.22,-20.39,15,-22,20,-39,784.02,-627.92,114.84,0.00355,-0.00195,2.10263,-369.0,738.4,-32.51,-130.67,-0.74,3.0,,
136.038,ruido,ruido,-0.152,0.1837,0.2877,25.18,-50.25,-3.47,-20.1,27,-29,22,-38,786.79,-630.59,115.32,-0.00358,-0.00944,2.10292,-373.8,743.8,-32.34,-130.5,-0.76,2.99,,
136.119,ruido,ruido,-0.0109,0.1417,0.2381,26.86,-33.9,9.49,-5.93,35,-34,11,-37,794.07,-639.16,114.69,0.00533,-0.0011,2.11262,-378.4,749.0,-32.28,-130.44,-0.76,2.97,,
136.159,ruido,ruido,-0.04,0.0986,0.1745,20.4,-23.29,1.11,-11.02,26,-43,16,-22,799.09,-644.76,114.86,0.00332,0.00014,2.12669,-382.7,754.5,-32.86,-131.02,-0.73,2.98,,
136.199,ruido,ruido,-0.0986,0.16,0.2391,29.04,-34.82,-6.55,-19.21,39,-46,17,-21,801.87,-648.28,114.81,0.00332,4e-05,2.13656,-387.1,760.0,-33.75,-131.91,-0.61,3.02,,
136.259,ruido,ruido,-0.1268,0.1682,0.1335,13.54,-34.72,-12.48,-6.92,31,-33,10,-12,805.78,-654.28,114.82,0.00317,0.00168,2.15108,-391.6,765.2,-34.62,-132.78,-0.56,3.01,,
136.299,ruido,ruido,-0.0924,0.0688,0.0978,1.97,-24.68,-1.11,-5.75,28,-24,12,-7,807.58,-658.38,114.87,0.00249,0.0021,2.16261,-395.5,768.6,-34.62,-132.78,-0.56,3.01,,
136.359,ruido,ruido,-0.1591,0.0361,0.1175,0.53,-24.05,-7.19,-20.22,27,-19,3,3,808.4,-661.31,114.7,0.00319,0.00187,2.17818,-398.6,770.5,-36.02,-134.18,-0.45,3.06,,
136.399,ruido,ruido,-0.2596,-0.0481,0.19,-14.22,-36.93,3.1,-35.0,16,-14,-1,7,808.8,-662.23,114.8,0.00152,0.00192,2.18676,-400.3,771.2,-36.02,-134.18,-0.45,3.06,,
136.458,ruido,ruido,-0.2433,-0.0882,0.3222,-3.71,-41.16,16.34,-49.33,1,-13,-4,-3,811.35,-662.65,114.64,0.00242,0.00193,2.19633,-400.9,772.0,-36.87,-135.03,-0.41,3.08,,
136.5,ruido,ruido,-0.2168,-0.1145,0.3161,-11.78,-44.04,27.67,-41.22,-4,-19,-7,-14,814.93,-661.88,114.67,0.00229,0.00174,2.19217,-400.3,774.6,-37.44,-135.6,-0.39,3.1,,
136.559,ruido,ruido,-0.1641,-0.2032,0.2508,-22.69,-30.3,36.55,-36.09,-18,-29,8,-47,824.14,-661.57,114.8,0.00164,0.00112,2.17277,-398.7,780.2,-37.74,-135.9,-0.42,3.11,,
136.619,ruido,ruido,-0.2639,-0.259,0.2018,-36.29,-27.12,26.35,-47.38,-23,-49,18,-55,834.3,-663.17,114.8,0.00266,0.00079,2.15111,-397.7,790.0,-36.27,-134.43,-0.43,3.11,,
136.66,ruido,ruido,-0.2261,-0.2038,0.1807,-31.55,-27.85,24.29,-37.23,-12,-42,47,-76,844.37,-665.89,114.98,0.00255,0.00089,2.12346,-398.3,802.4,-36.27,-134.43,-0.43,3.11,,
136.699,ruido,ruido,-0.156,-0.2221,0.1638,-32.58,-23.24,33.83,-27.92,-29,-34,24,-82,851.08,-668.45,114.39,0.0054,0.01223,2.09446,-400.2,814.1,-34.99,-133.15,-0.47,3.05,,
136.762,ruido,ruido,-0.196,-0.124,0.1795,-27.9,-36.78,25.27,-23.3,-22,-18,24,-39,859.55,-670.45,114.17,0.00761,0.01133,2.06028,-401.6,823.2,-33.35,-131.51,-0.51,3.02,,
136.819,ruido,ruido,-0.1416,-0.1269,0.1752,-22.53,-30.27,27.92,-20.41,-31,-16,31,-18,865.23,-672.08,114.46,0.0012,0.01017,2.03353,-402.0,828.5,-29.98,-128.14,-0.74,3.04,,
136.862,ruido,ruido,-0.0495,-0.1667,0.214,-12.55,-20.11,38.87,-22.05,-23,-23,24,-15,869.76,-673.01,114.48,0.00287,0.01342,2.00903,-402.4,831.5,-29.98,-128.14,-0.74,3.04,,
136.9,ruido,ruido,0.0732,-0.1589,0.261,1.93,-14.41,51.54,-15.64,-18,-27,20,-22,872.71,-673.53,114.67,0.00142,0.01138,1.99466,-402.7,833.9,-28.35,-126.51,-0.78,3.03,,
136.939,ruido,ruido,0.0508,-0.1206,0.2834,7.61,-18.44,45.87,-18.78,-18,-27,20,-22,874.46,-674.09,114.74,0.00073,0.01101,1.98538,-402.7,833.9,-27.04,-125.2,-0.81,2.98,,
137.019,ruido,ruido,0.0044,-0.0483,0.1911,-1.87,-24.71,33.15,-5.16,14,-23,53,-8,876.91,-678.98,114.67,0.00019,0.00981,1.99262,-407.0,837.8,-25.97,-124.13,-0.86,2.95,,
137.059,ruido,ruido,-0.0822,0.052,0.1781,-2.6,-39.41,17.93,-2.24,25,-21,34,-11,877.56,-683.49,114.67,-0.00055,0.0093,1.9976,-413.7,837.9,-25.61,-123.77,-0.89,2.99,,
137.1,ruido,ruido,-0.1533,0.0949,0.1493,-12.52,-51.59,11.89,3.17,17,-17,36,-17,878.05,-686.31,114.67,0.00038,0.01042,1.99458,-421.0,838.9,-26.18,-124.34,-0.9,3.05,,
137.161,ruido,ruido,-0.1853,0.1157,0.0957,-27.44,-61.27,13.11,16.31,20,-40,28,-22,879.99,-692.88,114.75,-0.00115,0.00753,1.99069,-428.3,841.7,-26.38,-124.54,-0.91,3.12,,
137.2,ruido,ruido,-0.1632,0.1834,0.0275,-27.76,-61.5,6.04,30.98,-1,-46,5,-12,882.34,-695.35,114.69,-0.00026,0.00893,1.99655,-434.2,846.5,-26.09,-124.25,-0.91,3.16,,
137.241,ruido,ruido,-0.0776,0.1453,0.0489,-20.56,-51.63,15.96,31.38,-1,-46,5,-12,884.88,-696.28,114.76,-0.00087,0.00933,2.00986,-434.2,846.5,-26.01,-124.17,-0.97,3.18,,
137.32,ruido,ruido,-0.1576,0.0866,0.0964,-30.1,-59.38,20.3,18.74,-27,-60,-18,17,892.26,-697.33,114.42,0.0041,0.01232,2.06039,-431.7,858.4,-26.71,-124.87,-0.89,3.14,,
137.361,ruido,ruido,-0.165,0.0562,0.0844,-36.56,-59.05,23.65,19.14,-15,-60,2,29,896.17,-698.64,114.55,0.00276,0.01293,2.09751,-427.6,863.5,-30.3,-128.46,-0.57,3.25,,
137.4,ruido,ruido,-0.0912,0.0358,0.0457,-40.61,-53.65,33.32,31.75,-36,-62,18,20,899.11,-700.05,114.6,0.00182,0.01165,2.12781,-425.6,866.5,-30.3,-128.46,-0.57,3.25,,
137.441,ruido,ruido,-0.1027,0.03,0.063,-33.68,-48.56,27.33,22.05,-44,-56,23,33,900.06,-700.75,114.57,0.00209,0.0118,2.13851,-425.6,866.5,-34.09,-132.25,-0.36,3.28,,
137.52,ruido,ruido,-0.1543,0.0396,0.1485,-32.37,-62.46,31.44,14.02,-54,-49,39,41,903.13,-703.72,115.11,-0.00182,0.00247,2.18393,-424.6,873.0,-34.09,-132.25,-0.36,3.28,,
137.561,ruido,ruido,-0.1356,0.0018,0.1232,-28.18,-48.17,26.18,6.76,-24,-37,39,18,904.33,-705.99,114.84,0.00099,0.00387,2.20628,-424.9,874.5,-37.16,-135.32,-0.15,3.38,,
137.6,ruido,ruido,-0.1462,0.0128,0.1428,-19.67,-44.56,19.12,-1.68,-24,-56,25,-2,905.29,-707.26,115.16,-0.00371,0.00262,2.21716,-425.3,876.8,-37.16,-135.32,-0.15,3.38,,
137.66,ruido,ruido,-0.1798,0.0889,0.081,-22.57,-49.77,6.78,8.04,-25,-38,39,-20,908.46,-708.81,115.25,-0.00463,0.00284,2.21688,-425.3,876.8,-39.12,-137.28,-0.05,3.42,,
137.7,ruido,ruido,-0.1417,0.1162,0.1575,-13.07,-56.86,15.6,8.99,-29,-34,-4,-17,912.12,-708.5,115.2,-0.00202,0.00246,2.20928,-426.4,889.5,-39.12,-137.28,-0.05,3.42,,
137.76,ruido,ruido,-0.0825,0.0559,0.2544,-0.2,-49.86,27.71,-4.05,-23,-56,-27,-17,919.02,-705.75,115.34,-0.00448,0.00322,2.21991,-424.0,896.6,-38.63,-136.79,-0.12,3.4,,
137.8,ruido,ruido,-0.1233,0.0194,0.1208,-13.01,-35.44,12.61,-3.62,-23,-56,-27,-17,922.85,-703.84,115.63,-0.00954,-0.00333,2.22511,-424.0,896.6,-39.05,-137.21,-0.05,3.39,,
137.86,ruido,ruido,-0.0547,0.0747,0.1781,0.67,-39.78,19.07,2.53,1,-38,40,-17,931.03,-702.24,115.6,-0.0105,-0.00273,2.24226,-418.1,903.5,-39.6,-137.76,0.03,3.4,,
137.901,ruido,ruido,-0.1302,0.1012,0.2095,7.56,-42.14,5.12,-12.2,1,-38,40,-17,935.35,-702.71,115.52,-0.0102,-0.0033,2.24916,-414.0,911.7,-40.28,-138.44,0.07,3.46,,
137.96,ruido,ruido,-0.1954,0.0363,0.1853,-4.07,-39.53,2.46,-21.38,15,-44,-15,-11,941.65,-704.27,115.55,-0.00993,-0.00225,2.26971,-417.6,925.0,-40.8,-138.96,0.06,3.49,,
138.0,ruido,ruido,-0.2924,0.0332,0.238,-5.43,-48.82,-3.28,-36.03,15,-44,-15,-11,945.19,-704.72,115.49,-0.0102,-0.00226,2.28577,-417.6,925.0,-42.06,-140.22,0.13,3.45,,
138.06,ruido,ruido,-0.2254,0.0338,0.2745,-1.43,-50.77,9.28,-29.23,8,-54,-13,-24,953.88,-703.81,115.37,-0.00798,0.00276,2.31424,-419.1,929.9,-43.53,-141.69,0.21,3.42,,
138.101,ruido,ruido,-0.1569,0.0292,0.2715,11.32,-36.8,7.02,-31.74,8,-54,-13,-24,959.84,-702.93,115.34,-0.00832,0.003,2.32282,-418.4,934.5,-44.56,-142.72,0.29,3.42,,
138.14,ruido,ruido,-0.2063,-0.0369,0.2968,7.27,-34.31,7.21,-46.19,-3,-46,-18,-29,964.94,-702.1,115.3,-0.00818,0.00339,2.32845,-417.0,940.1,-45.19,-143.35,0.34,3.42,,
138.221,ruido,ruido,-0.2027,-0.0714,0.2768,9.26,-23.61,2.6,-53.12,-16,-41,-18,-31,978.26,-698.63,115.24,-0.00719,0.00738,2.33576,-414.8,947.1,-45.59,-143.75,0.36,3.42,,
138.261,ruido,ruido,-0.2386,-0.0161,0.3371,20.84,-30.52,-5.06,-61.59,-22,-32,-20,-58,986.35,-695.58,115.13,-0.00624,0.00845,2.32854,-407.2,963.9,-45.62,-143.78,0.36,3.41,,
138.301,ruido,ruido,-0.1875,0.0088,0.2919,29.63,-18.47,-12.93,-58.23,-22,-32,-20,-58,993.93,-692.8,115.22,-0.0059,0.00861,2.32288,-407.2,963.9,-45.23,-143.39,0.35,3.38,,
138.341,ruido,ruido,-0.1628,0.0596,0.2664,42.82,-9.33,-26.25,-59.33,-21,-29,-11,-35,998.76,-691.87,115.46,-0.01116,-0.00231,2.31966,-402.5,971.7,-44.9,-143.06,0.33,3.39,,
138.421,ruido,ruido,-0.2444,0.1209,0.2447,40.84,-17.67,-40.79,-60.6,55,-22,-2,-61,1008.3,-690.38,115.11,-0.00671,0.00496,2.30368,-398.5,978.7,-44.47,-142.63,0.28,3.41,,
138.462,ruido,ruido,-0.2336,0.1088,0.273,44.71,-16.38,-38.41,-64.68,55,-22,-2,-61,1014.74,-688.73,115.13,-0.00593,0.00265,2.28407,-397.8,985.9,-43.8,-141.96,0.18,3.36,,
138.501,ruido,ruido,-0.2615,-0.0074,0.2891,34.66,-10.41,-30.25,-77.68,55,-15,-20,-52,1020.7,-686.26,115.49,-0.00841,-0.00343,2.27024,-402.6,999.5,-42.83,-140.99,0.09,3.35,,
138.541,ruido,ruido,-0.228,-0.0261,0.3311,40.86,-7.94,-24.36,-81.51,21,-14,-26,-78,1024.15,-684.43,115.2,-0.00503,0.00271,2.26581,-402.6,999.5,-41.99,-140.15,0.05,3.31,,
138.621,ruido,ruido,-0.193,0.0317,0.3091,49.91,-4.62,-31.34,-75.73,31,-27,-26,-94,1033.7,-680.05,115.19,-0.00343,0.0034,2.26207,-402.9,1006.4,-41.44,-139.6,-0.01,3.26,,
138.662,ruido,ruido,-0.1497,0.0263,0.3856,53.31,-12.59,-15.56,-73.05,36,-36,-42,-104,1041.18,-676.4,115.22,-0.00454,0.0031,2.26986,-400.4,1033.0,-41.53,-139.69,-0.02,3.25,,
138.701,ruido,ruido,-0.1527,0.091,0.3444,58.99,-10.67,-28.32,-68.86,36,-36,-42,-104,1045.54,-673.96,115.16,-0.00468,0.00317,2.27287,-400.4,1033.0,-42.04,-140.2,0.04,3.28,,
138.76,ruido,ruido,-0.2312,0.0491,0.3502,48.92,-14.97,-29.87,-78.06,58,-14,-29,-90,1053.67,-669.88,115.08,-0.00429,0.00628,2.2766,-401.3,1042.5,-42.33,-140.49,0.08,3.32,,
138.801,ruido,ruido,-0.2194,0.0297,0.3814,60.35,-5.42,-34.43,-90.7,46,-30,-22,-46,1060.75,-666.57,115.11,-0.00447,0.00544,2.27749,-402.8,1051.9,-42.35,-140.51,0.05,3.29,,
138.861,ruido,ruido,-0.1864,0.1446,0.3761,74.05,-9.26,-43.69,-80.74,77,-32,-24,-66,1068.71,-661.92,115.15,-0.00456,0.00612,2.27417,-402.8,1051.9,-42.26,-140.42,0.06,3.31,,
138.901,ruido,ruido,-0.0245,0.1175,0.3924,87.38,5.79,-28.51,-72.5,66,-24,-18,-115,1072.96,-659.41,115.18,-0.00476,0.00605,2.2706,-405.4,1062.3,-42.09,-140.25,0.06,3.37,,
138.96,ruido,ruido,0.0235,0.1054,0.3859,86.77,8.18,-21.27,-66.15,44,-24,-32,-76,1081.28,-654.05,115.02,-0.00277,0.00737,2.26646,-409.1,1084.1,-41.9,-140.06,0.07,3.42,,
139.001,ruido,ruido,0.034,0.2384,0.3522,94.06,-0.43,-32.28,-50.48,104,-19,-44,-91,1087.97,-649.27,115.09,-0.00369,0.00773,2.26803,-409.1,1084.1,-41.68,-139.84,0.01,3.47,,
139.06,ruido,ruido,-0.0424,0.237,0.3233,86.61,-3.04,-41.65,-55.47,113,-22,-29,-68,1096.22,-643.61,115.13,-0.00502,0.00718,2.27259,-415.9,1104.4,-41.73,-139.89,0.06,3.51,,
139.121,ruido,ruido,0.0147,0.3004,0.4002,97.59,-14.52,-31.2,-47.17,117,-30,-33,-40,1104.79,-638.4,115.12,-0.00278,0.00759,2.27882,-415.9,1104.4,-41.97,-140.13,0.08,3.57,,
139.16,ruido,ruido,0.0389,0.2979,0.412,106.68,-6.89,-34.53,-52.79,117,-30,-33,-40,1110.67,-634.92,115.09,-0.00415,0.00784,2.2856,-425.2,1121.6,-42.25,-140.41,0.03,3.55,,
139.201,ruido,ruido,-0.0302,0.3501,0.4042,99.84,-20.84,-40.0,-48.66,81,-27,-31,-73,1116.58,-631.6,115.19,-0.00349,0.00674,2.29165,-425.2,1121.6,-42.72,-140.88,0.1,3.57,,
139.241,ruido,ruido,-0.0401,0.3516,0.2864,84.9,-17.17,-45.51,-35.07,107,-34,-44,-43,1122.4,-628.23,115.14,-0.00419,0.00627,2.30137,-435.3,1137.5,-43.21,-141.37,0.1,3.59,,
139.321,ruido,ruido,-0.0849,0.37,0.2809,81.37,-22.78,-50.02,-35.76,81,-39,-35,-45,1132.79,-622.37,115.15,-0.00423,0.00423,2.3181,-440.3,1146.0,-43.92,-142.08,0.09,3.7,,
139.361,ruido,ruido,-0.0318,0.3432,0.2508,81.31,-13.73,-46.26,-31.48,86,-20,-38,-44,1140.18,-618.16,115.24,-0.00546,0.00362,2.33507,-445.3,1153.7,-44.68,-142.84,0.12,3.63,,
139.401,ruido,ruido,-0.0123,0.464,0.2424,88.0,-25.03,-51.18,-15.73,70,-22,-46,-36,1144.64,-615.87,115.22,-0.00539,0.00324,2.34684,-448.9,1159.8,-45.63,-143.79,0.17,3.73,,
139.46,ruido,ruido,0.0122,0.4261,0.2288,85.85,-18.93,-47.3,-15.72,80,-13,-56,-26,1153.61,-611.44,115.45,-0.00752,-0.00403,2.373,-451.8,1164.9,-46.81,-144.97,0.25,3.74,,
139.501,ruido,ruido,-0.0807,0.3682,0.1407,69.51,-11.92,-59.9,-23.5,72,-32,-30,-19,1160.32,-608.16,115.21,-0.0053,0.00045,2.39392,-453.9,1169.6,-46.81,-144.97,0.25,3.74,,
139.561,ruido,ruido,-0.0275,0.4573,0.1531,77.7,-19.96,-57.61,-8.94,109,-8,-42,-19,1168.28,-603.77,115.49,-0.00821,-0.00833,2.43102,-457.3,1174.3,-49.38,-147.54,0.34,3.72,,
139.601,ruido,ruido,-0.08,0.4505,0.1348,62.63,-31.03,-53.86,-3.35,67,-53,-66,-17,1174.67,-599.85,115.27,-0.00605,0.00025,2.47655,-459.1,1178.9,-51.24,-149.4,0.42,3.78,,
139.66,ruido,ruido,-0.0961,0.4835,0.173,70.68,-34.36,-58.37,-8.69,72,-22,-68,8,1179.5,-597.25,115.33,-0.00568,-0.00195,2.5253,-458.4,1182.0,-53.93,-152.09,0.66,3.78,,
139.723,ruido,ruido,-0.0976,0.3702,0.1808,59.12,-29.05,-45.8,-15.5,74,-25,-70,22,1186.16,-593.6,115.21,-0.00567,0.0033,2.605,-459.7,1182.6,-57.48,-155.64,0.86,3.78,,
139.76,ruido,ruido,-0.1397,0.2822,0.2722,52.82,-35.89,-31.6,-30.01,69,-24,-68,26,1191.49,-591.5,115.3,-0.00724,0.00095,2.66022,-461.0,1182.7,-57.48,-155.64,0.86,3.78,,
139.801,ruido,ruido,-0.1814,0.2967,0.3977,60.69,-50.41,-26.1,-42.25,70,-32,-37,2,1194.98,-590.36,115.49,-0.00754,-0.00744,2.68632,-462.0,1183.7,-61.08,-159.24,1.09,3.75,,
139.86,ruido,ruido,-0.1805,0.3166,0.3055,48.32,-51.22,-28.32,-26.54,50,-40,-28,-39,1201.22,-587.8,115.15,-0.00559,0.00186,2.72226,-462.4,1188.0,-64.22,-162.38,1.33,3.77,,
139.901,ruido,ruido,-0.2077,0.2844,0.1973,36.46,-40.62,-38.11,-24.18,67,-42,-18,-64,1206.29,-585.18,115.5,-0.00621,-0.00823,2.74684,-461.3,1195.6,-66.47,-164.63,1.42,3.69,,
139.961,ruido,ruido,-0.1959,0.3283,0.2133,36.24,-50.42,-33.45,-15.06,50,-44,-37,-7,1211.98,-581.67,115.34,-0.00593,0.00093,2.78045,-459.3,1204.5,-69.39,-167.55,1.61,3.63,,
140.001,ruido,ruido,-0.1732,0.296,0.1927,42.45,-35.74,-39.33,-22.81,25,-46,-33,-21,1214.89,-579.58,115.5,-0.00661,-0.00119,2.79973,-456.6,1210.6,-71.15,-169.31,1.73,3.54,,
140.06,ruido,ruido,-0.1354,0.3877,0.1555,52.15,-34.77,-48.94,-11.79,25,-45,-34,-23,1221.57,-574.06,115.34,-0.0062,-0.00037,2.84205,-452.8,1215.6,-71.15,-169.31,1.73,3.54,,
140.101,ruido,ruido,-0.1241,0.4481,0.1868,56.98,-44.6,-46.95,-5.15,63,-41,-40,17,1225.0,-570.71,115.36,-0.00739,0.00095,2.87067,-448.5,1220.8,-72.87,-171.03,1.86,3.52,,
140.161,ruido,ruido,-0.1099,0.5865,0.1997,69.67,-56.12,-55.31,6.58,54,-40,-46,10,1229.49,-566.09,115.39,-0.00541,-0.00164,2.93354,-446.7,1224.3,-76.92,-175.08,2.16,3.4,,
140.201,ruido,ruido,-0.1089,0.5717,0.2224,68.05,-59.0,-49.89,5.99,68,-55,-56,22,1232.33,-563.45,115.23,-0.00712,0.00271,2.97577,-446.1,1225.9,-79.94,-178.1,2.29,3.26,,
140.261,ruido,ruido,0.0002,0.6214,0.2485,80.62,-58.56,-40.83,18.83,59,-53,-58,24,1236.76,-559.74,115.04,-0.00776,-0.00034,3.04838,-445.4,1227.6,-79.94,-178.1,2.29,3.26,,
140.304,ruido,ruido,-0.1121,0.6542,0.1808,66.16,-67.45,-55.16,20.58,82,-69,-56,27,1239.59,-557.68,115.18,-0.00972,-0.00433,3.10515,-445.4,1230.1,-83.17,178.67,2.52,3.12,,
140.341,ruido,ruido,-0.1988,0.6071,0.2379,56.2,-79.0,-49.95,9.13,82,-69,-56,27,1242.99,-555.45,115.1,-0.00814,-0.00598,-3.13349,-445.4,1230.1,-86.77,175.07,2.72,3.06,,
140.422,ruido,ruido,-0.1824,0.667,0.166,55.9,-77.38,-58.52,21.63,71,-68,-50,24,1249.4,-550.98,115.01,-0.00567,-0.00657,-3.04491,-443.2,1237.9,-93.55,168.29,3.08,2.71,,
140.46,ruido,ruido,-0.258,0.6537,0.1697,48.28,-83.46,-62.41,15.03,62,-64,-46,37,1253.49,-547.09,115.47,-0.00788,-0.00646,-2.97336,-441.2,1241.6,-93.55,168.29,3.08,2.71,,
140.501,ruido,ruido,-0.1734,0.6876,0.1745,54.41,-83.52,-54.23,27.87,70,-80,-69,25,1256.39,-544.23,115.42,-0.00709,-0.00571,-2.92966,-438.6,1244.3,-97.33,164.51,3.24,2.54,,
140.561,ruido,ruido,-0.1113,0.6518,0.2295,57.63,-83.38,-38.71,28.85,61,-77,-41,18,1261.55,-536.95,115.5,-0.00771,-0.0044,-2.84841,-433.8,1246.2,-101.41,160.43,3.48,2.34,,
140.601,ruido,ruido,-0.1155,0.6302,0.1997,57.18,-75.59,-43.71,25.17,50,-84,-61,13,1265.42,-529.94,115.47,-0.00823,-0.00385,-2.78371,-427.5,1248.5,-105.58,156.26,3.64,2.12,,
140.661,ruido,ruido,-0.0457,0.6206,0.2442,66.7,-71.67,-34.94,25.28,51,-75,-41,11,1269.92,-521.42,115.45,-0.00884,-0.00451,-2.70587,-420.8,1250.5,-109.47,152.37,3.77,1.89,,
140.701,ruido,ruido,-0.0926,0.6428,0.269,67.22,-78.66,-39.0,20.81,76,-74,-45,17,1272.26,-517.65,115.51,-0.00944,-0.00567,-2.6651,-414.7,1252.4,-116.89,144.95,4.02,1.46,,
140.761,ruido,ruido,-0.1382,0.5591,0.36,60.04,-87.03,-24.55,7.31,60,-74,-36,27,1277.16,-511.54,115.43,-0.00814,-0.00668,-2.58466,-414.7,1252.4,-120.72,141.12,4.14,1.33,,
140.801,ruido,ruido,-0.1879,0.4893,0.319,55.15,-74.16,-34.18,-6.93,70,-72,-36,26,1282.13,-507.14,115.47,-0.01246,-0.00725,-2.52141,-406.0,1258.4,-124.54,137.3,4.25,1.04,,
140.861,ruido,ruido,-0.2185,0.5002,0.4459,64.76,-86.62,-28.38,-19.68,64,-72,-22,17,1288.4,-499.63,115.36,-0.01092,-0.00518,-2.43923,-401.9,1262.5,-128.11,133.73,4.26,0.81,,
140.901,ruido,ruido,-0.2132,0.6451,0.4328,75.89,-96.58,-40.75,-6.79,70,-77,-30,19,1290.83,-496.16,115.58,-0.01201,-0.00836,-2.40306,-396.2,1266.7,-131.39,130.45,4.29,0.59,,
140.96,ruido,ruido,-0.2878,0.6251,0.4581,65.32,-107.99,-38.08,-11.35,73,-83,-31,13,1295.26,-487.5,115.51,-0.01114,-0.00726,-2.32547,-396.2,1266.7,-134.81,127.03,4.38,0.39,,
141.002,ruido,ruido,-0.2391,0.5451,0.5211,74.9,-95.71,-29.78,-25.93,65,-113,-46,15,1297.84,-480.08,115.55,-0.0087,-0.00685,-2.26194,-383.7,1271.0,-138.61,123.23,4.46,0.16,,
141.041,ruido,ruido,-0.1545,0.526,0.6018,87.93,-92.52,-16.36,-28.49,71,-112,-39,7,1300.12,-474.06,115.08,-0.01713,-0.00673,-2.21483,-383.7,1271.0,-143.2,118.64,4.45,-0.16,,
141.121,ruido,ruido,-0.0692,0.4641,0.5637,86.92,-77.53,-7.8,-23.74,71,-110,-41,-15,1303.51,-450.33,115.08,-0.01789,-0.00964,-2.08212,-366.6,1272.4,-147.73,114.11,4.41,-0.47,,
141.16,ruido,ruido,-0.0307,0.4578,0.5391,87.45,-72.06,-6.11,-19.1,76,-95,-13,-36,1304.57,-442.54,115.16,-0.01708,-0.01094,-2.05558,-366.6,1272.4,-151.45,110.39,4.41,-0.69,,
141.202,ruido,ruido,-0.0446,0.4855,0.4654,76.42,-75.72,-9.08,-5.88,77,-83,-4,-31,1305.94,-432.24,115.32,-0.01251,-0.01099,-2.02185,-339.8,1270.4,-154.14,107.7,4.39,-0.84,,
141.241,ruido,ruido,-0.0488,0.4589,0.4934,76.01,-76.37,-4.87,-10.4,98,-71,14,-32,1307.8,-424.54,115.32,-0.01142,-0.0113,-2.00258,-339.8,1270.4,-156.24,105.6,4.33,-1.04,,
141.301,ruido,ruido,0.0334,0.4571,0.4317,74.59,-67.63,-0.17,3.89,98,-71,14,-32,1313.9,-407.71,115.01,-0.01539,-0.01173,-1.95457,-324.7,1271.4,-158.12,103.72,4.31,-1.12,,
141.36,ruido,ruido,-0.0197,0.4261,0.5175,76.36,-74.62,3.28,-11.33,82,-66,9,8,1320.35,-395.61,115.13,-0.01343,-0.01327,-1.89802,-298.5,1278.1,-160.43,101.41,4.27,-1.23,,
141.401,ruido,ruido,-0.0481,0.2886,0.4858,60.18,-63.72,9.86,-21.7,89,-60,5,14,1325.01,-388.38,115.21,-0.01747,-0.01457,-1.85323,-298.5,1278.1,-163.31,98.53,4.26,-1.4,,
141.462,ruido,ruido,0.0123,0.3126,0.5553,73.54,-65.32,17.27,-21.57,69,-63,6,16,1331.15,-378.97,115.18,-0.01739,-0.01445,-1.79602,-281.1,1287.7,-166.41,95.43,4.13,-1.61,,
141.502,ruido,ruido,0.0257,0.3241,0.6183,72.57,-78.21,30.48,-16.59,69,-50,9,-17,1333.26,-374.35,115.18,-0.01684,-0.01466,-1.77758,-273.2,1291.3,-168.98,92.86,4.02,-1.8,,
141.561,ruido,ruido,0.0041,0.3034,0.6311,68.03,-81.5,33.61,-18.82,42,-54,15,-23,1335.92,-361.18,115.33,-0.00948,-0.01515,-1.74631,-273.2,1291.3,-170.47,91.37,3.99,-1.89,,
141.601,ruido,ruido,0.1032,0.3118,0.6507,76.01,-78.0,44.61,-9.61,42,-54,15,-23,1336.68,-351.33,115.32,-0.00842,-0.01582,-1.72386,-263.7,1292.0,-171.72,90.12,3.95,-1.94,,
141.661,ruido,ruido,0.1007,0.3271,0.6969,76.44,-87.4,51.17,-7.99,79,-94,21,-22,1338.14,-333.5,115.38,-0.01224,-0.01776,-1.67588,-239.8,1288.4,-173.46,88.38,3.97,-1.99,,
141.702,ruido,ruido,0.077,0.2436,0.6796,74.63,-73.08,46.43,-23.34,99,-94,34,-23,1339.63,-323.98,115.35,-0.01452,-0.01841,-1.65,-225.5,1286.8,-175.9,85.94,3.92,-2.23,,
141.762,ruido,ruido,0.154,0.1759,0.6832,79.06,-58.4,54.89,-26.28,77,-84,56,-25,1345.62,-301.2,115.22,-0.0152,-0.01793,-1.59716,-209.7,1287.3,-178.45,83.39,3.86,-2.43,,
141.801,ruido,ruido,0.1106,0.156,0.5996,64.02,-56.88,49.61,-21.37,77,-84,56,-25,1349.33,-288.69,115.17,-0.01565,-0.0188,-1.58443,-209.7,1287.3,179.71,81.55,3.74,-2.56,,
141.84,ruido,ruido,0.1597,0.0621,0.6075,63.94,-43.19,58.81,-28.45,90,-53,64,-35,1351.98,-279.65,115.14,-0.01532,-0.01733,-1.57885,-192.0,1288.8,178.92,80.76,3.66,-2.61,,
141.921,ruido,ruido,0.1729,-0.0331,0.6357,59.98,-36.43,69.39,-37.62,66,-47,44,-28,1358.16,-258.1,115.26,-0.01359,-0.01629,-1.56663,-174.3,1289.8,178.59,80.43,3.64,-2.67,,
141.962,ruido,ruido,0.2698,-0.0164,0.6882,72.96,-34.52,80.32,-32.42,58,-34,54,-24,1361.63,-246.77,115.29,-0.0163,-0.01727,-1.56238,-144.8,1291.2,178.09,79.93,3.6,-2.66,,
142.001,ruido,ruido,0.3082,0.0145,0.7922,84.63,-44.44,91.43,-33.01,58,-34,54,-24,1363.48,-239.96,115.45,-0.00988,-0.01495,-1.56175,-144.8,1291.2,177.82,79.66,3.63,-2.78,,
142.06,ruido,ruido,0.3895,-0.0234,0.6815,75.78,-29.5,95.57,-17.21,41,-32,94,-36,1368.54,-226.86,115.4,-0.01574,-0.01736,-1.5673,-133.2,1291.8,178.07,79.91,3.68,-2.74,,
142.101,ruido,ruido,0.4634,-0.0223,0.5806,73.43,-15.9,93.61,-2.85,59,-33,64,-28,1373.94,-213.97,115.39,-0.01647,-0.01816,-1.56079,-121.1,1292.7,178.08,79.92,3.67,-2.78,,
142.161,ruido,ruido,0.3742,-0.0515,0.5356,60.39,-17.07,85.17,-8.77,92,-27,102,-20,1382.72,-196.85,115.57,-0.01684,-0.01897,-1.55242,-92.9,1298.8,177.62,79.46,3.67,-2.83,,
142.201,ruido,ruido,0.3173,-0.1045,0.5885,57.13,-20.3,87.79,-23.09,92,-27,102,-20,1388.04,-188.24,115.5,-0.01643,-0.01875,-1.55327,-92.9,1298.8,177.25,79.09,3.69,-2.86,,
142.26,ruido,ruido,0.307,-0.0998,0.7179,65.78,-33.12,98.21,-32.62,77,-12,93,-21,1399.52,-172.67,115.6,-0.01595,-0.01742,-1.56824,-75.8,1305.1,177.55,79.39,3.65,-2.84,,
142.3,ruido,ruido,0.331,-0.0633,0.7236,76.89,-28.76,91.86,-34.06,77,-9,79,-30,1408.36,-161.07,115.7,-0.01553,-0.01478,-1.58734,-58.5,1312.1,178.43,80.27,3.66,-2.78,,
142.361,ruido,ruido,0.3211,-0.0781,0.6518,74.62,-17.18,81.04,-35.74,68,-28,82,-35,1418.09,-146.86,115.78,-0.01293,-0.01434,-1.60294,-15.8,1329.2,179.36,81.2,3.64,-2.7,,
142.401,ruido,ruido,0.3045,-0.1149,0.6633,67.46,-20.28,87.39,-37.13,68,-28,82,-35,1422.85,-139.29,115.8,-0.01193,-0.01535,-1.60651,-15.8,1329.2,-179.86,81.98,3.68,-2.56,,
142.46,ruido,ruido,0.2476,-0.2019,0.7204,56.54,-26.43,98.35,-49.23,70,-27,73,-36,1431.74,-123.81,115.98,-0.0129,-0.01498,-1.61519,-15.8,1329.2,-179.4,82.44,3.73,-2.59,,
142.521,ruido,ruido,0.2171,-0.1883,0.6975,59.07,-22.39,87.26,-54.47,89,-30,86,-27,1442.44,-105.16,115.93,-0.01108,-0.01479,-1.63513,-1.0,1333.1,-179.03,82.81,3.77,-2.61,,
142.561,ruido,ruido,0.2387,-0.1455,0.67,71.08,-12.85,74.32,-56.16,78,-21,78,-45,1448.17,-94.26,116.02,-0.01059,-0.01438,-1.65586,29.0,1341.4,-178.16,83.68,3.81,-2.51,,
142.601,ruido,ruido,0.1531,-0.0842,0.5905,58.16,-22.84,60.8,-47.15,49,-21,121,-66,1452.29,-86.24,115.89,-0.01668,-0.01522,-1.6739,45.5,1344.7,-176.62,85.22,3.87,-2.44,,
142.66,ruido,ruido,0.1238,-0.0767,0.6691,65.66,-29.13,61.2,-58.13,61,-24,109,-55,1459.93,-69.44,115.92,-0.01659,-0.015,-1.69766,61.8,1347.5,-175.15,86.69,3.93,-2.35,,
142.701,ruido,ruido,0.134,-0.1544,0.6149,49.54,-24.13,70.27,-52.81,60,-33,73,-59,1465.39,-55.92,115.95,-0.01479,-0.0152,-1.69998,76.5,1350.7,-175.15,86.69,3.93,-2.35,,
142.761,ruido,ruido,0.021,-0.1237,0.6046,39.06,-37.88,61.04,-55.5,56,-42,61,-35,1470.76,-41.14,115.98,-0.01473,-0.01529,-1.69815,89.4,1353.1,-174.39,87.45,3.93,-2.22,,
142.801,ruido,ruido,0.0797,-0.18,0.537,29.82,-27.29,68.85,-45.86,44,-25,56,-56,1473.18,-34.57,116.04,-0.01471,-0.0152,-1.70703,101.2,1355.2,-174.36,87.48,3.95,-2.19,,
142.861,ruido,ruido,0.0519,-0.0789,0.5008,35.03,-32.47,53.4,-39.35,36,-26,65,-67,1476.77,-22.31,115.92,-0.01395,-0.01386,-1.73524,113.5,1355.9,-173.18,88.66,3.95,-2.03,,
142.901,ruido,ruido,0.0077,-0.1285,0.443,28.81,-21.52,43.31,-48.13,25,-20,48,-49,1479.38,-12.42,115.87,-0.01393,-0.01418,-1.75511,125.4,1355.7,-173.18,88.66,3.95,-2.03,,
142.961,ruido,ruido,0.0137,-0.1202,0.4091,23.75,-22.49,43.9,-40.79,27,-28,50,-51,1482.58,-1.1,115.82,-0.00906,-0.01106,-1.76665,135.9,1355.9,-171.0,90.84,4.02,-1.82,,
143.0,ruido,ruido,0.0049,-0.1114,0.4826,26.99,-32.41,51.03,-44.02,34,-30,47,-41,1483.9,4.21,115.81,-0.00793,-0.01072,-1.76984,145.1,1356.5,-171.0,90.84,4.02,-1.82,,
143.061,ruido,ruido,-0.0484,-0.068,0.4484,14.19,-46.67,49.81,-32.81,25,-22,37,-46,1486.75,15.24,115.84,-0.00837,-0.01029,-1.78235,153.7,1357.1,-170.64,91.2,4.02,-1.77,,
143.101,ruido,ruido,-0.0908,-0.0714,0.564,21.07,-57.74,54.64,-47.03,16,-23,39,-31,1488.67,21.13,115.91,-0.008,-0.01043,-1.79472,161.7,1357.0,-170.29,91.55,4.0,-1.69,,
143.141,ruido,ruido,-0.1805,-0.0878,0.5439,8.94,-64.02,49.19,-51.88,27,-17,56,-60,1490.08,25.66,115.92,-0.00775,-0.01116,-1.8042,169.9,1357.4,-169.64,92.2,4.01,-1.72,,
143.2,ruido,ruido,-0.1611,-0.0965,0.4955,9.09,-54.75,44.41,-50.3,28,-52,44,-40,1492.5,36.21,115.87,-0.00783,-0.01016,-1.81536,179.2,1357.6,-168.68,93.16,4.05,-1.55,,
143.26,ruido,ruido,-0.1715,-0.1692,0.4549,1.17,-44.53,44.16,-55.69,25,-66,46,-62,1493.91,50.86,115.94,-0.00895,-0.01073,-1.83209,190.6,1356.2,-167.98,93.86,4.06,-1.54,,
143.301,ruido,ruido,-0.2437,-0.1703,0.3662,-8.23,-39.57,27.83,-58.01,22,-57,40,-68,1494.55,60.21,116.01,-0.00839,-0.01069,-1.84259,203.6,1353.1,-167.46,94.38,4.06,-1.46,,
143.361,ruido,ruido,-0.2761,-0.1088,0.344,-7.12,-44.76,17.99,-54.46,17,-51,57,-80,1494.92,74.09,115.99,-0.01033,-0.01059,-1.85828,216.9,1350.2,-165.93,95.91,4.07,-1.36,,
143.4,ruido,ruido,-0.3006,-0.1395,0.326,-8.94,-38.78,13.0,-61.49,20,-52,36,-57,1494.78,80.76,115.96,-0.01022,-0.01076,-1.86406,229.4,1347.6,-165.93,95.91,4.07,-1.36,,
143.461,ruido,ruido,-0.2341,-0.1517,0.2652,-12.62,-30.79,17.59,-49.11,14,-51,24,-58,1493.09,94.27,116.02,-0.01145,-0.01055,-1.86927,240.0,1345.0,-165.23,96.61,4.09,-1.39,,
143.501,ruido,ruido,-0.301,-0.1356,0.2558,-15.05,-34.29,7.83,-54.8,2,-54,10,-37,1491.34,100.9,116.02,-0.0108,-0.01059,-1.8679,248.4,1341.7,-164.73,97.11,4.13,-1.44,,
143.561,ruido,ruido,-0.339,-0.0462,0.2508,-13.84,-46.58,-0.28,-47.79,-6,-34,9,-57,1487.32,108.33,115.99,-0.0116,-0.01039,-1.8814,254.9,1337.7,-164.65,97.19,4.13,-1.44,,
143.601,ruido,ruido,-0.2761,-0.0782,0.2188,-24.12,-46.62,14.95,-32.56,-16,-24,3,-50,1484.33,111.38,115.88,-0.01087,-0.00941,-1.89135,260.7,1332.9,-164.65,97.19,4.13,-1.44,,
143.66,ruido,ruido,-0.3504,-0.1318,0.2661,-32.81,-54.31,19.33,-44.34,-31,-36,-9,-52,1475.27,118.78,115.7,-0.01074,-0.01012,-1.9036,265.4,1326.2,-163.91,97.93,4.14,-1.4,,
143.701,ruido,ruido,-0.333,-0.0411,0.2586,-28.08,-62.88,16.17,-31.77,-26,-41,-25,-45,1469.88,123.46,115.65,-0.01215,-0.01122,-1.90464,269.0,1318.0,-163.01,98.83,4.14,-1.34,,
143.761,ruido,ruido,-0.3275,-0.0751,0.3363,-23.22,-65.02,24.63,-41.19,-16,-49,4,-47,1462.33,131.16,115.68,-0.01216,-0.0118,-1.90902,272.7,1310.3,-162.65,99.19,4.21,-1.31,,
143.821,ruido,ruido,-0.343,-0.0548,0.399,-21.84,-76.91,30.81,-41.82,-22,-46,15,-48,1454.5,140.46,115.63,-0.01208,-0.01204,-1.91546,278.8,1303.6,-162.39,99.45,4.28,-1.37,,
143.861,ruido,ruido,-0.2698,-0.126,0.4543,-10.51,-63.03,40.02,-52.82,-21,-56,32,-41,1451.36,144.31,115.58,-0.01196,-0.01203,-1.92018,286.7,1297.8,-162.39,99.45,4.28,-1.37,,
143.901,ruido,ruido,-0.2277,-0.0556,0.4415,-6.83,-68.57,41.04,-38.5,-17,-66,50,-54,1447.57,149.57,115.48,-0.01225,-0.01168,-1.92393,296.0,1293.1,-162.16,99.68,4.32,-1.37,,
143.941,ruido,ruido,-0.1572,-0.0881,0.4581,4.37,-54.84,43.77,-43.61,-5,-82,17,-33,1445.28,153.87,115.4,-0.01212,-0.01071,-1.92293,306.3,1288.7,-161.75,100.09,4.35,-1.37,,
144.021,ruido,ruido,-0.1946,-0.0947,0.3595,-4.01,-46.38,30.39,-42.29,11,-67,50,-30,1441.92,165.87,115.29,-0.01341,-0.01171,-1.91308,316.0,1285.8,-161.5,100.34,4.35,-1.33,,
144.06,ruido,ruido,-0.1761,0.0305,0.3705,3.54,-60.62,27.57,-26.83,9,-46,53,-37,1441.46,173.88,115.39,-0.01257,-0.01231,-1.91336,326.7,1285.6,-161.8,100.04,4.36,-1.34,,
144.1,ruido,ruido,-0.1484,-0.0025,0.3783,13.1,-47.03,23.68,-37.25,18,-44,22,-38,1441.6,178.89,115.23,-0.01278,-0.01064,-1.91386,337.6,1286.1,-162.16,99.68,4.39,-1.41,,
144.16,ruido,ruido,-0.141,-0.0107,0.397,25.33,-36.49,15.64,-49.59,20,-64,41,-37,1442.59,188.83,115.18,-0.01373,-0.01043,-1.91488,347.9,1285.9,-162.15,99.69,4.35,-1.38,,
144.201,ruido,ruido,-0.1478,0.0012,0.3368,19.11,-34.97,11.13,-42.56,30,-43,20,-35,1443.4,197.1,115.18,-0.0143,-0.01069,-1.91197,347.9,1285.9,-162.02,99.82,4.35,-1.4,,
144.261,ruido,ruido,-0.1321,-0.1355,0.3564,12.99,-22.35,22.89,-55.81,18,-48,15,-42,1442.85,206.86,115.23,-0.01402,-0.01098,-1.90202,366.1,1285.1,-162.31,99.53,4.35,-1.45,,
144.301,ruido,ruido,-0.1537,-0.099,0.4017,25.85,-22.57,13.82,-66.28,19,-40,-4,-33,1441.44,211.44,115.08,-0.01421,-0.01008,-1.894,373.3,1282.9,-162.31,99.53,4.35,-1.45,,
144.362,ruido,ruido,-0.2852,-0.0647,0.3987,16.59,-36.85,1.56,-72.57,-1,-35,4,-38,1436.53,220.3,115.09,-0.01333,-0.01006,-1.90274,379.0,1278.8,-162.9,98.94,4.27,-1.52,,
144.4,ruido,ruido,-0.3286,-0.0125,0.5043,31.71,-46.98,-3.59,-86.29,-12,-23,8,-65,1434.09,225.31,115.1,-0.01182,-0.01095,-1.91846,379.0,1278.8,-162.64,99.2,4.27,-1.5,,
144.462,ruido,ruido,-0.3501,0.0605,0.5333,43.1,-51.91,-13.78,-89.44,26,-41,13,-64,1431.12,235.44,114.94,-0.01113,-0.01002,-1.93185,392.5,1269.0,-161.56,100.28,4.32,-1.42,,
144.501,ruido,ruido,-0.433,-0.0077,0.4493,30.88,-39.77,-28.29,-101.4,43,-59,19,-86,1429.36,244.45,114.85,-0.01354,-0.00936,-1.93433,401.1,1265.1,-161.56,100.28,4.32,-1.42,,
144.561,ruido,ruido,-0.3359,-0.0629,0.3813,22.18,-28.75,-14.91,-85.99,57,-75,-6,-160,1426.16,260.33,114.95,-0.01251,-0.01067,-1.92161,413.4,1261.7,-160.93,100.91,4.34,-1.47,,
144.601,ruido,ruido,-0.3386,-0.0063,0.4363,28.76,-40.03,-13.14,-83.95,41,-68,-12,-111,1423.16,270.97,114.87,-0.01486,-0.00943,-1.90832,428.1,1256.6,-161.7,100.14,4.33,-1.54,,
144.661,ruido,ruido,-0.461,-0.0145,0.4183,20.73,-43.89,-27.56,-96.82,20,-23,-12,-75,1417.3,285.22,114.84,-0.01823,-0.01127,-1.89307,441.8,1249.8,-162.63,99.21,4.34,-1.69,,
144.721,ruido,ruido,-0.5014,0.0055,0.3875,7.81,-55.06,-26.04,-87.16,31,-67,-18,-120,1410.95,295.24,115.27,-0.00811,-0.01254,-1.87852,451.8,1243.1,-162.63,99.21,4.34,-1.69,,
144.761,ruido,ruido,-0.5425,0.0701,0.432,17.96,-62.38,-35.63,-93.54,31,-67,-18,-120,1403.85,304.65,114.73,-0.01298,-0.01053,-1.87333,451.8,1243.1,-164.2,97.64,4.36,-1.88,,
144.801,ruido,ruido,-0.5182,0.114,0.3916,15.17,-65.72,-35.43,-79.85,-11,-38,-44,-77,1396.73,310.95,114.61,-0.01148,-0.01058,-1.8811,460.8,1235.3,-164.35,97.49,4.33,-1.89,,
144.841,ruido,ruido,-0.4899,0.06,0.5083,23.86,-67.06,-20.92,-92.66,-27,-52,-29,-83,1389.02,317.18,114.5,-0.01221,-0.01034,-1.88652,468.0,1225.0,-163.74,98.1,4.34,-1.78,,
144.92,ruido,ruido,-0.5407,-0.0266,0.5789,11.78,-76.58,-5.67,-102.55,26,-64,-42,-79,1374.16,328.61,114.7,-0.00839,-0.01312,-1.8774,476.2,1212.4,-163.71,98.13,4.39,-1.82,,
144.961,ruido,ruido,-0.5464,-0.0533,0.5452,8.53,-70.16,-8.73,-104.49,-13,-81,-33,-102,1363.26,338.38,114.22,-0.01676,-0.01221,-1.87587,491.9,1189.8,-164.24,97.6,4.36,-1.8,,
145.001,ruido,ruido,-0.4837,-0.0053,0.5732,14.11,-76.75,0.21,-92.35,-13,-81,-33,-102,1352.64,348.65,114.05,-0.01359,-0.01318,-1.89085,491.9,1189.8,-164.28,97.56,4.35,-1.76,,
145.06,ruido,ruido,-0.4417,-0.0471,0.4345,-1.14,-63.12,-0.02,-77.07,-21,-61,-17,-120,1343.98,357.58,114.13,-0.00872,-0.0129,-1.90899,502.6,1178.5,-163.34,98.5,4.4,-1.7,,
145.101,ruido,ruido,-0.4593,0.0124,0.3129,-10.39,-62.43,-13.03,-61.11,-34,-62,-13,-120,1334.39,370.58,113.1,-0.01915,-0.00982,-1.93009,514.8,1165.4,-162.03,99.81,4.4,-1.63,,
145.161,ruido,ruido,-0.4774,0.0178,0.3499,-4.52,-63.37,-15.86,-69.0,-25,-65,-16,-78,1323.69,385.69,112.88,-0.02026,-0.01047,-1.94678,526.7,1152.3,-160.96,100.88,4.42,-1.55,,
145.2,ruido,ruido,-0.3845,-0.0109,0.3995,8.33,-53.85,-5.92,-71.58,-25,-65,-16,-78,1318.51,392.54,112.78,-0.02052,-0.01045,-1.9504,538.6,1140.1,-160.33,101.51,4.43,-1.55,,
145.26,ruido,ruido,-0.2852,0.0571,0.4446,22.69,-57.59,2.82,-59.19,-20,-60,-19,-58,1308.75,403.49,112.44,-0.02004,-0.00888,-1.95364,549.2,1128.9,-160.02,101.82,4.43,-1.55,,
145.301,ruido,ruido,-0.2885,0.0509,0.4134,10.31,-63.98,9.68,-48.32,-29,-54,-23,-67,1301.88,410.83,112.39,-0.0189,-0.00804,-1.95486,562.9,1110.1,-159.9,101.94,4.42,-1.53,,
145.36,ruido,ruido,-0.2288,0.0824,0.4469,10.28,-74.41,24.62,-33.7,-20,-56,-19,-40,1295.1,419.13,112.27,-0.02251,-0.00869,-1.95099,562.9,1110.1,-159.91,101.93,4.43,-1.53,,
145.401,ruido,ruido,-0.2713,0.0967,0.5119,18.08,-79.29,20.42,-46.01,-10,-49,-18,-49,1291.64,423.29,112.48,-0.01922,-0.01188,-1.9503,567.8,1102.5,-160.12,101.72,4.42,-1.56,,
145.461,ruido,ruido,-0.3164,0.0563,0.592,17.8,-85.94,26.29,-59.42,-14,-53,-11,-40,1284.62,434.32,112.18,-0.01893,-0.01039,-1.95003,572.7,1096.1,-160.05,101.79,4.45,-1.53,,
145.502,ruido,ruido,-0.248,0.0101,0.6157,23.21,-76.92,35.64,-61.27,-7,-62,1,-50,1281.9,442.49,112.16,-0.01961,-0.01156,-1.94129,586.1,1083.2,-160.1,101.74,4.45,-1.47,,
145.563,ruido,ruido,-0.2128,-0.0141,0.5952,13.1,-79.88,48.09,-49.4,32,-80,22,-56,1279.88,457.79,112.17,-0.02023,-0.0134,-1.92404,597.0,1079.4,-160.84,101.0,4.46,-1.51,,
145.602,ruido,ruido,-0.1759,-0.0931,0.5393,-0.49,-71.87,58.62,-42.57,32,-80,22,-56,1279.41,466.47,112.0,-0.02068,-0.01173,-1.91687,597.0,1079.4,-161.71,100.13,4.46,-1.58,,
145.662,ruido,ruido,-0.2044,-0.1521,0.5564,-12.69,-77.39,69.01,-44.34,38,-80,57,-69,1279.3,487.16,111.93,-0.02094,-0.01225,-1.92166,611.1,1076.9,-162.13,99.71,4.47,-1.63,,
145.701,ruido,ruido,-0.2847,-0.119,0.509,-26.79,-89.19,62.68,-37.79,19,-69,48,-79,1279.89,498.48,111.71,-0.02021,-0.01188,-1.93046,644.7,1073.8,-161.72,100.12,4.52,-1.59,,
145.762,ruido,ruido,-0.3101,-0.0862,0.5163,-24.65,-93.46,57.64,-38.77,9,-66,68,-55,1281.01,514.1,111.69,-0.02062,-0.01269,-1.94721,644.7,1073.8,-161.03,100.81,4.55,-1.5,,
145.821,ruido,ruido,-0.269,-0.0518,0.4969,-23.7,-94.92,60.17,-27.62,-31,-102,37,-34,1281.95,530.77,111.55,-0.0152,-0.01194,-1.96569,673.0,1071.8,-160.21,101.63,4.57,-1.44,,
145.862,ruido,ruido,-0.2746,-0.0676,0.4376,-21.09,-80.3,47.17,-33.66,-31,-102,37,-34,1282.1,537.01,111.79,-0.01992,-0.01455,-1.97458,673.0,1071.8,-159.39,102.45,4.6,-1.31,,
145.902,ruido,ruido,-0.3267,-0.0283,0.3807,-31.63,-88.02,40.27,-25.17,-13,-108,60,-31,1282.51,545.28,111.71,-0.01944,-0.01423,-1.98287,683.8,1068.5,-158.74,103.1,4.63,-1.28,,
145.962,ruido,ruido,-0.425,-0.0516,0.3917,-40.79,-95.2,35.46,-35.46,-27,-82,42,-26,1283.15,556.68,111.66,-0.01855,-0.01469,-1.99859,705.3,1061.0,-158.08,103.76,4.62,-1.2,,
146.001,ruido,ruido,-0.4984,-0.0087,0.3513,-49.16,-103.97,25.63,-31.98,-27,-82,42,-26,1283.45,561.97,111.67,-0.01847,-0.01471,-2.00687,705.3,1061.0,-157.31,104.53,4.66,-1.11,,
146.062,ruido,ruido,-0.528,0.0608,0.3888,-37.62,-109.55,15.35,-37.14,-42,-96,28,-26,1283.31,572.93,111.67,-0.01881,-0.01341,-2.02862,714.5,1057.3,-156.49,105.35,4.62,-0.98,,
146.102,ruido,ruido,-0.4262,0.0319,0.4145,-21.66,-93.08,19.78,-41.44,-48,-99,28,-30,1282.8,578.81,111.61,-0.01794,-0.01386,-2.04222,723.0,1052.3,-155.56,106.28,4.63,-0.92,,
146.142,ruido,ruido,-0.3755,0.0266,0.4099,-7.98,-77.82,13.48,-47.84,-50,-82,20,-46,1282.04,582.99,111.5,-0.01796,-0.01323,-2.0513,731.8,1045.7,-154.61,107.23,4.65,-0.84,,
146.222,ruido,ruido,-0.522,0.0108,0.3913,-20.38,-84.71,-0.53,-61.42,4,-80,4,-31,1279.65,596.72,111.55,-0.01791,-0.01383,-2.05475,741.8,1037.9,-153.86,107.98,4.68,-0.82,,
146.262,ruido,ruido,-0.6081,-0.0565,0.4529,-33.56,-96.98,8.73,-72.77,4,-80,4,-31,1278.77,601.47,111.4,-0.0179,-0.01289,-2.04184,751.6,1029.4,-153.91,107.93,4.66,-0.78,,
146.302,ruido,ruido,-0.4936,-0.0369,0.5155,-18.88,-95.46,22.39,-66.0,15,-89,-20,-30,1275.68,608.48,111.4,-0.01752,-0.01368,-2.02694,768.6,1018.6,-154.99,106.85,4.59,-0.9,,
146.342,ruido,ruido,-0.4899,-0.0052,0.4505,-19.68,-90.93,13.37,-59.54,-30,-75,-25,-58,1270.43,616.62,111.35,-0.01729,-0.01379,-2.02679,777.2,1010.6,-155.88,105.96,4.57,-0.97,,
146.422,ruido,ruido,-0.4588,0.0556,0.5074,-11.08,-101.16,18.84,-53.44,-38,-122,17,-91,1259.08,633.39,111.15,-0.01804,-0.0126,-2.06002,790.1,999.0,-155.22,106.62,4.6,-0.85,,
146.462,ruido,ruido,-0.5214,0.0795,0.4546,-16.23,-101.67,5.54,-54.47,-51,-99,1,-99,1251.68,646.53,111.1,-0.01841,-0.01265,-2.07875,806.9,986.7,-153.71,108.13,4.62,-0.82,,
146.503,ruido,ruido,-0.5065,0.0844,0.3805,-16.93,-91.31,-3.24,-50.6,-19,-122,11,-67,1246.05,659.9,110.92,-0.01788,-0.01115,-2.06789,823.0,975.9,-152.73,109.11,4.64,-0.78,,
146.562,ruido,ruido,-0.5472,0.1936,0.3616,-16.11,-104.95,-13.59,-40.46,-1,-102,-30,-48,1241.75,670.36,110.87,-0.01742,-0.01167,-2.04229,835.7,967.7,-153.51,108.33,4.56,-0.85,,
146.602,ruido,ruido,-0.4611,0.195,0.2931,-17.96,-96.07,-8.92,-24.61,7,-98,-22,-39,1236.3,682.37,110.77,-0.01812,-0.01143,-2.01454,844.6,960.0,-153.51,108.33,4.56,-0.85,,
146.663,ruido,ruido,-0.4291,0.1667,0.2954,-14.47,-88.41,-6.91,-27.5,-16,-89,-14,-36,1229.61,695.62,110.53,-0.01982,-0.01125,-1.98571,853.8,952.3,-156.89,104.95,4.5,-1.13,,
146.702,ruido,ruido,-0.3847,0.0813,0.2217,-29.28,-77.76,3.2,-19.27,-20,-105,-33,-23,1225.64,701.98,110.45,-0.01937,-0.01159,-1.96503,862.0,943.7,-158.29,103.55,4.5,-1.28,,
146.742,ruido,ruido,-0.3131,0.1151,0.2233,-22.46,-76.61,8.09,-9.22,-10,-106,-49,-29,1218.38,711.98,110.29,-0.01931,-0.01071,-1.92766,867.6,933.6,-158.29,103.55,4.5,-1.28,,
146.802,ruido,ruido,-0.2188,0.1583,0.2471,-11.33,-76.2,15.85,1.66,-34,-77,-25,-25,1209.37,721.81,110.4,-0.01308,-0.01084,-1.89429,872.7,922.7,-160.32,101.52,4.47,-1.4,,
146.842,ruido,ruido,-0.1908,0.1026,0.2293,-20.99,-74.1,27.16,6.89,-20,-63,-21,-29,1204.64,726.04,110.59,-0.01108,-0.01248,-1.8843,877.4,912.0,-162.19,99.65,4.42,-1.51,,
146.902,ruido,ruido,-0.2448,0.097,0.2898,-22.0,-83.9,29.2,-1.65,2,-79,9,-31,1196.47,734.59,110.62,-0.01041,-0.01396,-1.86153,882.7,903.1,-163.51,98.33,4.36,-1.61,,
146.962,ruido,ruido,-0.2118,0.1738,0.249,-14.14,-81.79,20.1,8.06,1,-70,19,-33,1188.72,744.61,110.18,-0.01315,-0.01172,-1.83493,882.7,903.1,-164.57,97.27,4.35,-1.65,,
147.002,ruido,ruido,-0.2688,0.2249,0.2216,-16.79,-88.23,9.23,9.77,-21,-100,25,-29,1184.5,749.51,110.32,-0.01399,-0.0115,-1.82399,898.8,895.4,-166.9,94.94,4.3,-1.78,,
147.062,ruido,ruido,-0.2524,0.1971,0.2161,-25.91,-92.02,20.11,17.06,-24,-95,-26,-36,1177.98,756.9,110.07,-0.01676,-0.01056,-1.81282,907.8,890.8,-167.49,94.35,4.29,-1.81,,
147.122,ruido,ruido,-0.2691,0.1975,0.2308,-35.78,-104.3,29.65,24.32,-16,-92,-34,-33,1168.63,764.24,110.44,-0.01265,-0.01413,-1.78979,916.0,883.6,-168.09,93.75,4.2,-1.88,,
147.162,ruido,ruido,-0.3099,0.1854,0.303,-34.68,-112.81,33.57,14.75,-34,-127,2,2,1164.96,767.33,110.18,-0.01399,-0.0117,-1.77895,916.0,883.6,-169.13,92.71,4.21,-1.9,,
147.202,ruido,ruido,-0.3778,0.0892,0.3652,-47.3,-120.0,45.28,1.13,-34,-122,79,14,1160.9,770.89,110.09,-0.01328,-0.01164,-1.76636,926.4,864.1,-170.03,91.81,4.21,-1.94,,
147.261,ruido,ruido,-0.283,0.1214,0.4057,-35.66,-120.0,55.3,9.8,-30,-111,43,-23,1154.67,777.17,109.71,-0.01897,-0.01224,-1.75048,926.4,864.1,-170.95,90.89,4.16,-1.99,,
147.322,ruido,ruido,-0.2548,0.1899,0.4072,-24.47,-120.0,48.86,14.08,-53,-135,57,-29,1150.61,780.48,109.67,-0.01894,-0.01213,-1.74759,942.4,851.9,-171.62,90.22,4.09,-1.98,,
147.361,ruido,ruido,-0.3095,0.1906,0.4433,-18.57,-120.0,39.97,-0.45,-28,-126,48,-23,1145.5,784.44,109.65,-0.01804,-0.01124,-1.74899,942.4,851.9,-171.79,90.05,4.08,-1.98,,
147.402,ruido,ruido,-0.3244,0.1879,0.5135,-7.33,-119.55,37.59,-14.52,-28,-126,48,-23,1140.75,788.06,109.72,-0.01785,-0.01258,-1.75399,952.7,843.4,-171.68,90.16,4.05,-1.92,,
147.461,ruido,ruido,-0.2854,0.167,0.564,-3.03,-120.0,47.62,-15.91,-16,-137,41,-34,1137.02,790.75,109.59,-0.01807,-0.01115,-1.75827,963.9,833.9,-171.42,90.42,4.05,-1.94,,
147.522,ruido,ruido,-0.2545,0.1562,0.56,-5.41,-120.0,54.29,-10.32,-7,-163,18,-20,1133.69,795.07,109.65,-0.0175,-0.01209,-1.74902,986.0,817.2,-171.19,90.65,4.1,-1.87,,
147.562,ruido,ruido,-0.3213,0.1707,0.5627,-2.66,-120.0,41.28,-21.44,18,-98,78,-15,1132.59,799.34,109.75,-0.01607,-0.0132,-1.73465,986.0,817.2,-171.78,90.06,4.08,-1.91,,
147.602,ruido,ruido,-0.3472,0.2281,0.5054,-2.65,-120.0,27.96,-16.41,18,-112,49,-27,1131.48,805.2,109.53,-0.01645,-0.01122,-1.72406,1010.1,807.1,-172.6,89.24,3.99,-1.89,,
147.661,ruido,ruido,-0.2975,0.2434,0.5368,12.36,-112.46,25.93,-21.02,17,-131,31,-26,1130.58,810.84,109.59,-0.01591,-0.01121,-1.71856,1010.1,807.1,-173.14,88.7,3.93,-1.89,,
147.722,ruido,ruido,-0.2071,0.2419,0.5802,21.57,-109.97,38.12,-16.0,20,-127,21,-37,1129.32,820.31,109.59,-0.01539,-0.01098,-1.70622,1040.7,797.0,-173.56,88.28,3.93,-1.89,,
147.762,ruido,ruido,-0.204,0.1471,0.5962,13.64,-105.29,49.11,-22.74,23,-112,24,-27,1128.47,828.14,109.55,-0.0154,-0.01088,-1.69565,1054.8,789.9,-174.18,87.66,3.85,-1.92,,
147.802,ruido,ruido,-0.1993,0.1717,0.7286,26.12,-117.94,58.56,-30.54,23,-112,24,-27,1127.98,835.59,109.64,-0.01401,-0.01154,-1.6878,1054.8,789.9,-174.82,87.02,3.84,-1.98,,
147.842,ruido,ruido,-0.2629,0.2156,0.7391,32.75,-120.0,43.45,-40.32,11,-110,46,-23,1127.7,839.89,109.58,-0.01394,-0.01137,-1.6835,1067.5,783.4,-175.29,86.55,3.8,-1.98,,
147.901,ruido,ruido,-0.2154,0.2584,0.6852,41.14,-109.83,34.02,-34.26,21,-108,56,-27,1127.09,848.19,109.6,-0.01348,-0.01046,-1.67744,1080.1,778.0,-175.65,86.19,3.78,-1.95,,
147.963,ruido,ruido,-0.154,0.281,0.7285,50.08,-111.44,41.84,-29.76,19,-125,45,-26,1126.67,856.88,109.52,-0.01366,-0.01016,-1.67533,1093.4,773.2,-175.84,86.0,3.72,-1.96,,
148.002,ruido,ruido,-0.2429,0.2654,0.7695,45.58,-120.0,38.67,-42.0,22,-118,36,-28,1126.41,861.37,110.18,-0.00501,-0.01073,-1.67252,1107.9,767.7,-175.93,85.91,3.72,-1.96,,
148.061,ruido,ruido,-0.262,0.2858,0.8192,56.81,-120.0,32.35,-52.99,31,-113,45,-22,1127.23,875.34,110.05,-0.00434,-0.00893,-1.6494,1122.3,760.9,-176.38,85.46,3.74,-1.94,,
148.102,ruido,ruido,-0.1135,0.276,0.8295,68.16,-108.73,46.4,-42.16,55,-117,56,-27,1128.13,884.56,110.12,-0.00325,-0.00958,-1.6341,1136.0,754.9,-177.45,84.39,3.72,-2.03,,
148.141,ruido,ruido,-0.2013,0.3519,0.8472,72.84,-119.02,30.51,-48.75,73,-101,42,-20,1128.54,892.57,109.94,-0.00305,-0.00794,-1.62352,1150.7,750.7,-178.59,83.25,3.65,-2.09,,
148.221,ruido,ruido,-0.1574,0.4208,0.7936,74.3,-120.0,27.49,-32.16,73,-97,40,-55,1127.86,924.49,110.02,-0.00101,-0.00828,-1.58905,1166.5,745.7,-179.32,82.52,3.65,-2.08,,
148.262,ruido,ruido,-0.0538,0.4539,0.8092,82.09,-120.0,38.76,-18.07,73,-97,40,-55,1126.96,935.47,109.97,0.00025,-0.00766,-1.571,1184.5,740.4,179.58,81.42,3.59,-2.14,,
148.302,ruido,ruido,0.0211,0.4331,0.7778,81.66,-112.08,46.16,-8.99,91,-161,44,-50,1124.67,950.49,110.27,-0.00377,-0.00905,-1.53367,1222.3,726.9,177.84,79.68,3.51,-2.19,,
148.343,ruido,ruido,0.0342,0.3839,0.8671,86.93,-113.24,57.29,-20.03,98,-124,18,-40,1123.0,961.69,110.34,-0.00246,-0.00966,-1.50163,1239.8,719.8,175.3,77.14,3.43,-2.34,,
148.422,ruido,ruido,-0.093,0.3427,0.849,71.87,-118.79,49.08,-31.93,84,-113,27,-20,1119.79,990.34,110.45,0.00313,-0.00826,-1.41976,1255.8,713.9,172.27,74.11,3.35,-2.47,,
148.461,ruido,ruido,-0.0428,0.3205,0.7647,65.52,-108.1,49.98,-21.1,72,-106,54,-21,1118.78,1006.79,110.6,0.00323,-0.01052,-1.37967,1272.7,709.2,169.47,71.31,3.27,-2.57,,
148.504,ruido,ruido,-0.046,0.2959,0.8402,63.25,-118.53,63.83,-23.27,80,-95,39,-17,1117.8,1019.38,110.62,0.00216,-0.01092,-1.3522,1289.4,704.0,167.12,68.96,3.15,-2.67,,
148.542,ruido,ruido,-0.1894,0.2475,0.7891,45.84,-120.0,50.11,-36.55,61,-103,59,-30,1117.02,1031.48,110.62,0.00109,-0.0122,-1.32864,1305.9,697.6,165.21,67.05,3.07,-2.82,,
148.622,ruido,ruido,-0.2391,0.1924,0.7975,41.39,-117.0,47.96,-48.85,68,-141,62,-30,1115.17,1051.72,110.65,-0.00075,-0.01337,-1.29745,1321.4,690.0,163.64,65.48,3.01,-2.83,,
148.662,ruido,ruido,-0.1602,0.0996,0.8296,44.86,-103.82,62.24,-54.55,59,-130,39,-36,1112.9,1065.17,110.68,-0.00072,-0.01292,-1.2888,1336.4,680.7,162.58,64.42,2.94,-2.85,,
148.702,ruido,ruido,-0.1673,0.0832,0.7816,47.81,-90.54,50.47,-61.28,38,-89,63,-58,1109.56,1077.86,110.87,0.0003,-0.01219,-1.28624,1350.2,670.0,162.11,63.95,2.9,-2.89,,
148.744,ruido,ruido,-0.2252,0.001,0.8283,38.55,-94.14,57.95,-74.43,54,-88,54,-51,1107.89,1082.75,110.86,0.00051,-0.01248,-1.28796,1363.1,657.9,161.99,63.83,2.86,-2.83,,
148.802,ruido,ruido,-0.1551,0.0636,0.8806,51.57,-99.51,64.51,-66.2,33,-100,54,-80,1100.67,1099.71,110.91,0.00115,-0.01137,-1.30177,1376.2,645.9,162.48,64.32,2.88,-2.86,,
148.862,ruido,ruido,-0.2155,0.0723,0.9117,55.69,-101.75,55.71,-78.59,27,-109,61,-89,1093.31,1114.85,111.26,0.00654,-0.00973,-1.31743,1388.5,633.2,163.15,64.99,2.9,-2.76,,
148.902,ruido,ruido,-0.2366,0.0238,0.9824,49.54,-111.46,69.79,-83.59,42,-111,50,-70,1089.54,1123.41,111.07,0.00359,-0.01021,-1.32088,1401.7,620.3,163.83,65.67,2.93,-2.71,,
148.962,ruido,ruido,-0.192,0.0529,1.0083,53.51,-116.28,77.1,-75.77,47,-99,56,-59,1081.97,1142.23,111.38,0.00766,-0.00899,-1.31479,1416.0,608.3,163.93,65.77,2.89,-2.66,,
149.001,ruido,ruido,-0.1671,0.0926,0.9092,54.6,-105.69,64.14,-66.51,71,-120,72,-59,1075.34,1159.94,111.24,0.0035,-0.01049,-1.31114,1431.9,597.0,163.93,65.77,2.89,-2.66,,
149.062,ruido,ruido,-0.0384,0.0282,0.8671,54.53,-88.72,78.06,-56.17,66,-118,87,-99,1066.79,1182.26,111.55,0.00706,-0.00932,-1.30957,1450.7,585.1,163.42,65.26,2.91,-2.67,,
149.105,ruido,ruido,-0.0591,-0.0234,0.924,50.02,-94.07,88.37,-63.21,75,-97,72,-69,1059.52,1201.26,111.63,0.00622,-0.00922,-1.30713,1469.6,572.4,163.33,65.17,2.93,-2.71,,
149.162,ruido,ruido,-0.0848,0.037,1.0254,64.52,-105.45,85.96,-72.18,51,-106,77,-60,1053.24,1219.55,111.62,0.00534,-0.00906,-1.30466,1487.8,560.4,163.33,65.17,2.93,-2.71,,
149.203,ruido,ruido,-0.0801,0.0841,0.9382,67.65,-95.92,69.64,-67.01,48,-89,91,-57,1048.71,1233.55,111.54,0.00399,-0.00971,-1.30379,1504.6,550.4,162.99,64.83,2.91,-2.78,,
149.262,ruido,ruido,0.0434,0.0588,0.8916,72.54,-79.54,77.07,-56.19,64,-99,80,-64,1042.78,1254.24,111.54,0.00305,-0.01008,-1.3015,1504.6,550.4,162.99,64.83,2.91,-2.78,,
149.322,ruido,ruido,0.1278,0.0694,0.8558,79.2,-68.82,78.16,-47.66,66,-98,65,-56,1036.64,1278.07,111.55,0.00177,-0.01116,-1.29025,1538.6,532.9,162.81,64.65,2.92,-3.0,,
149.361,ruido,ruido,0.2103,0.1227,0.894,92.51,-70.16,84.17,-39.23,70,-73,58,-56,1034.31,1288.32,111.47,0.0012,-0.0099,-1.28153,1538.6,532.9,162.38,64.22,2.88,-3.06,,
149.403,ruido,ruido,0.1344,0.0828,0.7737,75.86,-61.18,69.45,-41.1,65,-88,73,-40,1032.03,1301.91,111.43,0.00083,-0.01152,-1.27115,1571.5,518.3,161.66,63.5,2.77,-3.1,,
149.462,ruido,ruido,0.1873,0.0901,0.7212,77.92,-51.88,67.43,-33.55,98,-60,82,-31,1030.45,1326.29,111.38,-0.00286,-0.01129,-1.24697,1571.5,518.3,160.88,62.72,2.8,-3.15,,
149.522,ruido,ruido,0.2998,0.0976,0.6965,83.77,-43.27,75.63,-20.19,75,-55,69,-29,1030.51,1339.63,111.33,-0.00323,-0.0117,-1.2375,1606.0,510.0,159.92,61.76,2.74,-3.29,,
149.562,ruido,ruido,0.3029,0.0618,0.6705,74.55,-42.63,81.21,-16.19,85,-40,68,-17,1031.34,1355.51,111.37,-0.00292,-0.01282,-1.23104,1606.0,510.0,159.23,61.07,2.67,-3.3,,
149.603,ruido,ruido,0.2696,-0.0001,0.6019,70.0,-26.3,69.44,-26.87,85,-40,68,-17,1033.21,1371.02,111.38,-0.00369,-0.01176,-1.22635,1622.6,507.1,158.96,60.8,2.67,-3.33,,
149.662,ruido,ruido,0.2629,-0.0228,0.471,54.66,-17.06,62.77,-16.23,62,-49,81,-19,1035.13,1382.66,111.43,-0.00385,-0.01274,-1.21958,1638.8,504.8,158.57,60.41,2.63,-3.3,,
149.703,ruido,ruido,0.153,-0.0668,0.4984,44.12,-24.94,60.1,-30.32,68,-35,78,-19,1038.13,1396.34,111.49,-0.00366,-0.01231,-1.21669,1653.8,503.5,158.16,60.0,2.62,-3.33,,
149.762,ruido,ruido,0.0798,-0.1142,0.5265,39.38,-26.59,57.63,-44.89,64,-21,65,-14,1041.75,1410.47,111.56,-0.00308,-0.01186,-1.22395,1668.1,503.3,158.08,59.92,2.6,-3.3,,
149.802,ruido,ruido,0.0273,-0.1781,0.5839,26.13,-38.8,71.66,-50.25,47,-15,69,-23,1043.34,1420.5,111.54,-0.00182,-0.01063,-1.23622,1681.3,503.6,158.55,60.39,2.62,-3.29,,
149.842,ruido,ruido,0.0202,-0.2408,0.6145,17.88,-41.91,83.68,-53.18,43,-15,57,-29,1043.05,1425.36,111.6,-0.00117,-0.01045,-1.24457,1693.0,503.3,159.25,61.09,2.63,-3.22,,
149.922,ruido,ruido,0.0871,-0.1336,0.5169,30.11,-31.23,66.54,-37.54,2,-53,89,-64,1040.38,1436.53,112.01,0.004,-0.01081,-1.28586,1702.5,502.1,160.16,62.0,2.66,-3.25,,
149.962,ruido,ruido,0.1232,-0.1133,0.5014,31.06,-31.03,68.87,-29.47,2,-53,89,-64,1037.73,1444.35,112.25,0.0073,-0.01092,-1.32925,1710.6,497.9,162.16,64.0,2.82,-3.09,,
150.001,ruido,ruido,0.0824,-0.0837,0.4609,30.68,-29.66,56.25,-30.89,-3,-46,66,-69,1036.3,1449.75,112.24,0.00785,-0.01232,-1.34697,1719.5,490.6,164.46,66.3,2.91,-3.03,,
150.061,ruido,ruido,0.1956,-0.092,0.4981,44.56,-20.41,66.44,-27.99,27,-25,56,-53,1035.52,1461.94,112.36,0.00779,-0.01221,-1.35347,1729.6,482.0,165.69,67.53,3.05,-2.95,,
150.101,ruido,ruido,0.1528,-0.0544,0.5456,45.78,-32.81,65.97,-30.04,46,-34,49,-26,1036.74,1472.99,112.31,0.00884,-0.01263,-1.34284,1739.4,476.6,165.52,67.36,3.03,-2.92,,
150.162,ruido,ruido,0.2609,0.009,0.5967,60.22,-36.69,76.99,-17.04,48,-20,87,-20,1040.52,1485.69,112.4,0.00901,-0.01258,-1.34317,1760.8,476.9,164.97,66.81,3.06,-2.93,,
150.202,ruido,ruido,0.3185,-0.0044,0.628,63.3,-36.47,88.14,-13.05,54,-23,65,-16,1043.28,1494.02,112.47,0.00821,-0.01297,-1.34972,1760.8,476.9,165.09,66.93,3.05,-2.92,,
150.261,ruido,ruido,0.3704,-0.0291,0.7014,71.63,-35.93,99.85,-17.03,52,-19,57,-25,1047.33,1507.0,112.45,0.00672,-0.01383,-1.35112,1785.9,479.7,165.55,67.39,3.08,-2.89,,
150.302,ruido,ruido,0.3499,-0.0132,0.554,57.05,-29.48,87.58,-3.18,53,-48,89,-17,1050.24,1516.45,112.47,0.00759,-0.01259,-1.34535,1799.2,480.8,165.5,67.34,3.09,-2.88,,
150.342,ruido,ruido,0.383,0.027,0.4372,58.94,-15.34,72.31,6.67,83,-38,74,-12,1053.17,1526.27,112.36,0.00656,-0.01358,-1.33689,1813.8,481.5,165.5,67.34,3.09,-2.88,,
150.422,ruido,ruido,0.4474,-0.0129,0.4596,65.8,-5.68,79.33,3.73,71,-24,86,-25,1059.35,1544.08,112.55,0.01008,-0.01178,-1.34548,1829.9,483.2,165.0,66.84,3.02,-2.85,,
150.462,ruido,ruido,0.4401,-0.0131,0.3539,50.37,-4.15,76.67,17.96,64,-19,81,-18,1063.41,1555.76,112.23,0.00767,-0.01061,-1.3508,1845.8,484.4,165.27,67.11,3.04,-2.75,,
150.502,ruido,ruido,0.4748,-0.0587,0.4405,62.71,1.63,83.74,3.87,43,6,90,-23,1070.51,1565.55,112.52,0.00928,-0.01054,-1.37611,1859.4,486.5,165.27,67.11,3.04,-2.75,,
150.542,ruido,ruido,0.467,-0.0522,0.3529,50.91,2.8,80.28,15.45,41,16,75,5,1075.3,1571.01,112.13,0.01054,-0.00616,-1.38366,1871.5,490.7,166.05,67.89,3.08,-2.67,,
150.602,ruido,ruido,0.4891,-0.0975,0.2924,49.01,17.82,76.03,13.64,48,27,97,-12,1086.92,1579.79,112.57,0.01576,-0.00688,-1.41596,1881.2,498.2,167.21,69.05,3.12,-2.61,,
150.662,ruido,ruido,0.478,-0.1609,0.2691,37.77,20.46,81.77,12.97,54,28,72,5,1099.28,1589.19,112.6,0.01509,-0.00716,-1.42794,1891.1,506.2,168.35,70.19,3.17,-2.51,,
150.703,ruido,ruido,0.5012,-0.1177,0.2046,36.87,22.97,76.05,24.49,55,25,78,12,1109.91,1596.31,112.72,0.01439,-0.01,-1.43709,1900.0,515.3,169.37,71.21,3.23,-2.48,,
150.742,ruido,ruido,0.484,-0.1016,0.2285,39.58,19.28,74.42,21.59,56,33,77,7,1116.32,1599.98,112.62,0.01556,-0.00782,-1.44636,1908.9,524.6,169.91,71.75,3.27,-2.43,,
150.802,ruido,ruido,0.4075,-0.131,0.1854,25.1,16.39,69.76,19.15,34,39,102,5,1128.73,1606.18,112.79,0.01142,-0.01183,-1.46918,1908.9,524.6,170.41,72.25,3.37,-2.44,,
150.862,ruido,ruido,0.4596,-0.1532,0.2416,38.41,24.25,73.79,10.63,39,25,56,18,1140.83,1611.04,112.86,0.00956,-0.01453,-1.48662,1924.3,541.5,171.38,73.22,3.41,-2.42,,
150.902,ruido,ruido,0.4066,-0.0861,0.1821,35.18,19.83,59.01,16.1,23,9,62,25,1146.71,1613.28,112.85,0.00835,-0.01434,-1.4929,1930.0,549.5,172.43,74.27,3.47,-2.36,,
150.942,ruido,ruido,0.4576,-0.0963,0.1172,35.31,31.96,56.67,22.51,29,23,70,9,1156.09,1617.07,112.86,0.00746,-0.01429,-1.50473,1935.0,556.6,173.21,75.05,3.57,-2.37,,
151.002,ruido,ruido,0.5045,-0.0981,0.0934,37.64,38.38,58.02,27.39,33,24,67,0,1166.31,1621.6,112.97,0.00558,-0.01549,-1.5316,1941.4,563.3,173.76,75.6,3.59,-2.36,,
151.062,ruido,ruido,0.5104,-0.2042,0.0854,32.71,51.73,62.6,16.27,26,32,50,5,1176.27,1625.31,113.01,0.00534,-0.01586,-1.54914,1948.2,569.6,174.79,76.63,3.62,-2.29,,
151.101,ruido,ruido,0.5746,-0.2437,0.0456,25.41,57.11,73.82,27.52,43,35,54,20,1185.44,1627.17,113.13,0.00607,-0.01651,-1.55497,1953.0,577.0,176.08,77.92,3.7,-2.32,,
151.162,ruido,ruido,0.5716,-0.219,0.0413,29.72,58.14,68.35,26.71,43,41,54,33,1193.8,1627.65,113.18,0.006,-0.01631,-1.56613,1956.2,586.3,177.14,78.98,3.8,-2.19,,
151.201,ruido,ruido,0.5604,-0.278,0.1415,31.0,52.85,81.3,14.19,21,64,67,22,1206.1,1627.41,113.35,0.00484,-0.01627,-1.59022,1956.2,586.3,178.08,79.92,3.84,-2.18,,
151.262,ruido,ruido,0.4728,-0.2947,0.2124,23.67,36.84,85.97,4.82,36,64,76,32,1222.65,1626.72,113.4,0.00427,-0.01611,-1.62536,1963.1,609.4,179.6,81.44,3.87,-2.1,,
151.302,ruido,ruido,0.4524,-0.3085,0.2386,29.91,41.11,80.64,-6.9,36,64,76,32,1231.09,1626.43,113.42,0.00537,-0.01675,-1.64482,1963.1,609.4,-178.72,83.12,3.91,-1.97,,
151.362,ruido,ruido,0.4193,-0.3871,0.2302,22.99,48.09,80.94,-17.83,16,50,83,9,1246.72,1626.92,113.52,0.00552,-0.01603,-1.68848,1966.6,623.3,-176.86,84.98,3.92,-1.84,,
151.402,ruido,ruido,0.3735,-0.4333,0.1421,7.45,54.05,75.05,-17.01,16,50,83,9,1257.85,1628.27,113.56,0.00287,-0.0161,-1.73163,1970.9,637.0,-174.58,87.26,3.98,-1.65,,
151.461,ruido,ruido,0.4057,-0.4649,0.0798,-0.61,61.0,78.29,-8.86,23,46,72,-22,1268.86,1630.99,113.73,0.00428,-0.01575,-1.78167,1976.0,647.9,-172.08,89.76,4.02,-1.49,,
151.502,ruido,ruido,0.2814,-0.3896,0.0136,-14.78,45.38,61.98,-2.54,17,35,91,-27,1273.9,1632.34,113.88,0.00411,-0.0159,-1.80558,1988.1,664.2,-169.71,92.13,4.08,-1.36,,
151.563,ruido,ruido,0.3445,-0.4259,-0.0449,-25.13,50.19,73.07,12.12,8,37,68,-16,1283.89,1634.24,113.86,0.00292,-0.01598,-1.85099,1988.1,664.2,-167.53,94.31,4.12,-1.25,,
151.602,ruido,ruido,0.3746,-0.3104,-0.0589,-16.73,42.35,67.25,27.01,8,37,68,-16,1291.51,1634.39,113.89,0.00176,-0.01549,-1.89554,1993.1,671.6,-165.34,96.5,4.13,-1.11,,
151.661,ruido,ruido,0.3102,-0.2448,-0.1168,-19.81,38.05,50.75,30.28,-8,47,55,7,1299.08,1632.5,113.97,-0.0002,-0.01629,-1.95264,1996.3,679.1,-162.75,99.09,4.17,-0.97,,
151.706,ruido,ruido,0.3727,-0.1624,-0.1864,-7.08,48.72,36.9,40.74,-8,47,55,7,1304.48,1629.96,113.18,-0.00857,-0.01341,-1.99362,1998.7,686.1,-160.06,101.78,4.25,-0.83,,
151.762,ruido,ruido,0.4045,-0.0703,-0.2049,0.76,44.8,31.17,52.71,-15,54,41,21,1308.34,1626.04,113.44,-0.00456,-0.01045,-2.01569,1998.7,692.3,-157.77,104.07,4.25,-0.64,,
151.801,ruido,ruido,0.3277,-0.0853,-0.2652,-13.21,42.87,23.2,51.99,-18,47,53,41,1313.71,1621.49,114.29,-0.00313,-0.02345,-2.03398,1988.8,704.2,-156.21,105.63,4.27,-0.56,,
151.841,ruido,ruido,0.3908,0.0077,-0.1693,2.22,28.08,33.21,61.54,21,32,22,65,1317.52,1619.48,113.07,-0.00772,-0.01048,-2.02263,1988.8,704.2,-156.12,105.72,4.26,-0.49,,
151.901,ruido,ruido,0.3893,0.0997,-0.1102,15.96,17.64,28.71,62.29,23,32,16,85,1327.86,1611.5,113.06,-0.00828,-0.01098,-2.02013,1981.8,711.4,-156.5,105.34,4.26,-0.48,,
151.962,ruido,ruido,0.3773,0.0689,-0.1056,2.41,8.29,41.05,68.97,35,47,40,40,1339.05,1603.96,113.11,-0.00856,-0.01099,-2.01324,1974.0,719.4,-156.47,105.37,4.28,-0.49,,
152.001,ruido,ruido,0.3897,0.1857,-0.0879,14.95,-0.71,33.35,77.12,48,42,29,66,1348.37,1598.15,113.35,-0.00634,-0.01071,-1.99563,1968.1,728.7,-156.9,104.94,4.29,-0.55,,
152.042,ruido,ruido,0.4017,0.2275,-0.1496,12.46,0.0,27.87,88.21,14,26,17,93,1353.6,1594.53,113.36,-0.00915,-0.00828,-1.98247,1956.4,749.9,-157.89,103.95,4.25,-0.59,,
152.122,ruido,ruido,0.3922,0.2217,-0.062,11.52,-14.03,41.31,86.7,24,33,32,75,1367.23,1586.28,113.34,-0.01029,-0.0078,-1.96366,1951.4,761.1,-158.73,103.11,4.27,-0.65,,
152.162,ruido,ruido,0.3845,0.2275,0.1004,25.96,-26.5,51.61,71.95,24,33,32,75,1377.29,1580.33,113.52,-0.01065,-0.00803,-1.94709,1946.0,771.7,-159.54,102.3,4.24,-0.73,,
152.202,ruido,ruido,0.3116,0.1534,0.1985,17.49,-38.8,64.12,56.9,56,26,24,87,1387.75,1573.27,114.8,-0.00978,-0.02038,-1.94206,1946.0,771.7,-160.53,101.31,4.24,-0.77,,
152.262,ruido,ruido,0.313,0.1874,0.1167,17.87,-30.78,50.88,62.19,34,-23,45,76,1396.17,1570.71,113.25,-0.00651,-0.0045,-1.91131,1937.5,793.1,-161.62,100.22,4.23,-0.82,,
152.302,ruido,ruido,0.3633,0.2326,0.0589,31.08,-15.57,36.48,64.27,22,-48,45,62,1406.57,1565.26,113.31,-0.00559,-0.00443,-1.90487,1937.9,801.7,-162.34,99.5,4.18,-0.86,,
152.362,ruido,ruido,0.4542,0.2399,0.0405,37.36,-7.51,41.8,73.7,24,-24,80,45,1419.08,1558.69,113.41,-0.00578,-0.00413,-1.90254,1937.9,801.7,-162.58,99.26,4.21,-0.88,,
152.401,ruido,ruido,0.3963,0.2149,0.0509,35.64,-6.89,35.91,62.15,30,-18,52,49,1425.39,1555.77,113.37,-0.0045,-0.00441,-1.89903,1940.6,808.5,-162.75,99.09,4.18,-0.87,,
152.462,ruido,ruido,0.3914,0.3619,0.063,49.78,-18.22,22.93,70.76,39,37,56,58,1440.24,1548.51,113.54,-0.00507,-0.00586,-1.89746,1943.1,824.5,-163.0,98.84,4.17,-0.86,,
152.502,ruido,ruido,0.45,0.4451,-0.0223,58.6,-9.05,9.83,84.61,44,28,48,93,1448.32,1544.75,113.66,-0.00429,-0.00517,-1.89151,1943.1,824.5,-163.17,98.67,4.19,-0.89,,
152.562,ruido,ruido,0.3961,0.4974,0.0089,60.65,-20.36,4.14,82.31,39,27,36,66,1459.76,1539.13,113.72,-0.00369,-0.00727,-1.87011,1938.3,846.1,-163.65,98.19,4.16,-0.88,,
152.603,ruido,ruido,0.2518,0.4699,0.0337,47.49,-33.08,-1.82,67.97,53,29,24,90,1465.09,1536.21,113.64,-0.00107,-0.0079,-1.85039,1938.3,846.1,-164.96,96.88,4.14,-0.99,,
152.661,ruido,ruido,0.294,0.4738,0.0416,50.4,-32.06,3.3,72.46,64,18,-5,92,1474.93,1529.74,113.81,-0.00578,-0.00621,-1.78778,1927.4,868.2,-167.2,94.64,4.11,-1.08,,
152.702,ruido,ruido,0.3256,0.3367,0.0895,48.02,-20.18,18.41,57.95,54,2,-19,74,1481.02,1525.45,113.91,-0.00352,-0.00661,-1.7352,1921.0,877.6,-170.26,91.58,4.03,-1.3,,
152.742,ruido,ruido,0.2685,0.3802,0.0167,37.86,-25.65,7.78,65.94,51,-38,-21,80,1484.02,1523.48,113.9,-0.00494,-0.00707,-1.70904,1918.1,883.4,-173.12,88.72,4.01,-1.45,,
152.822,ruido,ruido,0.3136,0.2957,-0.064,23.21,-13.86,16.74,74.28,33,-22,-24,49,1491.61,1520.74,113.9,-0.00452,-0.00809,-1.63579,1920.3,889.6,-175.17,86.67,4.01,-1.53,,
152.863,ruido,ruido,0.2913,0.288,-0.0229,23.62,-18.79,19.33,69.06,33,-22,-24,49,1493.33,1520.35,113.93,-0.00443,-0.00982,-1.61324,1920.3,889.6,-177.31,84.53,3.93,-1.72,,
152.908,ruido,ruido,0.369,0.2042,-0.1077,11.49,-3.95,30.31,80.23,30,-20,-11,36,1496.56,1519.44,114.18,-0.00977,-0.01113,-1.57945,1920.3,889.6,-177.31,84.53,3.93,-1.72,,
152.961,ruido,ruido,0.415,0.1119,-0.0746,9.49,3.53,44.96,74.8,23,-18,18,66,1499.57,1518.2,114.78,0.00809,-0.01326,-1.55438,1921.7,896.5,178.31,80.15,3.83,-2.02,,
153.002,ruido,ruido,0.53,0.0816,-0.0833,14.51,14.78,56.97,83.35,15,3,6,61,1505.68,1516.31,115.0,0.01052,-0.01162,-1.53511,1922.0,903.0,178.31,80.15,3.83,-2.02,,
153.061,ruido,ruido,0.5065,0.0444,-0.1487,12.84,29.52,44.41,75.3,18,27,52,74,1516.76,1514.16,115.05,0.00979,-0.01154,-1.52032,1922.9,913.4,175.71,77.55,3.73,-2.1,,
153.102,ruido,ruido,0.5487,-0.0118,-0.1979,5.2,38.76,50.93,80.7,33,43,84,93,1523.2,1513.26,115.19,0.00941,-0.011,-1.51573,1925.1,927.5,175.06,76.9,3.72,-2.14,,
153.162,ruido,ruido,0.505,-0.0385,-0.0922,7.65,28.56,58.41,67.0,11,40,45,89,1539.29,1511.92,115.28,0.00903,-0.01011,-1.50316,1926.9,941.9,174.57,76.41,3.67,-2.23,,
153.204,ruido,ruido,0.4615,-0.0511,-0.0956,5.0,28.48,53.53,60.66,40,45,52,68,1549.32,1511.55,115.31,0.0089,-0.00941,-1.49285,1928.2,956.2,174.57,76.41,3.67,-2.23,,
153.262,ruido,ruido,0.4281,0.0078,-0.1064,13.52,29.3,37.94,56.22,29,31,71,60,1564.8,1511.07,115.48,0.01093,-0.00943,-1.47773,1929.9,970.7,174.02,75.86,3.64,-2.26,,
153.322,ruido,ruido,0.5069,0.0015,-0.1353,14.21,35.61,45.25,67.14,41,36,57,70,1583.04,1510.94,115.52,0.00996,-0.00874,-1.466,1932.9,983.9,173.27,75.11,3.59,-2.31,,
153.362,ruido,ruido,0.5627,0.0951,-0.0773,29.36,26.51,48.31,75.89,4,30,49,47,1590.62,1511.03,115.57,0.01109,-0.00884,-1.4627,1936.0,996.3,172.52,74.36,3.59,-2.28,,
153.403,ruido,ruido,0.5896,0.066,0.0243,42.81,28.37,55.41,62.09,3,41,38,59,1600.58,1511.2,115.62,0.01004,-0.00865,-1.45685,1937.8,1006.1,172.02,73.86,3.55,-2.38,,
153.442,ruido,ruido,0.6006,0.0797,0.0961,49.23,21.11,62.24,59.62,3,41,38,59,1608.01,1511.49,115.64,0.01096,-0.00902,-1.45046,1937.8,1006.1,171.69,73.53,3.55,-2.33,,
153.521,ruido,ruido,0.5888,0.094,0.0888,40.13,10.89,68.29,69.12,47,27,41,68,1628.18,1512.49,115.69,0.01047,-0.0083,-1.43514,1941.4,1027.3,171.19,73.03,3.55,-2.42,,
153.562,ruido,ruido,0.537,0.1503,-0.0364,27.35,9.11,52.76,82.63,45,17,66,50,1641.31,1513.46,115.78,0.00966,-0.00686,-1.42754,1945.4,1038.5,170.62,72.46,3.49,-2.42,,
153.602,ruido,ruido,0.6327,0.1094,0.0196,38.98,18.34,65.39,79.76,45,17,66,50,1652.38,1514.21,115.89,0.01024,-0.00778,-1.42306,1945.4,1038.5,169.62,71.46,3.46,-2.55,,
153.642,ruido,ruido,0.6642,0.0525,0.1186,47.02,19.65,78.22,67.65,44,43,103,56,1660.8,1515.05,115.96,0.00995,-0.00632,-1.41854,1950.4,1050.0,169.23,71.07,3.45,-2.58,,
153.722,ruido,ruido,0.6622,0.1196,0.1005,49.96,14.74,72.08,75.14,46,18,80,58,1690.1,1517.27,116.03,0.00984,-0.00622,-1.4066,1959.0,1076.7,168.84,70.68,3.45,-2.63,,
153.762,ruido,ruido,0.6066,0.0726,0.1689,44.59,5.94,79.5,64.09,46,18,80,58,1699.07,1518.09,116.12,0.0099,-0.00669,-1.40366,1959.0,1076.7,168.47,70.31,3.41,-2.64,,
153.802,ruido,ruido,0.6105,0.0295,0.1902,36.61,1.45,91.5,65.79,48,15,62,62,1711.27,1519.3,116.1,0.00939,-0.00679,-1.40132,1969.9,1102.5,168.26,70.1,3.39,-2.65,,
153.862,ruido,ruido,0.5817,0.0452,0.2256,41.62,-1.71,87.55,58.68,53,60,99,64,1733.41,1521.75,116.2,0.00904,-0.0063,-1.40233,1976.7,1115.5,168.11,69.95,3.38,-2.69,,
153.922,ruido,ruido,0.4963,0.0467,0.2756,42.8,-8.76,80.71,44.09,32,30,144,65,1745.95,1522.86,116.34,0.00896,-0.00463,-1.40971,1983.9,1129.1,168.22,70.06,3.36,-2.68,,
153.962,ruido,ruido,0.4406,0.0168,0.3534,44.79,-14.45,82.25,28.39,41,46,86,73,1761.25,1526.85,115.09,0.00322,0.00407,-1.39614,1991.2,1142.6,168.57,70.41,3.35,-2.67,,
154.002,ruido,ruido,0.4371,0.0203,0.4212,48.02,-22.62,89.31,25.16,40,24,89,49,1777.16,1525.19,116.59,0.00914,-0.00563,-1.43316,1998.8,1155.9,169.12,70.96,3.32,-2.6,,
154.062,ruido,ruido,0.3805,0.0289,0.4928,54.92,-28.56,84.81,10.58,33,20,75,38,1788.4,1525.92,116.57,0.00853,-0.00621,-1.4496,2005.7,1167.9,170.07,71.91,3.37,-2.51,,
154.102,ruido,ruido,0.3922,-0.0244,0.4419,44.2,-22.61,89.27,14.66,32,-39,86,30,1801.72,1528.58,115.68,-0.0002,-0.00491,-1.47005,2014.2,1174.6,171.41,73.25,3.39,-2.39,,
154.162,ruido,ruido,0.4401,-0.0806,0.4169,35.53,-18.28,101.58,21.99,35,-26,99,18,1816.73,1532.97,115.2,-0.00354,-0.00056,-1.49816,2024.6,1179.0,173.01,74.85,3.41,-2.28,,
154.202,ruido,ruido,0.5001,-0.0102,0.4082,49.7,-13.98,95.64,28.69,30,-19,86,-2,1823.83,1535.17,115.75,-0.00207,-0.00492,-1.51923,2036.1,1183.1,174.65,76.49,3.44,-2.21,,
154.262,ruido,ruido,0.6113,-0.0505,0.439,61.6,-0.55,106.44,28.12,52,-11,130,1,1840.64,1542.88,115.27,-0.00471,-0.00018,-1.54892,2048.0,1187.8,174.65,76.49,3.44,-2.21,,
154.302,ruido,ruido,0.6292,0.0183,0.4037,72.12,4.6,93.15,31.49,43,-18,70,17,1850.79,1547.06,115.33,-0.0052,-0.0007,-1.56229,2060.2,1193.5,176.16,78.0,3.5,-2.15,,
154.343,ruido,ruido,0.5808,0.0356,0.3604,56.39,-6.97,94.19,42.23,64,35,75,22,1859.34,1550.01,115.33,-0.00486,0.00022,-1.56983,2070.5,1203.2,177.54,79.38,3.59,-2.11,,
154.403,ruido,ruido,0.5316,-0.0486,0.3701,41.64,-9.81,102.65,35.65,66,20,83,33,1881.51,1556.37,115.48,-0.00677,0.00033,-1.58204,2079.4,1216.8,178.51,80.35,3.64,-2.04,,
154.462,ruido,ruido,0.5018,-0.0531,0.3191,33.7,-8.87,97.65,38.1,70,36,75,47,1901.95,1560.17,116.12,-0.00515,-0.00479,-1.59839,2087.8,1231.9,179.17,81.01,3.68,-2.06,,
154.502,ruido,ruido,0.4551,-0.0944,0.2928,30.7,-1.05,88.97,27.02,71,52,102,42,1915.46,1563.01,115.54,-0.00809,0.00014,-1.60825,2095.4,1247.7,179.47,81.31,3.67,-2.1,,
154.542,ruido,ruido,0.457,-0.0443,0.2568,33.92,-0.09,80.3,32.12,32,64,109,33,1928.74,1564.71,115.59,-0.00792,0.00157,-1.63018,2102.8,1262.5,-179.95,81.89,3.66,-2.02,,
154.621,ruido,ruido,0.4049,0.0189,0.1913,20.91,-12.72,74.48,46.9,21,36,109,20,1949.71,1565.7,116.21,-0.00756,-0.00089,-1.67304,2108.7,1275.3,-178.69,83.15,3.65,-1.98,,
154.661,ruido,ruido,0.3716,0.0192,0.1995,21.78,-13.21,69.59,40.74,36,24,78,28,1953.52,1566.44,116.49,-0.007,-0.00184,-1.6842,2112.8,1287.5,-177.16,84.68,3.67,-1.9,,
154.703,ruido,ruido,0.3475,-0.0112,0.1125,8.08,-8.13,65.52,45.74,-40,-39,50,71,1948.06,1567.65,116.3,-0.00554,-0.0036,-1.67545,2114.3,1293.5,-175.76,86.08,3.76,-1.81,,
154.743,ruido,ruido,0.27,-0.0873,0.0511,-4.91,0.88,56.28,34.14,-3,-23,47,16,1945.43,1568.46,116.99,0.00021,-0.0068,-1.66732,2111.5,1288.5,-175.54,86.3,3.71,-1.86,,
154.825,ruido,ruido,0.3341,-0.024,0.0332,0.66,-0.82,58.1,48.96,13,-17,65,43,1949.62,1571.3,115.66,-0.00612,0.00198,-1.63702,2114.1,1290.7,-176.2,85.64,3.72,-1.81,,
154.862,ruido,ruido,0.2351,-0.0064,0.0807,2.22,-9.68,48.32,34.38,21,23,60,46,1953.84,1570.74,115.51,-0.00737,0.00203,-1.63854,2118.1,1299.9,-177.09,84.75,3.72,-1.85,,
154.902,ruido,ruido,0.1507,0.0504,0.1382,6.24,-23.95,39.99,25.95,24,24,76,56,1954.85,1569.79,115.58,-0.00742,0.00262,-1.62852,2121.1,1312.0,-177.55,84.29,3.66,-1.92,,
154.942,ruido,ruido,0.1239,0.0318,0.1279,2.18,-23.37,38.12,22.73,2,-2,28,12,1953.77,1569.02,115.69,-0.00593,0.00208,-1.61919,2121.6,1320.9,-177.54,84.3,3.7,-1.91,,
155.022,ruido,ruido,0.2089,-0.0094,0.1133,1.47,-15.15,50.08,30.44,4,4,72,24,1955.43,1568.08,115.78,-0.00446,0.00286,-1.60381,2121.6,1324.9,-178.22,83.62,3.69,-1.98,,
155.062,ruido,geofence,-0.5562,0.0115,-0.6945,-99.13,10.14,-100.97,11.98,0,-7,32,39,1955.65,1567.63,115.72,-0.00451,0.00105,-1.59056,2124.2,1330.4,-178.86,82.98,3.64,-2.01,,
155.102,ruido,geofence,-0.5639,0.0115,-0.6882,-99.24,9.02,-101.09,10.87,8,-20,68,21,1955.84,1567.36,115.74,-0.00503,0.00234,-1.58253,2126.3,1333.4,-179.42,82.42,3.56,-2.04,,
155.143,ruido,geofence,-0.5789,0.0115,-0.6756,-99.44,6.82,-101.27,8.65,-66,6,-22,-10,1953.64,1565.98,115.61,-0.00765,0.00107,-1.58872,2129.4,1336.3,179.36,81.2,3.56,-2.11,,
155.202,ruido,geofence,-0.5791,0.0115,-0.6754,-99.44,6.78,-101.28,8.62,-141,4,-138,-19,1945.28,1561.17,115.5,-0.00879,0.00067,-1.60187,2124.9,1330.2,179.36,81.2,3.56,-2.11,,
155.262,ruido,geofence,-0.5645,0.0115,-0.6877,-99.25,8.94,-101.09,10.78,-108,-1,-107,-20,1931.15,1552.36,115.57,-0.00753,0.00197,-1.61054,2110.4,1317.0,-179.48,82.36,3.6,-2.16,,
155.321,ruido,ruido,0.1209,0.0261,0.0952,-7.53,-26.93,42.11,31.06,-122,-2,-87,-12,1908.07,1538.17,115.63,-0.00482,0.002,-1.61031,2092.8,1301.3,-179.09,82.75,3.61,-2.05,,
155.362,ruido,ruido,0.0344,-0.0013,0.0853,-12.23,-25.68,31.39,17.53,-124,-14,-118,-16,1897.76,1531.88,115.6,-0.00316,8e-05,-1.6077,2075.4,1285.0,-178.98,82.86,3.64,-2.02,,
155.402,ruido,ruido,0.1073,0.0002,0.1108,-4.39,-22.16,39.29,21.59,-47,-25,-4,2,1886.67,1525.02,115.56,-0.00412,-0.00055,-1.59986,2075.4,1285.0,-179.11,82.73,3.75,-1.85,,
155.462,ruido,ruido,0.1105,-0.0223,0.1851,6.2,-19.86,41.11,7.93,-36,-20,21,16,1876.19,1518.1,115.9,-0.0029,-0.00508,-1.56848,2059.4,1269.2,179.93,81.77,3.78,-1.96,,
155.522,ruido,ruido,-0.0118,-0.0163,0.1454,-7.13,-27.79,28.51,2.64,-14,-21,84,18,1874.18,1516.42,115.67,-0.00137,0.00221,-1.54448,2053.3,1262.5,178.45,80.29,3.72,-2.08,,
155.562,ruido,ruido,0.0024,-0.0146,0.1465,-18.78,-39.89,42.61,16.83,4,-7,48,19,1874.6,1515.37,115.65,-0.00111,0.00182,-1.53106,2058.5,1267.9,177.19,79.03,3.66,-2.16,,
155.602,ruido,ruido,-0.0414,0.0928,0.1892,-8.82,-53.93,32.47,17.04,8,-9,49,-5,1875.62,1515.88,115.73,-0.00127,0.00162,-1.531,2065.0,1273.5,176.43,78.27,3.62,-2.18,,
155.662,ruido,ruido,-0.0825,0.061,0.2771,-4.8,-58.9,35.94,1.36,6,-27,25,-1,1877.04,1516.59,116.14,0.00062,-0.00163,-1.53956,2072.4,1276.9,176.51,78.35,3.6,-2.17,,
155.702,ruido,ruido,-0.067,0.0473,0.2592,3.63,-45.41,27.11,-6.78,15,-73,46,1,1878.73,1518.29,116.14,0.00149,-0.00133,-1.53645,2072.4,1276.9,176.64,78.48,3.61,-2.13,,
155.761,ruido,ruido,-0.0915,-0.0273,0.2877,-5.34,-47.01,36.72,-13.67,20,-39,27,-9,1880.48,1521.79,115.96,-0.00274,-0.00531,-1.53851,2079.0,1276.8,176.5,78.34,3.6,-2.15,,
155.801,ruido,ruido,-0.094,-0.1002,0.2464,-7.58,-30.96,31.95,-23.5,20,-39,27,-9,1881.26,1524.02,116.0,-0.00243,-0.00501,-1.53813,2086.2,1275.2,176.51,78.35,3.58,-2.12,,
155.861,ruido,ruido,-0.0467,-0.1408,0.1742,-14.93,-20.28,35.32,-15.07,18,-46,29,-9,1882.47,1530.19,115.51,-0.00434,-0.00023,-1.53255,2101.2,1271.2,176.38,78.22,3.57,-2.13,,
155.902,ruido,ruido,-0.0013,-0.167,0.2436,-5.02,-17.27,43.78,-21.92,23,-41,38,-19,1883.25,1534.97,115.88,-0.0022,-0.00374,-1.55094,2101.2,1271.2,176.62,78.46,3.55,-2.11,,
155.962,ruido,ruido,0.0163,-0.1739,0.2351,-8.99,-18.79,49.22,-16.22,11,-25,39,-31,1883.49,1541.88,116.01,-0.00186,-0.00385,-1.56802,2125.0,1264.0,177.48,79.32,3.56,-2.03,,
156.002,ruido,ruido,0.0235,-0.1383,0.216,-4.04,-16.48,42.36,-14.32,11,-25,39,-31,1884.05,1546.12,115.47,-0.0039,0.0013,-1.56833,2125.0,1264.0,178.27,80.11,3.61,-1.97,,
156.061,ruido,ruido,0.1202,-0.0657,0.1709,11.22,-5.61,35.35,-2.51,22,-25,40,-30,1887.05,1553.59,116.02,-0.00168,-0.00351,-1.58622,2132.4,1263.4,178.84,80.68,3.63,-1.96,,
156.101,ruido,ruido,0.0772,-0.0889,0.1902,5.58,-10.63,37.22,-7.45,18,-10,40,-25,1889.6,1558.29,115.51,-0.00397,0.00054,-1.59272,2139.1,1264.1,179.28,81.12,3.65,-1.9,,
156.162,ruido,ruido,0.0013,-0.0998,0.2752,6.97,-21.09,37.26,-22.74,19,10,52,-27,1896.0,1562.97,115.94,-0.0039,-0.00394,-1.63557,2146.3,1267.1,-179.71,82.13,3.68,-1.84,,
156.222,ruido,ruido,0.0982,-0.1197,0.262,14.47,-8.3,43.16,-17.91,14,16,46,-19,1899.73,1566.41,115.42,-0.00509,0.00201,-1.64606,2152.4,1270.7,-178.23,83.61,3.68,-1.72,,
156.261,ruido,geofence,-0.5311,0.0115,-0.7139,-98.68,13.7,-100.52,15.55,14,16,46,-19,1903.57,1569.86,115.57,-0.00518,0.00152,-1.66283,2157.1,1274.9,-176.91,84.93,3.72,-1.7,,
156.302,ruido,geofence,-0.5146,0.0115,-0.7259,-98.32,15.98,-100.17,17.83,16,12,52,-20,1906.49,1570.96,115.77,-0.00777,-0.00256,-1.68794,2161.4,1278.2,-176.02,85.82,3.73,-1.63,,
156.362,ruido,geofence,-0.5033,0.0115,-0.7339,-98.05,17.52,-99.9,19.36,-19,21,-10,-1,1905.4,1569.95,115.77,-0.00841,-0.00286,-1.69176,2163.4,1279.9,-174.98,86.86,3.74,-1.8,,
156.402,ruido,geofence,-0.4899,0.0115,-0.743,-97.71,19.33,-99.55,21.17,-103,9,-126,6,1899.24,1565.59,115.78,-0.00713,-0.00042,-1.6818,2154.4,1273.2,-174.98,86.86,3.74,-1.8,,
156.461,ruido,ruido,0.1142,-0.0411,0.2367,27.23,-4.07,28.92,-15.53,-135,2,-168,24,1889.48,1555.49,115.41,-0.00758,0.00107,-1.65673,2135.5,1259.0,-175.72,86.12,3.76,-1.78,,
156.502,ruido,ruido,0.0057,-0.0383,0.2397,24.44,-7.78,14.83,-29.66,-84,10,-74,24,1880.45,1546.01,115.29,-0.00375,0.00164,-1.64299,2114.7,1246.0,-176.57,85.27,3.76,-1.78,,
156.562,ruido,ruido,-0.0672,0.0055,0.186,19.9,-10.73,-0.89,-29.77,-74,2,-69,14,1869.85,1534.16,115.84,-0.00185,-0.0034,-1.64989,2096.2,1235.3,-177.05,84.79,3.81,-1.66,,
156.602,ruido,ruido,-0.1478,-0.0585,0.2453,7.0,-22.89,8.59,-40.01,8,14,31,-3,1865.04,1530.53,115.78,-0.00226,-0.00394,-1.66176,2088.4,1231.1,-177.05,84.79,3.81,-1.66,,
156.662,ruido,ruido,-0.0855,0.0522,0.1906,18.5,-20.34,-1.68,-23.82,30,8,-10,-29,1858.0,1529.28,116.96,0.01055,-0.01031,-1.69975,2092.3,1231.9,-176.12,85.72,3.8,-1.61,,
156.702,ruido,ruido,-0.0666,-0.0361,0.1368,5.05,-11.06,6.18,-21.49,-33,-15,-2,-43,1854.77,1532.21,116.0,0.00099,-0.00559,-1.69701,2097.6,1230.8,-175.16,86.68,3.82,-1.55,,
156.763,ruido,ruido,-0.0802,-0.0416,0.0598,-7.98,-10.88,4.71,-11.51,-9,-23,0,-39,1849.14,1537.73,116.01,-8e-05,-0.00614,-1.70131,2102.2,1226.8,-175.16,86.68,3.82,-1.55,,
156.802,ruido,ruido,0.0036,-0.085,0.0769,-5.83,-4.54,18.72,-7.18,-12,-26,2,-40,1845.35,1541.08,116.0,-8e-05,-0.00615,-1.70896,2106.9,1222.3,-174.69,87.15,3.86,-1.49,,
156.867,ruido,ruido,0.0488,-0.1108,0.0537,-6.18,2.95,22.59,-3.73,-23,-20,1,-41,1840.68,1544.35,115.53,-0.00234,-0.00127,-1.7167,2110.7,1217.2,-174.55,87.29,3.86,-1.49,,
156.902,ruido,ruido,0.1173,-0.0734,0.0861,-0.31,-2.36,32.87,7.35,-12,-6,7,-20,1839.42,1544.74,115.98,-0.00085,-0.0054,-1.72611,2112.4,1212.9,-173.84,88.0,3.88,-1.45,,
156.942,ruido,ruido,0.0242,-0.1119,0.0587,-6.54,1.97,19.81,-7.48,-13,0,14,-16,1838.76,1545.86,115.92,-0.00218,-0.00533,-1.73824,2113.2,1210.8,-172.65,89.19,3.93,-1.37,,
157.001,ruido,ruido,0.1195,-0.1817,0.0915,2.13,16.57,31.63,-12.08,-3,25,36,-14,1840.82,1547.44,115.88,-0.00335,-0.00437,-1.76072,2113.2,1210.8,-172.65,89.19,3.93,-1.37,,
157.063,ruido,ruido,0.1008,-0.2133,0.0009,-11.06,22.93,27.33,-6.93,0,16,39,-16,1844.62,1548.76,115.81,-0.00517,-0.00388,-1.78668,2117.5,1212.7,-170.49,91.35,3.99,-1.28,,
157.122,ruido,ruido,-0.0207,-0.1783,-0.024,-19.73,12.64,12.58,-12.1,7,24,37,-17,1848.57,1549.62,115.77,-0.00553,-0.0042,-1.80989,2119.9,1216.2,-170.49,91.35,3.99,-1.28,,
157.161,ruido,ruido,0.085,-0.1705,-0.0279,-14.31,17.43,23.45,0.63,1,26,41,-10,1852.51,1550.21,115.8,-0.00536,-0.00311,-1.8315,2122.1,1220.1,-167.88,93.96,4.06,-1.17,,
157.202,ruido,ruido,0.0113,-0.2155,-0.088,-27.0,21.56,14.72,-5.67,-4,13,24,-8,1855.02,1550.36,115.76,-0.00635,-0.0032,-1.84887,2123.7,1223.9,-166.69,95.15,4.04,-1.08,,
157.262,ruido,ruido,0.0549,-0.2505,-0.1384,-32.55,29.68,19.17,1.25,-6,18,18,-12,1856.04,1550.44,115.66,-0.00597,-0.0034,-1.86344,2123.9,1225.8,-165.72,96.12,4.06,-1.02,,
157.302,ruido,ruido,0.0517,-0.193,-0.1836,-24.92,35.35,3.81,2.3,-23,23,20,-11,1855.38,1549.6,115.67,-0.00569,-0.00372,-1.88739,2123.9,1225.8,-164.62,97.22,4.07,-0.97,,
157.363,ruido,ruido,0.1056,-0.2025,-0.2091,-18.4,47.44,1.85,2.91,-35,31,10,-25,1852.25,1546.37,115.65,-0.0062,-0.00306,-1.92542,2122.6,1225.6,-163.09,98.75,4.12,-0.89,,
157.402,ruido,ruido,0.1603,-0.2273,-0.3104,-24.77,61.27,0.74,14.05,-50,43,10,-18,1850.39,1544.1,115.68,-0.00551,-0.00322,-1.94534,2120.2,1223.4,-163.09,98.75,4.12,-0.89,,
157.462,ruido,ruido,0.1341,-0.1796,-0.3602,-35.35,51.03,-0.84,28.06,-49,39,8,-15,1846.92,1538.91,115.79,-0.00269,-0.00405,-1.99014,2116.2,1221.2,-159.24,102.6,4.21,-0.63,,
157.502,ruido,ruido,0.1939,-0.1729,-0.3798,-39.05,49.37,9.31,42.41,-28,40,9,5,1846.44,1535.36,115.88,-0.00014,-0.00404,-2.00853,2112.2,1220.1,-159.24,102.6,4.21,-0.63,,
157.563,ruido,ruido,0.1312,-0.0989,-0.3107,-31.26,34.29,2.54,36.42,-18,49,10,23,1847.67,1525.6,116.84,-0.00382,-0.01216,-2.04189,2106.8,1221.0,-156.16,105.68,4.27,-0.4,,
157.621,ruido,ruido,0.2061,-0.1935,-0.3282,-34.78,48.68,15.25,36.79,-17,55,8,40,1850.48,1510.92,116.46,-0.0112,-0.00848,-2.0735,2099.2,1224.0,-156.16,105.68,4.27,-0.4,,
157.662,ruido,ruido,0.0589,-0.1905,-0.3186,-45.95,35.51,4.4,24.9,-25,69,9,45,1851.54,1504.27,116.52,-0.0109,-0.00895,-2.08325,2089.3,1228.0,-155.29,106.55,4.28,-0.31,,
157.702,ruido,ruido,0.1434,-0.1774,-0.2667,-38.54,32.51,18.82,33.11,-32,73,5,37,1852.9,1493.82,116.19,-0.00987,-0.00693,-2.09488,2078.5,1231.6,-153.39,108.45,4.27,-0.19,,
157.742,ruido,ruido,0.1488,-0.1467,-0.2976,-35.62,35.47,11.81,35.96,-33,74,7,41,1852.69,1487.9,116.3,-0.00844,-0.00751,-2.10582,2078.5,1231.6,-152.29,109.55,4.29,-0.12,,
157.822,ruido,ruido,0.1954,-0.115,-0.2255,-21.93,32.56,17.1,34.78,-39,23,0,29,1849.17,1474.21,116.51,-0.00705,-0.00973,-2.13347,2058.5,1234.4,-151.13,110.71,4.3,-0.05,,
157.862,ruido,ruido,0.2458,-0.0783,-0.1065,-7.84,21.72,30.12,34.64,-26,31,-9,21,1847.41,1470.89,116.56,-0.00671,-0.01055,-2.13695,2058.5,1234.4,-150.22,111.62,4.32,0.03,,
157.902,ruido,ruido,0.2857,-0.0673,-0.0341,5.14,21.36,35.11,29.81,-33,30,-8,23,1845.37,1466.93,116.57,-0.00573,-0.01052,-2.14142,2046.0,1230.0,-149.82,112.02,4.35,0.1,,
157.942,ruido,ruido,0.2525,-0.1083,0.0505,3.11,12.35,45.37,19.95,4,8,26,32,1844.71,1464.44,116.57,-0.00555,-0.01016,-2.14036,2046.0,1230.0,-149.57,112.27,4.38,0.12,,
158.022,ruido,ruido,0.2315,-0.0401,0.0442,12.45,11.8,31.66,18.18,22,12,52,25,1851.09,1455.66,116.7,-0.00025,-0.00992,-2.12068,2037.2,1231.3,-150.16,111.68,4.36,0.04,,
158.062,ruido,ruido,0.2928,-0.1056,0.03,6.15,18.23,45.51,23.82,12,33,34,26,1854.75,1452.82,116.74,0.00044,-0.00988,-2.12463,2037.2,1231.3,-150.72,111.12,4.38,-0.04,,
158.102,ruido,ruido,0.1645,-0.0979,0.0275,0.37,11.64,30.36,10.29,29,27,46,28,1860.28,1449.35,116.81,0.00072,-0.00949,-2.1273,2032.6,1248.9,-150.39,111.45,4.35,0.0,,
158.141,ruido,ruido,0.139,-0.142,0.0639,-2.76,9.75,35.21,2.27,29,27,46,28,1866.12,1446.14,116.76,-4e-05,-0.00902,-2.13058,2032.6,1248.9,-150.24,111.6,4.33,-0.0,,
158.222,ruido,ruido,0.2022,-0.1615,0.1437,10.78,13.64,44.56,-4.27,26,23,43,10,1874.94,1441.96,116.88,0.00062,-0.00927,-2.14375,2030.2,1266.5,-149.82,112.02,4.27,0.05,,
158.262,ruido,ruido,0.2914,-0.123,0.1758,22.81,14.36,51.94,4.13,15,29,47,-1,1880.57,1439.96,117.05,0.00145,-0.01063,-2.15968,2030.2,1266.5,-149.19,112.65,4.25,0.09,,
158.302,ruido,ruido,0.3114,-0.1971,0.1417,14.55,23.4,57.96,3.75,15,29,47,-1,1884.07,1438.63,117.1,0.00228,-0.01058,-2.17169,2029.9,1273.3,-148.27,113.57,4.26,0.15,,
158.363,ruido,ruido,0.3768,-0.218,0.061,9.97,35.08,60.09,15.45,20,22,52,-10,1893.19,1436.0,117.12,0.00239,-0.01082,-2.20037,2030.8,1285.6,-147.05,114.79,4.23,0.25,,
158.402,ruido,ruido,0.4388,-0.3291,0.0587,5.6,48.86,74.0,11.96,19,24,47,-5,1898.87,1434.93,117.16,0.00365,-0.01101,-2.21758,2031.6,1292.7,-145.91,115.93,4.22,0.35,,
158.462,ruido,ruido,0.3261,-0.308,0.0815,1.24,37.5,63.97,1.65,22,23,64,-7,1907.95,1432.69,117.35,0.00396,-0.01186,-2.25127,2033.1,1300.2,-144.65,117.19,4.21,0.44,,
158.502,ruido,ruido,0.3261,-0.3715,0.1326,-2.02,36.2,75.42,-5.24,23,39,56,-14,1914.62,1430.33,117.33,0.00335,-0.01184,-2.28498,2034.1,1308.7,-142.93,118.91,4.18,0.56,,
158.561,ruido,ruido,0.2557,-0.4133,0.2314,-5.47,23.63,83.41,-19.75,11,49,60,-27,1925.38,1426.33,117.39,0.00367,-0.01292,-2.33673,2034.4,1317.8,-140.43,121.41,4.13,0.75,,
158.603,ruido,ruido,0.2098,-0.4245,0.1487,-14.82,29.32,72.17,-19.54,15,44,94,-15,1932.25,1423.91,117.4,0.00628,-0.01329,-2.36837,2034.0,1328.0,-137.99,123.85,4.1,0.95,,
158.642,ruido,ruido,0.1941,-0.4002,0.1624,-12.54,25.51,69.59,-20.43,16,32,72,-22,1937.29,1422.2,117.44,0.00565,-0.013,-2.39208,2033.4,1337.5,-135.68,126.16,4.03,1.13,,
158.722,ruido,ruido,0.2371,-0.4007,0.1574,-3.08,35.84,66.2,-23.09,16,35,88,-26,1946.51,1420.16,117.18,0.00471,-0.00998,-2.45286,2033.3,1346.0,-133.47,128.37,3.95,1.24,,
158.762,ruido,ruido,0.2152,-0.3386,0.1113,-1.76,34.61,53.99,-17.99,6,-7,55,-32,1945.51,1422.11,117.17,0.00349,-0.01292,-2.47715,2035.1,1351.5,-131.18,130.66,3.88,1.34,,
158.802,ruido,ruido,0.3154,-0.3534,0.1381,8.71,43.16,63.85,-14.79,-23,10,44,-24,1945.78,1422.72,117.16,0.00226,-0.01202,-2.49778,2037.7,1349.0,-129.85,131.99,3.96,1.46,,
158.842,ruido,ruido,0.2875,-0.346,0.2381,10.49,27.75,73.6,-19.85,-14,12,79,-26,1945.92,1422.89,117.24,0.00262,-0.0118,-2.51097,2039.1,1351.1,-128.38,133.46,3.91,1.49,,
158.902,ruido,ruido,0.304,-0.3873,0.197,0.24,30.7,79.91,-13.57,-22,33,66,-13,1945.75,1420.09,117.1,-0.00142,-0.01273,-2.55398,2038.9,1353.3,-127.07,134.77,3.92,1.53,,
158.962,ruido,ruido,0.2364,-0.3341,0.2145,8.27,27.4,63.88,-23.9,-16,54,66,-19,1949.54,1411.56,117.17,-0.00375,-0.01217,-2.61569,2036.8,1358.4,-124.74,137.1,3.84,1.67,,
159.002,ruido,ruido,0.3389,-0.3292,0.2214,19.92,37.17,69.73,-18.37,1,52,66,-8,1952.65,1405.4,116.98,0.00204,-0.00757,-2.65871,2032.4,1368.2,-121.64,140.2,3.65,1.87,,
159.042,ruido,ruido,0.3045,-0.3563,0.2852,12.74,24.12,81.61,-21.03,-3,62,91,-11,1954.7,1400.8,117.2,0.00317,-0.00793,-2.68981,2026.7,1377.1,-118.64,143.2,3.55,2.04,,
159.122,ruido,ruido,0.2596,-0.3506,0.268,-2.33,10.89,86.75,-12.24,-2,8,70,-12,1957.04,1390.65,117.75,0.00747,-0.01714,-2.74983,2023.8,1384.0,-116.13,145.71,3.47,2.19,,
159.162,ruido,ruido,0.3492,-0.3689,0.2546,-1.8,16.49,98.4,-1.36,-2,22,57,-6,1959.78,1384.2,117.1,-0.00692,-0.00543,-2.80067,2022.0,1387.7,-113.97,147.87,3.34,2.42,,
159.202,ruido,ruido,0.3728,-0.3864,0.3167,-0.39,10.77,110.71,-1.79,-5,57,74,-17,1964.15,1377.4,116.96,-0.00801,-0.00195,-2.84581,2018.7,1393.3,-111.44,150.4,3.2,2.59,,
159.261,ruido,ruido,0.3466,-0.4242,0.3815,1.71,8.54,114.8,-14.12,11,34,68,-19,1967.17,1372.06,116.89,-0.00844,-0.00156,-2.88529,2014.3,1402.6,-108.87,152.97,3.07,2.69,,
159.302,ruido,ruido,0.4135,-0.3702,0.4374,16.14,5.39,120.0,-9.22,-5,52,105,-18,1971.67,1364.26,116.96,-0.00914,-0.00096,-2.93322,2011.1,1412.0,-108.87,152.97,3.07,2.69,,
159.362,ruido,ruido,0.4001,-0.4239,0.4249,20.51,20.34,111.48,-24.32,20,42,117,-21,1977.01,1353.82,116.81,-0.00799,0.00097,-2.99983,2005.7,1422.0,-103.22,158.62,2.8,2.89,,
159.402,ruido,ruido,0.4182,-0.466,0.502,29.54,23.78,117.69,-37.2,14,53,140,-21,1979.62,1348.05,116.8,-0.00686,0.00152,-3.03461,1999.1,1433.6,-99.98,161.86,2.66,3.03,,
159.462,ruido,ruido,0.3529,-0.5418,0.4281,15.42,33.62,109.55,-45.65,18,29,108,-22,1984.96,1333.73,117.13,0.00014,-0.00485,-3.10426,1991.7,1444.8,-96.7,165.14,2.49,3.11,,
159.502,ruido,ruido,0.3891,-0.5081,0.34,16.57,43.47,100.09,-35.62,15,25,116,-14,1984.67,1326.86,117.02,-0.00112,-0.00415,-3.10108,1984.1,1454.6,-96.7,165.14,2.49,3.11,,
159.562,ruido,ruido,0.4151,-0.5005,0.3223,25.17,53.7,92.8,-38.85,39,28,155,28,1984.1,1317.71,117.18,0.00115,-0.00757,-3.1059,1973.8,1458.3,-94.25,167.59,2.41,3.13,,
159.622,ruido,ruido,0.3629,-0.4871,0.242,11.77,50.98,85.02,-31.63,23,26,45,-38,1983.42,1313.66,117.06,-0.00155,-0.00294,-3.11227,1965.0,1465.4,-94.06,167.78,2.32,3.15,,
159.662,ruido,ruido,0.2502,-0.4526,0.172,-1.45,43.45,68.99,-30.94,11,37,97,-41,1981.42,1308.47,117.08,-0.00048,-0.0051,-3.12804,1960.0,1472.8,-93.68,168.16,2.33,3.16,,
159.702,ruido,ruido,0.2448,-0.379,0.147,5.94,43.05,56.76,-27.41,-5,51,91,-34,1978.57,1304.33,117.19,0.00048,-0.00742,3.13152,1957.0,1479.5,-93.68,168.16,2.33,3.16,,
159.742,ruido,ruido,0.2477,-0.3968,0.1704,18.2,54.42,48.7,-42.06,-18,70,45,-14,1975.04,1300.08,117.22,0.00021,-0.00874,3.10028,1953.1,1484.6,-92.7,169.14,2.25,3.27,,
159.822,ruido,ruido,0.2544,-0.3966,0.0199,4.95,65.22,38.94,-27.71,-16,57,27,-51,1968.21,1290.38,117.17,0.00028,-0.00667,3.04173,1948.4,1487.4,-88.65,173.19,2.0,3.4,,
159.862,ruido,ruido,0.2076,-0.3331,-0.0058,9.01,63.24,23.28,-29.09,-12,53,56,-51,1966.24,1287.3,117.15,0.00149,-0.00793,3.02846,1945.0,1489.4,-88.65,173.19,2.0,3.4,,
159.901,ruido,ruido,0.1905,-0.464,-0.0161,-2.22,74.59,30.12,-41.55,-11,56,40,-29,1963.32,1283.5,117.07,0.0037,-0.00832,3.00587,1941.2,1491.5,-86.82,175.02,1.89,3.52,,
159.942,ruido,ruido,0.2734,-0.482,0.0083,5.45,81.25,39.62,-38.82,-17,64,43,-45,1959.25,1278.64,117.12,-0.00203,-0.00622,2.96772,1937.7,1492.2,-85.38,176.46,1.79,3.49,,
160.021,ruido,ruido,0.2576,-0.3611,0.0148,9.97,65.36,33.63,-26.51,-7,73,52,-52,1951.52,1271.92,117.04,-0.00099,-0.00324,2.90062,1934.9,1492.6,-81.23,-179.39,1.53,3.58,,
160.062,ruido,ruido,0.2584,-0.4151,0.0006,1.87,68.2,39.57,-26.95,-29,85,61,-38,1945.6,1267.13,117.01,-0.00133,-0.00502,2.86377,1931.6,1492.8,-81.23,-179.39,1.53,3.58,,
160.101,ruido,ruido,0.3045,-0.4841,-0.0333,-6.84,75.95,50.22,-21.9,-4,54,52,-50,1941.43,1262.83,117.12,-0.00276,-0.00594,2.81811,1927.9,1491.4,-78.13,-176.29,1.26,3.64,,
160.142,ruido,ruido,0.1947,-0.3985,0.0313,1.53,60.27,34.63,-34.14,-16,69,79,-22,1938.56,1259.41,116.84,-0.0015,0.00011,2.78174,1924.1,1491.5,-76.0,-174.16,1.21,3.62,,
160.222,ruido,ruido,0.156,-0.4157,0.0839,2.17,55.27,36.21,-43.72,0,47,50,-13,1929.34,1252.96,116.65,-3e-05,-0.00042,2.71272,1919.5,1489.6,-70.41,-168.57,0.84,3.59,,
160.262,ruido,ruido,0.1842,-0.4217,0.1196,10.34,58.67,38.26,-48.34,-23,58,62,-48,1925.92,1248.32,116.41,0.00143,0.00782,2.65315,1914.8,1487.5,-70.41,-168.57,0.84,3.59,,
160.302,ruido,ruido,0.0944,-0.4371,0.1192,6.85,57.72,27.33,-61.69,-28,54,54,-39,1924.34,1245.09,116.26,0.00645,0.01367,2.61496,1910.4,1488.4,-67.44,-165.6,0.63,3.56,,
160.362,ruido,ruido,0.1299,-0.4746,0.1258,1.69,57.49,39.23,-56.83,7,18,18,-72,1922.4,1244.78,116.21,0.00445,0.0137,2.60323,1908.6,1489.3,-64.0,-162.16,0.4,3.6,,
160.402,ruido,ruido,0.1146,-0.4575,0.2859,16.18,43.63,47.91,-71.04,-19,36,26,-15,1919.68,1244.16,116.09,1e-05,0.01081,2.56111,1908.6,1489.3,-62.13,-160.29,0.21,3.36,,
160.462,ruido,ruido,0.1059,-0.4155,0.327,21.2,35.36,48.07,-70.73,-14,63,50,-43,1916.5,1242.67,115.95,0.00204,0.01445,2.48388,1910.1,1488.4,-60.99,-159.15,0.22,3.52,,
160.501,ruido,ruido,0.1598,-0.4298,0.2703,20.58,46.09,48.23,-63.78,13,60,14,-110,1914.59,1242.94,115.95,0.00179,0.01475,2.47057,1906.8,1491.1,-58.32,-156.48,0.04,3.52,,
160.562,ruido,ruido,0.1438,-0.4693,0.3495,21.33,40.49,57.59,-73.41,24,47,34,-24,1911.35,1240.83,115.83,-0.00038,0.01255,2.41812,1905.5,1493.6,-54.69,-152.85,-0.26,3.37,,
160.602,ruido,ruido,0.1656,-0.3452,0.2747,27.75,39.03,42.7,-56.5,6,54,76,-59,1909.51,1236.77,115.76,0.00351,0.01618,2.35368,1899.7,1497.5,-50.2,-148.36,-0.51,3.48,,
160.662,ruido,ruido,0.2368,-0.3543,0.3081,33.66,41.06,53.51,-52.46,25,48,71,-92,1908.61,1230.04,116.25,0.00278,0.01203,2.28502,1890.6,1502.5,-46.34,-144.5,-0.81,3.38,,
160.701,ruido,ruido,0.2779,-0.2639,0.3412,45.86,33.49,53.2,-43.62,47,20,61,-60,1907.5,1227.37,116.17,0.00277,0.01065,2.27141,1881.2,1507.3,-43.48,-141.64,-0.99,3.21,,
160.743,ruido,ruido,0.2576,-0.2187,0.2937,42.17,30.17,46.05,-35.94,35,39,39,-18,1905.25,1222.65,116.14,0.00208,0.01038,2.24152,1874.0,1508.7,-41.98,-140.14,-1.11,3.34,,
160.802,ruido,ruido,0.2677,-0.1537,0.2894,51.44,29.74,37.68,-33.21,40,41,67,-38,1902.5,1216.03,116.13,0.00328,0.01096,2.19455,1874.0,1508.7,-40.05,-138.21,-1.27,3.35,,
160.862,ruido,ruido,0.3072,-0.1852,0.279,55.59,40.58,38.21,-36.06,57,36,61,-49,1900.14,1209.37,115.94,0.00343,0.01253,2.14675,1856.0,1510.6,-37.71,-135.87,-1.4,3.27,,
160.902,ruido,ruido,0.3402,-0.1314,0.2254,65.44,50.4,25.06,-32.04,57,36,61,-49,1898.64,1204.72,115.93,0.00485,0.01378,2.11881,1856.0,1510.6,-35.5,-133.66,-1.53,3.25,,
160.942,ruido,ruido,0.3831,-0.0797,0.2938,73.62,39.36,34.69,-25.08,90,34,27,-24,1897.79,1202.31,115.87,0.00589,0.01414,2.10772,1845.9,1512.0,-33.96,-132.12,-1.63,3.18,,
161.002,ruido,ruido,0.3861,-0.0504,0.3243,82.5,38.68,31.17,-28.79,63,38,34,-31,1895.85,1198.27,115.98,0.00533,0.01562,2.0899,1830.5,1510.8,-32.96,-131.12,-1.69,3.14,,
161.062,ruido,ruido,0.4313,-0.1223,0.4172,92.91,45.72,42.86,-43.47,69,43,15,-13,1893.74,1194.62,115.84,0.00611,0.01606,2.07538,1822.2,1508.8,-32.2,-130.36,-1.66,3.1,,
161.102,ruido,ruido,0.5916,-0.1157,0.4166,105.25,57.11,56.05,-29.11,104,43,25,-41,1892.54,1192.66,115.79,0.00452,0.01643,2.06608,1813.4,1505.8,-31.53,-129.69,-1.71,3.1,,
161.162,ruido,ruido,0.6029,-0.153,0.4692,107.5,56.92,64.04,-35.52,98,60,54,-34,1889.1,1188.64,116.0,0.00553,0.01441,2.03552,1813.4,1505.8,-30.8,-128.96,-1.74,3.1,,
161.202,ruido,ruido,0.6095,-0.0809,0.3699,106.09,59.86,50.61,-21.52,110,58,55,-29,1886.29,1185.83,116.08,0.00552,0.01416,2.00462,1792.0,1501.5,-29.32,-127.48,-1.81,3.06,,
161.242,ruido,ruido,0.6553,0.0,0.2956,110.48,63.18,41.67,-5.63,110,58,55,-29,1883.87,1183.38,116.1,0.00712,0.01382,1.97615,1792.0,1501.5,-26.88,-125.04,-1.9,3.01,,
161.302,ruido,ruido,0.6568,-0.0431,0.359,117.65,67.11,44.88,-19.47,136,55,72,-23,1876.87,1177.17,116.17,0.0086,0.01356,1.90974,1777.0,1498.3,-24.06,-122.22,-2.04,2.79,,
161.362,ruido,ruido,0.7566,-0.0912,0.3093,112.87,77.97,57.68,-6.4,122,92,36,7,1869.07,1172.91,116.11,0.01089,0.0146,1.88047,1744.7,1487.2,-21.6,-119.76,-2.07,2.59,,
161.402,ruido,ruido,0.7781,-0.1712,0.2754,108.14,91.48,60.41,-11.04,122,92,36,7,1861.09,1169.96,115.95,0.01168,0.01433,1.87821,1744.7,1487.2,-20.48,-118.64,-2.1,2.49,,
161.462,ruido,ruido,0.7976,-0.201,0.1392,95.0,104.89,54.88,0.46,105,76,44,18,1853.52,1167.52,115.92,0.01088,0.01415,1.87771,1732.0,1476.1,-20.36,-118.52,-2.14,2.49,,
161.502,ruido,ruido,0.8252,-0.1404,0.1994,100.59,91.14,63.36,8.98,102,86,42,30,1842.96,1164.03,115.75,0.0109,0.01262,1.86166,1720.9,1461.8,-20.15,-118.31,-2.16,2.53,,
161.563,ruido,ruido,0.8518,-0.1295,0.2405,113.81,96.04,60.96,1.75,94,94,70,21,1828.28,1159.44,115.64,0.01177,0.01108,1.83732,1697.8,1430.5,-19.14,-117.3,-2.26,2.52,,
161.621,ruido,ruido,0.849,-0.1083,0.2147,107.67,90.65,62.53,10.84,110,91,72,35,1808.37,1154.3,115.44,0.01047,0.00943,1.81599,1697.8,1430.5,-17.95,-116.11,-2.39,2.51,,
161.662,ruido,ruido,0.7351,-0.1517,0.2342,95.21,82.0,59.88,-1.85,110,91,72,35,1799.46,1152.02,115.37,0.01169,0.00859,1.80782,1685.8,1413.9,-17.08,-115.24,-2.48,2.5,,
161.701,ruido,ruido,0.7357,-0.1432,0.2444,84.13,67.95,72.68,10.67,118,86,85,27,1787.16,1148.81,115.29,0.01165,0.00789,1.79765,1674.1,1396.3,-16.25,-114.41,-2.59,2.5,,
161.742,ruido,ruido,0.7733,-0.1896,0.1945,80.12,79.33,74.73,13.28,114,78,61,46,1777.95,1146.48,115.2,0.01237,0.00763,1.79516,1662.1,1378.3,-15.67,-113.83,-2.66,2.46,,
161.822,ruido,ruido,0.7843,-0.1596,0.0478,72.07,89.95,61.08,27.89,64,68,70,-6,1747.09,1138.5,115.1,0.01096,0.00788,1.77145,1650.8,1361.1,-15.3,-113.46,-2.67,2.42,,
161.863,ruido,ruido,0.8274,-0.1311,0.107,85.2,89.04,64.3,26.21,65,108,70,21,1738.02,1136.11,115.11,0.00834,0.00436,1.76114,1641.2,1344.5,-14.6,-112.76,-2.72,2.49,,
161.903,ruido,ruido,0.7783,-0.1417,0.0331,69.82,87.19,60.0,32.03,65,108,70,21,1722.97,1132.0,114.88,0.00791,0.00459,1.74041,1631.4,1331.7,-13.57,-111.73,-2.81,2.44,,
161.943,ruido,ruido,0.6633,-0.117,0.0306,62.48,76.3,48.55,24.93,82,77,78,28,1713.95,1130.51,114.89,0.01286,0.00709,1.73174,1620.9,1318.7,-12.45,-110.61,-2.84,2.3,,
162.023,ruido,ruido,0.6317,-0.215,-0.0271,49.28,88.03,47.45,17.39,77,62,46,31,1694.23,1126.1,114.65,0.00842,0.00465,1.72177,1612.0,1304.6,-11.78,-109.94,-2.83,2.21,,
162.063,ruido,ruido,0.5909,-0.2434,-0.0152,52.89,94.25,39.24,2.72,77,62,46,31,1680.77,1124.24,114.63,0.01307,0.0071,1.71825,1599.0,1275.4,-11.43,-109.59,-2.86,2.25,,
162.102,ruido,ruido,0.6389,-0.2015,0.0661,60.39,82.04,52.41,9.59,50,100,59,13,1668.03,1122.41,114.5,0.01311,0.00738,1.71702,1594.7,1262.8,-11.27,-109.43,-2.85,2.21,,
162.163,ruido,ruido,0.6201,-0.1633,-0.0458,49.24,82.7,42.65,23.85,50,83,46,54,1658.13,1121.32,114.27,0.01448,0.00708,1.71767,1591.6,1249.8,-11.21,-109.37,-2.83,2.16,,
162.202,ruido,ruido,0.6097,-0.2629,-0.123,34.68,96.43,43.19,20.8,49,100,63,34,1646.21,1119.46,113.97,0.01053,0.00507,1.71395,1591.6,1249.8,-11.17,-109.33,-2.84,2.17,,
162.263,ruido,ruido,0.48,-0.2333,-0.107,32.7,87.15,26.98,6.78,50,104,45,8,1632.27,1118.48,114.04,0.01499,0.0063,1.71061,1583.5,1211.4,-10.95,-109.11,-2.9,2.15,,
162.322,ruido,ruido,0.4065,-0.2299,-0.0627,34.66,81.48,20.35,-6.41,31,96,38,39,1618.94,1117.69,113.81,0.01524,0.00612,1.70687,1583.5,1211.4,-10.81,-108.97,-2.91,2.11,,
162.363,ruido,ruido,0.4107,-0.2158,0.0349,46.66,75.61,24.64,-15.48,31,96,38,39,1610.48,1117.05,113.69,0.01163,0.00518,1.70515,1581.7,1198.7,-10.65,-108.81,-2.92,2.07,,
162.402,ruido,ruido,0.3685,-0.2206,-0.0217,31.34,70.12,24.15,-7.68,39,60,24,42,1602.48,1117.3,113.72,0.01498,0.00658,1.70243,1581.3,1185.8,-10.52,-108.68,-2.91,2.05,,
162.442,ruido,ruido,0.2825,-0.2522,0.013,18.58,56.85,28.71,-13.72,38,66,12,3,1597.02,1116.62,113.44,0.01261,0.00666,1.69997,1581.6,1175.4,-10.33,-108.49,-2.91,2.02,,
162.522,ruido,ruido,0.2624,-0.3008,-0.0196,8.42,59.69,30.42,-14.57,22,49,35,-1,1579.69,1116.34,113.49,0.01602,0.00599,1.6887,1582.0,1165.7,-10.21,-108.37,-2.9,2.0,,
162.562,ruido,ruido,0.251,-0.2737,-0.0456,-0.51,50.58,33.38,-3.12,22,49,35,-1,1575.23,1116.33,113.24,0.01449,0.0081,1.67849,1581.1,1156.9,-9.78,-107.94,-2.93,1.96,,
162.602,ruido,ruido,0.2315,-0.2705,-0.1287,-8.71,55.16,25.16,2.46,26,56,34,-18,1569.77,1117.47,112.86,0.01874,0.01037,1.65415,1579.4,1151.3,-8.95,-107.11,-2.92,1.98,,
162.643,ruido,ruido,0.2414,-0.3266,-0.0163,-1.8,53.06,37.81,-11.84,-13,52,26,10,1564.69,1120.46,112.84,0.02189,0.01026,1.63175,1578.4,1147.7,-7.26,-105.42,-2.97,1.88,,
162.703,ruido,ruido,0.3354,-0.3169,-0.0672,1.18,62.64,41.73,1.79,-13,55,31,18,1557.72,1126.09,112.71,0.02601,0.0089,1.60387,1580.7,1141.8,-5.76,-103.92,-3.02,1.81,,
162.763,ruido,ruido,0.2985,-0.2971,-0.1807,-7.41,69.04,26.25,7.63,-16,58,29,19,1551.14,1131.85,112.91,0.01938,0.00638,1.57103,1584.4,1135.6,-4.36,-102.52,-3.11,1.7,,
162.803,ruido,ruido,0.2963,-0.4218,-0.177,-17.03,78.77,36.12,-3.04,-16,58,29,19,1546.24,1135.9,112.93,0.02025,0.00618,1.54509,1587.9,1129.5,-2.75,-100.91,-3.14,1.59,,
162.842,ruido,ruido,0.1594,-0.4132,-0.1492,-23.48,66.5,25.12,-17.13,-19,76,35,18,1540.99,1140.24,112.8,0.02163,0.00555,1.51542,1591.0,1122.6,-0.84,-99.0,-3.18,1.5,,
162.923,ruido,ruido,0.1826,-0.4194,-0.2523,-33.17,74.31,22.01,-4.73,-20,73,37,11,1529.25,1151.38,112.82,0.02291,0.00298,1.43673,1594.4,1114.8,1.5,-96.66,-3.28,1.38,,
162.963,ruido,ruido,0.2227,-0.4493,-0.2123,-24.52,81.34,26.19,-11.74,-29,79,50,8,1525.97,1155.1,113.03,0.01868,0.00373,1.41307,1598.1,1107.3,4.05,-94.11,-3.39,1.2,,
163.003,ruido,ruido,0.2194,-0.4759,-0.1687,-29.87,73.25,37.99,-11.16,-30,75,37,17,1522.83,1160.6,112.95,0.02191,0.00348,1.38851,1602.9,1101.1,6.23,-91.93,-3.42,1.05,,
163.044,ruido,ruido,0.1187,-0.4022,-0.1233,-27.78,56.31,27.03,-17.59,-25,75,18,12,1520.19,1166.63,112.89,0.02196,0.00204,1.36448,1609.4,1095.7,7.95,-90.21,-3.45,0.94,,
163.124,ruido,ruido,0.1117,-0.2815,-0.0943,-17.38,42.75,20.16,-9.79,-41,69,23,1,1514.88,1180.55,112.9,0.02276,0.00115,1.28511,1622.1,1087.0,9.98,-88.18,-3.52,0.81,,
163.163,ruido,ruido,0.1286,-0.3125,-0.1126,-17.67,50.34,20.24,-11.75,-41,69,23,1,1513.29,1184.33,112.96,0.02393,0.0016,1.26424,1622.1,1087.0,12.56,-85.6,-3.53,0.62,,
163.203,ruido,ruido,0.1827,-0.3756,-0.1782,-24.75,63.85,25.47,-6.12,-30,50,22,10,1510.69,1188.82,112.75,0.02667,0.0024,1.24474,1626.9,1083.2,14.83,-83.33,-3.52,0.47,,
163.263,ruido,ruido,0.2107,-0.2454,-0.1383,-12.24,49.16,23.83,6.69,-8,38,19,13,1507.38,1193.48,112.83,0.02716,0.0018,1.22683,1631.8,1080.0,14.83,-83.33,-3.52,0.47,,
163.322,ruido,ruido,0.204,-0.2334,-0.0126,0.86,40.21,29.77,-5.56,-13,40,24,12,1505.11,1197.0,112.98,0.02521,0.00019,1.20521,1635.4,1076.3,16.72,-81.44,-3.55,0.33,,
163.363,ruido,ruido,0.2103,-0.2944,0.0418,-4.06,36.37,44.4,-9.4,-14,47,31,2,1502.09,1202.41,113.02,0.02412,-0.00108,1.1787,1638.3,1072.5,16.72,-81.44,-3.55,0.33,,
163.403,ruido,ruido,0.1491,-0.1777,0.023,-2.51,22.25,30.05,-2.07,-12,44,27,15,1498.64,1207.79,113.09,0.02366,-0.00282,1.15095,1641.8,1068.7,18.12,-80.04,-3.56,0.26,,
163.463,ruido,ruido,0.2271,-0.1019,0.0115,11.72,26.18,26.46,8.31,-12,52,36,10,1495.74,1212.08,113.2,0.02355,-0.0041,1.13126,1645.5,1064.2,19.68,-78.48,-3.56,0.17,,
163.502,ruido,ruido,0.3189,-0.1296,-0.0317,10.95,36.76,35.02,19.34,-5,41,23,10,1492.09,1215.93,113.19,0.02264,-0.00429,1.1169,1648.9,1059.5,21.3,-76.86,-3.55,0.04,,
163.563,ruido,ruido,0.3386,-0.2276,-0.0509,2.07,46.64,43.96,15.68,11,14,19,8,1487.63,1218.75,113.19,0.02347,-0.00425,1.11029,1652.2,1055.5,23.31,-74.85,-3.55,-0.09,,
163.603,ruido,ruido,0.3182,-0.2627,-0.0353,-11.94,35.73,57.2,20.82,16,24,19,18,1483.04,1221.56,113.19,0.02422,-0.00409,1.09869,1653.8,1051.9,23.31,-74.85,-3.55,-0.09,,
163.663,ruido,ruido,0.3861,-0.2311,-0.0537,2.18,47.75,51.0,22.61,9,43,48,13,1478.51,1224.85,113.28,0.02322,-0.00408,1.08278,1654.9,1046.9,23.59,-74.57,-3.52,-0.14,,
163.703,ruido,ruido,0.4453,-0.1662,-0.1098,11.49,55.66,42.19,33.17,9,44,41,11,1471.48,1230.6,113.16,0.02286,-0.00424,1.05873,1656.5,1039.9,24.28,-73.88,-3.47,-0.23,,
163.763,ruido,ruido,0.3758,-0.1891,-0.037,7.69,43.87,46.52,22.18,13,53,48,36,1460.99,1239.61,113.04,0.02111,-0.00503,1.02924,1659.8,1031.3,25.47,-72.69,-3.44,-0.32,,
163.803,ruido,ruido,0.3959,-0.2899,0.0051,8.39,53.95,55.76,8.56,21,55,54,27,1451.63,1247.61,113.79,-0.00043,-0.00105,1.00932,1664.6,1020.7,26.91,-71.25,-3.39,-0.45,,
163.862,ruido,ruido,0.4283,-0.385,0.0255,8.72,66.23,63.9,-1.78,33,54,50,44,1444.2,1253.54,112.95,0.01539,-0.00439,0.99936,1670.2,1009.3,28.25,-69.91,-3.4,-0.53,,
163.902,ruido,ruido,0.4203,-0.4571,-0.0124,1.55,76.67,63.72,-7.43,24,50,51,20,1435.71,1260.14,112.92,0.01953,-0.0039,0.97712,1675.7,999.0,29.32,-68.84,-3.39,-0.62,,
163.962,ruido,ruido,0.4703,-0.3663,-0.0474,16.73,82.92,50.94,-0.08,17,60,65,5,1425.65,1267.13,112.77,0.02315,-0.00633,0.93943,1678.7,989.6,30.16,-68.0,-3.47,-0.58,,
164.003,ruido,ruido,0.5374,-0.3827,-0.0537,21.28,91.09,56.12,3.48,17,69,80,0,1420.47,1270.9,112.75,0.02351,-0.0063,0.9169,1680.9,979.9,31.68,-66.48,-3.41,-0.65,,
164.063,ruido,ruido,0.4599,-0.4012,-0.084,12.71,90.34,47.43,-3.32,14,79,74,3,1408.52,1280.66,112.86,0.02417,-0.00952,0.8578,1683.5,969.8,33.7,-64.46,-3.4,-0.78,,
164.103,ruido,ruido,0.2656,-0.3909,-0.0841,-2.71,73.29,31.76,-17.33,12,73,77,7,1402.1,1287.53,112.77,0.02062,-0.00779,0.82366,1687.8,959.9,35.94,-62.22,-3.43,-0.88,,
164.144,ruido,ruido,0.2169,-0.3646,-0.1409,-3.51,77.37,15.67,-20.13,12,67,47,25,1397.12,1295.83,112.65,0.02563,-0.01121,0.79542,1694.6,950.7,38.21,-59.95,-3.4,-1.03,,
164.222,ruido,ruido,0.2304,-0.3086,-0.2116,-7.42,75.81,10.42,-5.1,-6,90,34,16,1391.44,1309.62,112.58,0.02357,-0.01175,0.7286,1703.4,943.8,42.61,-55.55,-3.36,-1.41,,
164.263,ruido,ruido,0.168,-0.2675,-0.1166,1.93,63.39,6.3,-17.86,-27,71,4,-28,1389.74,1317.94,112.41,0.02058,-0.01146,0.66857,1711.2,940.6,42.61,-55.55,-3.36,-1.41,,
164.303,ruido,ruido,0.1939,-0.1706,-0.0934,8.51,50.75,7.57,-4.78,-22,72,37,4,1389.13,1325.35,112.16,0.01977,-0.00933,0.62563,1716.6,939.3,45.49,-52.67,-3.3,-1.59,,
164.344,ruido,ruido,0.2223,-0.1991,-0.1137,11.63,61.67,5.74,-7.92,-17,64,32,28,1389.12,1329.64,112.18,0.01906,-0.01,0.60807,1723.5,938.5,50.93,-47.23,-3.15,-1.9,,
164.423,ruido,ruido,0.2356,-0.258,-0.1933,0.77,72.97,6.0,-4.34,-10,47,31,14,1388.99,1339.12,112.36,0.01772,-0.01107,0.57183,1731.1,938.1,50.93,-47.23,-3.15,-1.9,,
164.463,ruido,ruido,0.1533,-0.2692,-0.1526,-9.89,57.59,10.02,-8.65,-15,49,25,10,1389.27,1346.0,112.41,0.01986,-0.01348,0.54587,1737.8,936.9,54.12,-44.04,-3.06,-2.03,,
164.503,ruido,ruido,0.0989,-0.1604,-0.1942,-15.22,41.51,-0.02,5.38,-19,82,33,15,1390.05,1353.75,112.48,0.01971,-0.01519,0.51619,1743.9,936.1,55.69,-42.47,-3.04,-2.08,,
164.562,ruido,ruido,0.1513,-0.1993,-0.2331,-22.38,46.81,9.28,14.69,-19,66,25,15,1391.43,1359.86,112.55,0.01931,-0.01533,0.49429,1751.0,934.9,57.41,-40.75,-2.99,-2.13,,
164.623,ruido,ruido,0.1969,-0.1394,-0.1724,-10.48,39.41,14.39,19.67,-15,57,25,3,1393.61,1368.03,112.56,0.01912,-0.01698,0.46013,1758.5,934.9,58.97,-39.19,-2.9,-2.21,,
164.662,ruido,ruido,0.261,-0.2008,-0.1734,-9.77,50.1,23.78,19.4,-21,58,20,6,1395.33,1373.82,112.7,0.01892,-0.01688,0.43539,1764.8,935.2,60.69,-37.47,-2.87,-2.31,,
164.703,ruido,ruido,0.2797,-0.1779,-0.1549,-5.32,47.93,25.29,21.62,-9,37,11,12,1396.81,1378.53,112.66,0.01843,-0.01812,0.42176,1770.2,935.8,60.69,-37.47,-2.87,-2.31,,
164.743,ruido,ruido,0.3206,-0.1768,-0.0949,10.08,53.55,26.02,12.93,-7,37,15,18,1397.68,1381.52,112.65,0.01813,-0.01855,0.41306,1770.2,935.8,62.83,-35.33,-2.79,-2.42,,
164.803,ruido,ruido,0.2927,-0.1721,-0.0515,2.63,38.41,35.95,16.65,-7,37,15,18,1399.25,1388.32,112.73,0.01779,-0.01835,0.39251,1775.3,936.7,63.7,-34.46,-2.77,-2.47,,
164.863,ruido,ruido,0.3715,-0.1685,-0.0975,3.65,46.22,40.18,28.83,-10,55,28,15,1400.46,1396.95,112.76,0.01707,-0.01831,0.36333,1785.8,936.3,64.79,-33.37,-2.71,-2.51,,
164.906,ruido,ruido,0.2369,-0.1887,-0.0815,-7.26,35.98,32.12,14.98,-2,49,39,18,1400.88,1404.5,112.76,0.01544,-0.01807,0.34222,1785.8,936.3,66.22,-31.94,-2.66,-2.53,,
164.963,ruido,ruido,0.2837,-0.1905,-0.0082,1.28,33.07,42.81,13.64,7,56,27,20,1400.8,1411.02,112.75,0.01616,-0.01887,0.32681,1792.2,934.8,67.43,-30.73,-2.61,-2.57,,
165.003,ruido,ruido,0.198,-0.2044,-0.0843,-14.22,31.97,32.4,13.2,7,56,27,20,1400.25,1419.05,112.76,0.01374,-0.01814,0.31124,1799.6,932.7,68.47,-29.69,-2.55,-2.63,,
165.063,ruido,ruido,0.1892,-0.1276,-0.059,-3.96,25.9,24.78,13.82,18,51,25,25,1398.78,1427.95,112.64,0.01163,-0.01949,0.3015,1807.3,930.7,69.13,-29.03,-2.54,-2.68,,
165.103,ruido,ruido,0.2731,-0.0508,-0.0152,6.86,17.41,34.41,28.71,22,35,29,9,1397.7,1433.93,112.75,0.01361,-0.01856,0.2918,1821.6,925.3,69.66,-28.5,-2.53,-2.69,,
165.163,ruido,ruido,0.2971,-0.0013,0.0093,16.71,15.44,32.31,30.61,16,18,40,16,1396.47,1437.98,112.53,0.01454,-0.02213,0.28725,1821.6,925.3,70.24,-27.92,-2.43,-2.68,,
165.202,ruido,ruido,0.1694,0.0313,-0.0176,3.42,1.22,20.88,28.7,16,18,40,16,1394.74,1442.7,112.63,0.01153,-0.01823,0.2856,1826.7,922.9,70.52,-27.64,-2.44,-2.7,,
165.263,ruido,ruido,0.109,-0.0372,0.0725,-3.78,-9.43,32.82,15.28,17,19,20,24,1393.11,1448.62,112.61,0.01177,-0.01877,0.28569,1839.3,915.2,70.51,-27.65,-2.46,-2.68,,
165.302,ruido,ruido,0.0815,-0.0088,0.1571,3.01,-20.71,35.15,8.62,17,19,20,24,1392.18,1451.94,112.61,0.01229,-0.01928,0.2848,1839.3,915.2,70.53,-27.63,-2.46,-2.71,,
165.363,ruido,ruido,0.0652,0.0014,-0.0028,-9.55,-9.31,19.53,20.2,20,26,30,17,1389.56,1459.73,112.71,0.00701,-0.01888,0.28028,1844.2,912.3,70.7,-27.46,-2.42,-2.78,,
165.402,ruido,ruido,0.0408,0.0447,-0.0135,-9.97,-14.96,14.33,23.64,18,10,30,12,1387.58,1463.41,112.62,0.0072,-0.0194,0.27789,1848.4,908.6,70.85,-27.31,-2.39,-2.8,,
165.443,ruido,ruido,0.093,0.0334,-0.1027,-10.75,0.35,9.19,30.96,19,0,35,3,1386.21,1465.79,112.63,0.00878,-0.0195,0.27487,1850.0,904.1,70.85,-27.31,-2.39,-2.8,,
165.522,ruido,ruido,0.1935,0.1002,-0.1575,3.6,12.76,2.17,43.4,16,19,18,13,1383.22,1474.42,112.81,0.01175,-0.0216,0.27828,1852.1,900.6,71.36,-26.8,-2.36,-2.83,,
165.563,ruido,ruido,0.2254,0.1558,-0.1303,6.21,2.12,9.01,54.79,16,19,18,13,1383.25,1477.25,112.45,0.01013,-0.02215,0.2792,1855.9,898.5,71.24,-26.92,-2.36,-2.84,,
165.602,ruido,ruido,0.3016,0.217,-0.1917,17.18,13.12,0.41,65.8,21,16,9,36,1382.98,1481.62,112.64,0.00954,-0.0203,0.29352,1860.5,896.9,70.88,-27.28,-2.37,-2.85,,
165.643,ruido,ruido,0.3296,0.2331,-0.3407,10.74,27.96,-12.51,79.29,30,18,-2,58,1383.58,1484.97,112.81,0.00669,-0.01808,0.3103,1867.1,896.8,69.77,-28.39,-2.41,-2.83,,
165.703,ruido,ruido,0.421,0.2679,-0.3062,19.5,25.62,-1.12,90.73,33,9,-10,68,1385.56,1494.79,112.89,0.00512,-0.0198,0.35441,1875.3,897.6,67.99,-30.17,-2.49,-2.75,,
165.764,ruido,ruido,0.4287,0.2674,-0.3177,16.53,24.59,1.23,94.84,21,26,-22,92,1388.26,1505.28,112.8,0.01523,-0.01985,0.40055,1884.9,899.0,66.05,-32.11,-2.59,-2.66,,
165.802,ruido,ruido,0.4767,0.2893,-0.2916,29.13,29.5,0.48,93.43,40,28,-16,95,1390.22,1513.65,112.74,0.01603,-0.02016,0.432,1896.0,900.2,63.81,-34.35,-2.61,-2.56,,
165.843,ruido,ruido,0.4195,0.1629,-0.2426,15.86,28.61,12.44,77.32,40,35,-19,83,1391.59,1520.09,113.03,0.01599,-0.02434,0.44767,1908.6,900.7,63.81,-34.35,-2.61,-2.56,,
165.922,ruido,ruido,0.4799,0.2391,-0.208,25.66,20.68,17.84,89.37,27,50,-20,90,1398.05,1543.41,113.11,0.01707,-0.02442,0.50561,1921.8,901.2,59.76,-38.4,-2.79,-2.39,,
165.963,ruido,ruido,0.4963,0.147,-0.2182,16.11,27.48,28.39,86.83,20,44,-21,84,1399.63,1549.86,113.07,0.01585,-0.02231,0.51804,1934.9,901.8,58.07,-40.09,-2.83,-2.31,,
166.003,ruido,ruido,0.4285,0.1726,-0.1796,17.13,18.24,22.7,79.05,25,32,3,64,1400.76,1558.21,113.04,0.0171,-0.02314,0.53228,1945.9,901.6,56.81,-41.35,-2.88,-2.25,,
166.042,ruido,ruido,0.3787,0.1884,-0.1678,17.58,14.29,16.16,73.16,15,25,30,91,1401.23,1564.33,112.98,0.01633,-0.0222,0.54125,1955.1,899.0,56.81,-41.35,-2.88,-2.25,,
166.123,ruido,ruido,0.3001,0.2386,-0.1923,6.61,-0.81,10.63,79.58,22,22,31,73,1399.89,1584.11,112.94,0.01763,-0.021,0.58078,1963.5,894.6,54.8,-43.36,-2.95,-2.16,,
166.163,ruido,ruido,0.3325,0.3122,-0.1682,16.78,-6.26,9.5,86.37,14,13,9,66,1399.19,1589.73,113.02,0.01673,-0.02143,0.59878,1971.6,890.5,53.61,-44.55,-2.98,-2.07,,
166.203,ruido,ruido,0.3245,0.2304,-0.1852,10.59,3.36,11.71,78.19,44,25,-8,99,1398.07,1597.2,112.8,0.01326,-0.01703,0.63259,1980.3,887.3,53.61,-44.55,-2.98,-2.07,,
166.242,ruido,ruido,0.2025,0.2387,-0.161,4.51,-7.93,2.13,66.08,34,16,-22,110,1396.93,1604.61,112.86,0.01676,-0.01868,0.66556,1991.2,884.9,51.95,-46.21,-3.06,-2.04,,
166.322,ruido,ruido,0.1246,0.2073,-0.1532,-8.73,-17.39,4.15,61.84,46,15,-20,84,1394.12,1617.63,113.38,0.02051,-0.02284,0.72987,2001.9,882.7,46.87,-51.29,-3.18,-1.68,,
166.363,ruido,ruido,0.0993,0.1156,-0.0799,-14.59,-20.29,17.68,48.97,31,20,-18,98,1392.47,1625.62,113.25,0.02136,-0.02069,0.76397,2011.4,879.5,44.55,-53.61,-3.25,-1.51,,
166.402,ruido,ruido,0.109,0.1159,-0.0481,-15.31,-26.16,25.06,51.29,33,2,-16,67,1391.42,1630.9,113.27,0.01942,-0.02044,0.79543,2018.6,876.2,44.55,-53.61,-3.25,-1.51,,
166.442,ruido,ruido,0.0663,0.2647,-0.0609,-8.33,-40.95,9.19,61.29,41,-13,-14,48,1390.93,1633.2,113.3,0.02062,-0.02061,0.81181,2023.2,874.1,42.71,-55.45,-3.31,-1.37,,
166.522,ruido,ruido,-0.0035,0.282,-0.0231,-12.52,-53.95,8.27,57.09,1,-20,15,31,1389.78,1635.81,113.24,0.01981,-0.01932,0.84595,2024.4,872.4,39.54,-58.62,-3.37,-1.13,,
166.563,ruido,ruido,-0.0359,0.2765,0.0715,-6.46,-62.15,12.15,44.96,22,-66,-20,46,1388.69,1636.8,113.55,0.0251,-0.01433,0.89326,2023.0,871.7,37.94,-60.22,-3.41,-1.04,,
166.603,ruido,ruido,-0.0454,0.2905,-0.0826,-18.56,-51.82,-1.92,57.77,10,-42,-25,53,1388.02,1637.13,113.74,0.02376,-0.01499,0.94034,2022.6,871.9,35.44,-62.72,-3.37,-0.91,,
166.663,ruido,ruido,-0.0117,0.1686,-0.039,-21.47,-42.21,13.36,46.56,39,-63,-49,47,1386.93,1637.14,113.59,0.02148,-0.01398,0.98385,2022.6,872.9,32.65,-65.51,-3.43,-0.73,,
166.702,ruido,ruido,0.0118,0.0735,-0.0133,-22.23,-31.87,21.99,35.87,-22,-48,-33,59,1385.85,1637.66,113.35,0.01918,-0.00793,1.05137,2022.3,874.1,32.65,-65.51,-3.43,-0.73,,
166.763,ruido,ruido,0.0834,0.0946,0.0171,-7.3,-25.17,23.38,35.79,-23,-34,-10,56,1383.62,1636.85,113.53,0.01816,-0.00884,1.10585,2023.8,876.8,26.05,-72.11,-3.44,-0.28,,
166.803,ruido,ruido,0.181,0.0921,-0.0153,3.07,-9.22,23.45,40.62,-13,-27,23,38,1382.45,1636.71,113.53,0.01813,-0.00946,1.12525,2024.2,878.1,23.5,-74.66,-3.41,-0.06,,
166.863,ruido,ruido,0.168,0.1013,0.0508,7.79,-16.54,27.22,35.3,20,-10,42,41,1378.02,1637.91,113.44,0.01808,-0.00774,1.15807,2022.6,875.9,23.5,-74.66,-3.41,-0.06,,
166.903,ruido,ruido,0.0904,0.005,0.0092,-7.5,-9.77,23.43,22.76,29,14,27,27,1373.55,1639.79,113.4,0.01914,-0.00681,1.1604,2021.2,870.0,21.71,-76.45,-3.4,0.04,,
166.943,ruido,ruido,0.06,-0.0287,0.0286,-11.16,-11.14,25.34,16.16,33,22,26,30,1367.87,1642.19,113.47,0.01879,-0.00752,1.16758,2020.5,862.8,20.58,-77.58,-3.38,0.09,,
167.023,ruido,ruido,0.161,-0.0166,-0.0321,-4.42,3.37,25.04,27.52,18,31,22,37,1353.71,1648.97,113.67,0.0211,-0.0101,1.16611,2021.6,854.5,20.32,-77.84,-3.36,0.17,,
167.063,ruido,ruido,0.1579,0.0248,-0.1123,-12.48,1.53,19.77,41.7,27,41,32,34,1348.87,1651.36,113.51,0.02378,-0.00869,1.16795,2022.8,845.8,20.04,-78.12,-3.34,0.21,,
167.102,ruido,ruido,0.155,-0.0131,-0.1036,-10.24,8.44,18.45,32.94,27,24,29,36,1341.45,1654.68,113.52,0.02275,-0.00922,1.17007,2024.6,837.4,20.17,-77.99,-3.34,0.14,,
167.143,ruido,ruido,0.1508,0.0181,-0.1941,-11.33,16.82,4.4,38.35,19,35,34,25,1337.51,1656.71,113.49,0.02293,-0.00955,1.17008,2026.6,829.4,20.14,-78.02,-3.33,0.2,,
167.223,ruido,ruido,0.184,-0.0575,-0.2998,-26.29,30.88,7.76,46.54,25,25,25,42,1329.29,1661.91,113.43,0.01868,-0.01008,1.17735,2028.6,822.5,20.08,-78.08,-3.35,0.24,,
167.262,ruido,ruido,0.2599,0.0229,-0.3291,-10.51,38.48,-0.55,55.77,25,24,7,43,1324.18,1665.85,113.19,0.02286,-0.00509,1.19468,2031.5,815.9,19.97,-78.19,-3.36,0.24,,
167.302,ruido,ruido,0.197,0.0436,-0.2522,-1.02,32.36,-7.81,39.52,-2,27,-2,48,1320.25,1670.27,113.17,0.02221,-0.00414,1.21329,2035.8,810.4,18.72,-79.44,-3.3,0.32,,
167.343,ruido,ruido,0.1,-0.0119,-0.2783,-10.09,36.34,-18.43,24.18,19,19,-9,52,1317.68,1673.68,113.5,0.02128,-0.00735,1.22703,2041.2,806.1,17.56,-80.6,-3.27,0.42,,
167.422,ruido,ruido,0.122,-0.0937,-0.2257,-6.29,44.81,-10.3,10.81,15,37,-12,56,1311.96,1683.12,113.34,0.01798,-0.00552,1.24737,2047.2,801.0,16.51,-81.65,-3.26,0.54,,
167.463,ruido,ruido,0.1437,-0.1441,-0.2948,-12.67,57.55,-11.51,12.61,17,35,-3,52,1307.53,1689.75,113.18,0.02271,-0.00087,1.25813,2053.2,795.3,15.69,-82.47,-3.26,0.65,,
167.522,ruido,ruido,0.0832,-0.1654,-0.2397,-16.26,48.55,-8.79,3.11,4,49,19,19,1302.12,1697.86,113.39,0.01889,-0.00609,1.23183,2058.7,789.8,15.26,-82.9,-3.23,0.77,,
167.563,ruido,ruido,0.1492,-0.1412,-0.2927,-14.7,54.72,-8.26,15.99,-14,54,27,20,1300.34,1701.47,113.58,0.01742,-0.00777,1.21464,2061.3,784.8,16.18,-81.98,-3.25,0.71,,
167.603,ruido,ruido,0.1321,-0.2124,-0.2949,-20.67,60.5,-5.39,7.82,-17,55,27,2,1298.21,1705.82,113.56,0.01585,-0.0081,1.19066,2063.6,781.2,17.84,-80.32,-3.28,0.67,,
167.643,ruido,ruido,0.0622,-0.1821,-0.2803,-25.3,48.68,-9.6,6.11,-16,49,18,6,1296.64,1709.24,113.27,0.01865,-0.00514,1.17374,2067.2,777.6,19.54,-78.62,-3.32,0.58,,
167.702,ruido,ruido,-0.0451,-0.164,-0.2362,-28.14,35.89,-16.87,-5.33,-25,64,34,8,1293.72,1717.31,113.57,0.01585,-0.00914,1.13206,2071.6,774.1,21.2,-76.96,-3.29,0.48,,
167.763,ruido,ruido,0.0428,-0.1376,-0.2343,-22.4,37.1,-8.24,7.23,-21,57,18,1,1292.54,1724.5,113.48,0.01427,-0.00788,1.09922,2076.4,770.9,22.87,-75.29,-3.33,0.36,,
167.803,ruido,ruido,0.0229,-0.2166,-0.2142,-29.51,39.42,-1.11,-1.48,-27,37,9,9,1292.82,1729.7,113.39,0.01161,-0.00602,1.07622,2081.8,769.0,24.49,-73.67,-3.35,0.26,,
167.843,ruido,ruido,-0.0789,-0.2132,-0.2339,-38.23,33.32,-11.83,-8.52,-27,37,9,9,1292.91,1732.68,113.24,0.01375,-0.00652,1.06062,2081.8,769.0,25.83,-72.33,-3.36,0.24,,
167.902,ruido,ruido,-0.0975,-0.1826,-0.2337,-30.28,36.32,-22.7,-14.52,-34,40,16,-3,1292.96,1737.71,112.99,0.01415,-0.00372,1.02956,2087.0,768.6,27.4,-70.76,-3.38,0.14,,
167.963,ruido,ruido,-0.1893,-0.1758,-0.197,-34.97,24.67,-26.84,-23.45,-26,20,14,-7,1294.73,1741.25,113.39,0.01658,-0.0119,0.99024,2094.2,768.3,29.02,-69.14,-3.39,0.01,,
168.003,ruido,ruido,-0.1471,-0.205,-0.0881,-20.47,26.42,-17.17,-35.88,-39,22,-4,-11,1298.29,1743.37,113.37,0.01704,-0.01212,0.96995,2097.1,769.1,30.54,-67.62,-3.42,-0.09,,
168.043,ruido,ruido,-0.124,-0.1506,-0.1311,-18.11,26.97,-22.72,-25.83,-30,18,-18,-12,1301.39,1743.63,113.44,0.01699,-0.01197,0.96167,2100.1,772.7,31.63,-66.53,-3.45,-0.15,,
168.103,ruido,ruido,-0.1342,-0.1713,-0.1257,-10.8,36.7,-30.77,-38.07,-31,9,-23,-26,1309.14,1742.69,113.58,0.01906,-0.01253,0.94393,2100.1,772.7,32.39,-65.77,-3.43,-0.22,,
168.163,ruido,ruido,-0.1525,-0.218,-0.1483,-15.81,42.8,-32.32,-43.47,-40,13,-15,-26,1317.1,1740.38,113.54,0.01771,-0.01183,0.92674,2102.4,785.4,33.23,-64.93,-3.38,-0.32,,
168.203,ruido,ruido,-0.2046,-0.1873,-0.0268,-5.35,28.9,-31.66,-57.36,-46,37,-37,-35,1323.48,1737.77,113.62,0.01809,-0.01305,0.90944,2103.1,791.6,34.04,-64.12,-3.4,-0.34,,
168.243,ruido,ruido,-0.2173,-0.2361,-0.0637,-17.89,30.08,-27.06,-54.65,-51,33,-19,-52,1327.6,1736.18,113.65,0.01878,-0.01327,0.89777,2104.5,797.3,35.06,-63.1,-3.39,-0.4,,
168.303,ruido,ruido,-0.301,-0.2121,-0.079,-28.68,17.9,-32.13,-53.42,-53,30,-41,-63,1336.17,1732.26,113.65,0.02071,-0.01316,0.87451,2104.5,797.3,36.19,-61.97,-3.41,-0.53,,
168.362,ruido,ruido,-0.301,-0.1995,-0.1695,-40.69,18.36,-34.59,-39.39,-48,44,-43,-37,1345.3,1727.5,113.8,0.02299,-0.01472,0.84778,2105.1,811.1,37.47,-60.69,-3.35,-0.66,,
168.402,ruido,ruido,-0.2592,-0.2883,-0.0735,-34.36,23.53,-18.88,-53.24,-32,3,-26,-67,1349.84,1724.81,114.01,0.02084,-0.0168,0.8337,2104.7,818.6,38.9,-59.26,-3.36,-0.79,,
168.463,ruido,ruido,-0.1452,-0.2632,-0.0905,-27.21,29.4,-10.51,-38.14,-40,21,-46,-53,1361.25,1717.97,113.63,0.02314,-0.0208,0.79803,2102.8,825.3,40.02,-58.14,-3.33,-0.86,,
168.503,ruido,ruido,-0.2843,-0.2505,-0.0632,-36.6,13.58,-19.0,-48.96,-29,15,-27,-43,1367.12,1714.11,113.75,0.02338,-0.02142,0.78002,2102.8,825.3,41.01,-57.15,-3.29,-0.97,,
168.563,ruido,ruido,-0.2979,-0.2725,-0.06,-38.9,14.3,-18.37,-52.37,-37,38,-21,-55,1375.28,1709.19,113.81,0.02314,-0.02434,0.74983,2100.2,838.0,42.28,-55.88,-3.27,-1.05,,
168.623,ruido,ruido,-0.284,-0.1286,-0.0689,-27.67,3.93,-28.79,-38.36,-30,2,-9,-51,1384.58,1703.27,113.5,0.0179,-0.02032,0.70675,2100.0,842.9,43.79,-54.37,-3.32,-1.19,,
168.663,ruido,ruido,-0.1868,-0.1289,-0.048,-24.24,4.06,-13.32,-26.27,-35,0,-11,-60,1388.33,1700.0,113.45,0.01901,-0.02059,0.69774,2097.9,847.0,45.44,-52.72,-3.26,-1.29,,
168.703,ruido,ruido,-0.2073,-0.1027,-0.1487,-36.47,3.76,-20.49,-13.13,-38,-30,-43,-22,1393.17,1694.35,113.25,0.01449,-0.01657,0.68918,2097.9,847.0,46.46,-51.7,-3.22,-1.44,,
168.743,ruido,ruido,-0.2208,-0.1986,-0.0986,-44.22,3.32,-6.88,-22.88,-29,-19,-29,-45,1397.08,1689.49,113.24,0.01432,-0.01571,0.68606,2094.3,852.2,46.63,-51.53,-3.19,-1.42,,
168.822,ruido,ruido,-0.2855,-0.2598,-0.1489,-53.97,11.43,-15.54,-33.28,-28,-20,-18,-30,1402.61,1681.66,113.3,0.01418,-0.01753,0.68391,2085.5,864.5,46.87,-51.29,-3.18,-1.42,,
168.863,ruido,ruido,-0.3769,-0.2592,-0.1751,-64.55,4.93,-23.76,-37.21,-31,-26,-18,-28,1406.42,1677.32,113.25,0.01524,-0.01754,0.6773,2081.5,869.2,46.96,-51.2,-3.19,-1.48,,
168.903,ruido,ruido,-0.4121,-0.2617,-0.1774,-66.15,4.1,-28.18,-41.65,-31,-26,-18,-28,1410.64,1672.74,113.22,0.01533,-0.01799,0.66119,2081.5,869.2,47.41,-50.75,-3.16,-1.54,,
168.943,ruido,ruido,-0.4774,-0.2471,-0.2169,-78.09,-3.85,-33.01,-37.84,-54,-10,-10,-53,1413.75,1669.55,113.32,0.01561,-0.01905,0.64682,2077.5,873.6,48.43,-49.73,-3.17,-1.58,,
169.003,ruido,ruido,-0.5158,-0.2012,-0.1133,-63.48,-13.15,-37.19,-51.25,-70,-3,-22,-50,1422.69,1662.42,113.38,0.01252,-0.0177,0.61371,2072.8,878.4,49.96,-48.2,-3.15,-1.7,,
169.063,ruido,ruido,-0.5024,-0.199,-0.149,-64.47,-8.79,-39.76,-47.75,-96,-6,-46,-50,1434.63,1653.62,113.75,0.01677,-0.02181,0.57822,2067.2,885.0,51.67,-46.49,-3.06,-1.78,,
169.103,ruido,ruido,-0.5813,-0.2001,-0.0725,-62.82,-19.21,-41.79,-62.2,-96,-6,-46,-50,1440.98,1648.51,113.77,0.01735,-0.02148,0.56288,2056.2,906.4,53.36,-44.8,-2.98,-1.9,,
169.163,ruido,ruido,-0.5812,-0.1905,-0.1062,-57.0,-9.53,-52.99,-66.48,-75,-21,-45,-51,1454.88,1635.37,113.9,0.01544,-0.02147,0.53944,2049.9,919.1,54.76,-43.4,-2.92,-1.9,,
169.202,ruido,ruido,-0.5387,-0.1562,-0.0585,-47.58,-13.23,-47.97,-63.61,-75,-21,-45,-51,1461.52,1627.15,113.96,0.01584,-0.02184,0.52885,2043.4,931.0,55.6,-42.56,-2.9,-1.95,,
169.263,ruido,ruido,-0.5387,-0.1262,0.053,-36.67,-24.96,-41.05,-69.71,-65,-27,-46,-60,1470.47,1615.15,114.13,0.01551,-0.02178,0.50988,2035.5,940.8,56.36,-41.8,-2.86,-1.97,,
169.323,ruido,ruido,-0.5168,-0.1146,-0.0349,-39.47,-15.56,-48.8,-61.54,-56,-21,-39,-51,1479.66,1602.25,114.02,0.01408,-0.0214,0.48973,2027.1,949.5,57.33,-40.83,-2.85,-2.0,,
169.362,ruido,ruido,-0.5802,-0.0224,-0.0639,-43.91,-30.1,-59.15,-52.5,-56,-21,-39,-51,1483.66,1596.94,113.79,0.01746,-0.02471,0.48246,2019.7,957.2,58.16,-40.0,-2.85,-2.01,,
169.403,ruido,ruido,-0.6302,0.0463,-0.1082,-45.76,-35.85,-72.39,-47.67,-28,-27,-37,-46,1487.61,1589.11,114.27,0.01243,-0.01837,0.46781,2012.2,963.8,58.97,-39.19,-2.85,-2.07,,
169.45,ruido,ruido,-0.6853,0.0092,-0.1938,-59.88,-30.33,-80.79,-48.31,-37,-30,-47,-59,1494.26,1579.54,113.8,0.01811,-0.02474,0.45687,2004.3,970.1,59.88,-38.28,-2.77,-2.16,,
169.522,ruido,ruido,-0.7351,0.036,-0.1424,-61.76,-44.74,-78.64,-50.08,-47,-30,-80,-43,1503.44,1561.97,113.87,0.01747,-0.02578,0.44684,1995.8,979.0,60.5,-37.66,-2.75,-2.2,,
169.561,ruido,ruido,-0.6682,0.0244,-0.1289,-54.32,-37.6,-73.21,-48.68,-61,-52,-76,-57,1507.22,1554.94,113.92,0.01848,-0.02534,0.4427,1986.3,989.2,60.8,-37.36,-2.74,-2.22,,
169.603,ruido,ruido,-0.5269,0.0547,-0.0757,-38.29,-34.92,-58.13,-37.27,-57,-36,-74,-59,1512.51,1545.25,114.0,0.01868,-0.02461,0.43789,1975.9,1000.8,61.19,-36.97,-2.69,-2.23,,
169.645,ruido,ruido,-0.3626,0.0529,-0.1097,-28.54,-19.45,-47.03,-21.01,-57,-42,-66,-47,1517.77,1535.21,114.01,0.0182,-0.02512,0.43574,1965.4,1012.7,61.56,-36.6,-2.65,-2.27,,
169.702,ruido,ruido,-0.4184,0.0913,-0.0795,-22.99,-24.88,-56.67,-29.34,-52,-51,-79,-42,1525.0,1520.61,113.99,0.01838,-0.02503,0.44077,1954.9,1023.9,61.56,-36.6,-2.68,-2.21,,
169.763,ruido,ruido,-0.3564,0.1261,-0.1574,-19.17,-14.17,-63.05,-17.68,-31,-13,-58,-40,1531.42,1508.6,113.72,0.0188,-0.02157,0.46716,1947.5,1032.9,61.15,-37.01,-2.69,-2.2,,
169.802,ruido,ruido,-0.3543,0.0844,-0.3015,-33.72,1.02,-71.21,-9.47,-21,-15,-50,-22,1535.39,1499.67,113.72,0.01909,-0.02059,0.49745,1943.4,1040.7,59.97,-38.19,-2.77,-2.12,,
169.843,ruido,ruido,-0.4018,0.1119,-0.3572,-38.28,0.97,-83.15,-8.1,-9,-14,-56,-5,1536.98,1494.92,113.76,0.01888,-0.01949,0.51607,1940.9,1047.1,59.97,-38.19,-2.77,-2.12,,
169.922,ruido,ruido,-0.5011,0.1759,-0.3648,-42.41,-12.19,-96.13,-9.62,-6,-48,-61,5,1544.05,1485.79,113.65,0.01693,-0.01818,0.56006,1938.7,1052.8,56.28,-41.88,-2.9,-1.94,,
169.962,ruido,ruido,-0.4618,0.2243,-0.3494,-36.89,-16.86,-92.91,-1.12,-13,-19,-47,2,1551.83,1479.7,113.64,0.01719,-0.01658,0.59228,1936.6,1059.8,54.5,-43.66,-3.02,-1.8,,
170.003,ruido,ruido,-0.3699,0.1534,-0.4132,-48.37,-6.79,-76.94,13.73,-33,-50,-87,9,1562.47,1473.77,113.53,0.01649,-0.01468,0.62284,1934.4,1070.2,52.56,-45.6,-3.02,-1.74,,
170.042,ruido,ruido,-0.3748,0.1424,-0.3238,-51.19,-22.16,-60.58,14.01,-41,-25,-75,5,1570.1,1470.68,113.55,0.0153,-0.0141,0.63942,1932.4,1083.6,52.56,-45.6,-3.02,-1.74,,
170.122,ruido,ruido,-0.4454,0.1278,-0.3296,-49.88,-17.59,-74.13,-0.95,-65,-30,-91,13,1589.07,1463.77,114.15,0.02126,-0.01688,0.68229,1931.5,1098.6,49.1,-49.06,-3.07,-1.52,,
170.163,ruido,ruido,-0.4211,0.1852,-0.3311,-39.93,-16.59,-80.42,2.19,-59,-27,-89,5,1602.17,1459.69,114.22,0.02079,-0.01497,0.69335,1930.7,1113.6,47.74,-50.42,-3.07,-1.41,,
170.202,ruido,ruido,-0.4017,0.1748,-0.3012,-29.05,-8.81,-83.41,-7.26,-71,-14,-67,-5,1613.41,1456.1,114.28,0.02186,-0.01508,0.69964,1929.6,1126.7,47.12,-51.04,-3.03,-1.33,,
170.244,ruido,ruido,-0.3982,0.1222,-0.1994,-25.01,-12.66,-70.6,-19.14,-60,-15,-78,-6,1619.18,1453.93,114.31,0.02098,-0.01401,0.70705,1928.3,1137.7,47.12,-51.04,-3.03,-1.33,,
170.323,ruido,ruido,-0.4118,0.0908,-0.3172,-35.11,1.11,-81.54,-16.25,-31,-23,-65,-2,1630.26,1448.96,114.39,0.0207,-0.01405,0.73563,1927.4,1147.5,45.91,-52.25,-3.09,-1.22,,
170.362,ruido,ruido,-0.443,0.1359,-0.2314,-26.14,-10.87,-81.76,-22.99,-24,-6,-54,-2,1636.87,1444.73,114.56,0.02408,-0.01222,0.76227,1927.1,1155.2,45.91,-52.25,-3.09,-1.22,,
170.402,ruido,ruido,-0.3401,0.171,-0.1702,-13.11,-13.24,-68.53,-13.95,-21,-27,-71,-5,1643.96,1439.25,114.65,0.02241,-0.01224,0.78467,1926.2,1162.6,44.62,-53.54,-3.14,-1.14,,
170.444,ruido,ruido,-0.3296,0.1542,-0.1065,-11.35,-18.99,-58.41,-16.7,-34,-39,-91,-24,1648.68,1435.54,114.73,0.02353,-0.01165,0.79336,1923.3,1171.8,43.27,-54.89,-3.17,-1.06,,
170.523,ruido,ruido,-0.3273,0.1973,-0.1906,-15.7,-16.78,-67.17,-5.11,-31,-1,-48,-18,1659.87,1426.0,114.72,0.02234,-0.01031,0.814,1919.3,1182.5,41.22,-56.94,-3.24,-0.86,,
170.562,ruido,ruido,-0.3889,0.1766,-0.1151,-15.37,-25.21,-65.26,-18.59,-21,-18,-66,-18,1667.89,1419.4,114.84,0.01936,-0.00883,0.8311,1916.9,1191.9,41.22,-56.94,-3.24,-0.86,,
170.623,ruido,ruido,-0.3649,0.1761,-0.1634,-26.18,-28.21,-58.36,-4.03,-28,-31,-55,-13,1678.2,1413.04,114.86,0.01816,-0.00782,0.86237,1915.1,1200.8,39.18,-58.98,-3.26,-0.74,,
170.643,ruido,ruido,-0.3602,0.2526,-0.189,-19.03,-29.22,-68.83,1.82,-22,-18,-75,12,1682.0,1411.55,114.85,0.02351,-0.01164,0.87995,1914.7,1209.9,39.18,-58.98,-3.26,-0.74,,
170.702,ruido,ruido,-0.2741,0.1742,-0.0994,-3.55,-15.51,-56.21,-12.43,-19,-14,-71,3,1692.1,1407.56,114.78,0.01995,-0.00788,0.92508,1916.5,1218.4,37.66,-60.5,-3.28,-0.67,,
170.762,ruido,ruido,-0.3174,0.1789,-0.011,-2.98,-29.84,-49.57,-19.18,-16,-31,-86,14,1701.46,1404.41,115.03,0.01555,-0.0047,0.96368,1919.2,1226.3,35.75,-62.41,-3.25,-0.56,,
170.802,ruido,ruido,-0.2823,0.2719,-0.0237,3.76,-35.95,-52.72,-5.42,-24,-16,-53,8,1709.3,1403.22,115.1,0.02075,-0.00751,0.99228,1921.7,1234.3,33.68,-64.48,-3.26,-0.38,,
170.843,ruido,ruido,-0.2641,0.3793,-0.0028,14.09,-46.16,-56.79,4.34,-23,-23,-39,6,1713.43,1402.36,115.13,0.02089,-0.00841,1.00255,1923.3,1240.8,31.63,-66.53,-3.25,-0.25,,
170.903,ruido,ruido,-0.3498,0.3187,-0.0501,4.41,-38.57,-68.4,-9.39,-13,-34,-57,5,1720.73,1400.13,115.24,0.01993,-0.00765,1.02878,1922.9,1247.0,30.24,-67.92,-3.24,-0.17,,
170.943,ruido,ruido,-0.2059,0.3186,-0.0217,18.13,-29.37,-54.53,-0.1,-22,-42,-49,4,1725.39,1398.6,115.46,0.01843,-0.00774,1.05115,1923.1,1252.9,29.22,-68.94,-3.26,-0.11,,
171.023,ruido,ruido,-0.2732,0.3943,0.0151,21.71,-43.79,-63.01,-2.34,-14,-33,-62,9,1738.03,1395.74,115.43,0.02101,-0.00481,1.11519,1923.7,1259.2,27.8,-70.36,-3.23,-0.04,,
171.063,ruido,ruido,-0.2675,0.3149,-0.0271,11.9,-34.14,-59.04,-4.31,-4,-36,-70,19,1741.67,1394.79,115.41,0.02133,-0.00286,1.14066,1925.4,1266.4,24.03,-74.13,-3.22,0.2,,
171.122,ruido,ruido,-0.2171,0.2413,-0.114,-1.26,-21.63,-51.71,5.13,-6,-51,-60,23,1748.57,1393.35,115.19,0.02256,-0.00163,1.18752,1927.3,1272.9,21.56,-76.6,-3.16,0.4,,
171.143,ruido,ruido,-0.264,0.1724,-0.0899,-9.16,-22.35,-47.47,-5.5,-7,-41,-54,10,1749.8,1393.28,115.17,0.02276,-0.00089,1.19263,1928.7,1278.0,19.26,-78.9,-3.19,0.52,,
171.24,ruido,ruido,-0.2008,0.1508,-0.0737,-6.61,-18.94,-37.31,-1.4,-19,-19,-51,4,1762.64,1394.71,115.24,0.02414,0.00259,1.23799,1929.6,1284.1,17.72,-80.44,-3.13,0.65,,
171.263,ruido,ruido,-0.1905,0.1411,-0.084,-0.36,-9.48,-43.56,-7.54,-20,-20,-45,10,1764.67,1395.15,115.28,0.02355,0.00258,1.24291,1931.3,1289.8,16.56,-81.6,-3.1,0.73,,
171.323,ruido,ruido,-0.111,0.0986,-0.1587,-5.65,3.96,-37.5,3.67,-13,-15,-37,6,1770.6,1395.79,115.29,0.02083,0.00272,1.26037,1934.6,1298.8,15.77,-82.39,-3.06,0.79,,
171.363,ruido,ruido,-0.0803,0.2342,-0.1566,7.77,-4.64,-45.68,16.84,0,-26,-50,8,1775.81,1395.55,115.1,0.02071,0.00458,1.27957,1934.6,1298.8,14.91,-83.25,-3.09,0.85,,
171.423,ruido,ruido,-0.0101,0.2173,-0.2085,3.31,1.91,-38.3,29.84,-12,-24,-35,8,1779.63,1396.07,115.35,0.02184,0.00288,1.2977,1936.3,1303.5,13.62,-84.54,-3.06,0.89,,
171.483,ruido,ruido,-0.0602,0.1951,-0.112,2.1,-11.19,-29.65,19.49,-5,-23,-43,15,1786.24,1397.22,115.32,0.02095,0.00467,1.32901,1940.2,1312.4,12.52,-85.64,-3.05,0.97,,
171.522,ruido,ruido,-0.1533,0.1298,-0.095,-9.61,-15.17,-30.12,5.84,-10,-21,-40,29,1789.49,1398.52,115.41,0.02023,0.0044,1.35347,1943.7,1315.5,11.21,-86.95,-3.0,1.05,,
171.563,ruido,ruido,-0.0485,0.1048,-0.0585,5.28,-2.13,-22.4,3.73,4,-21,-40,26,1792.14,1399.89,115.35,0.02001,0.00462,1.37811,1947.5,1317.9,9.61,-88.55,-2.95,1.15,,
171.623,ruido,ruido,-0.0893,0.0019,-0.052,-6.13,1.88,-16.47,-7.85,1,-14,-22,13,1795.06,1401.53,115.34,0.02002,0.00613,1.3995,1947.5,1317.9,7.88,-90.28,-2.93,1.3,,
171.663,ruido,ruido,-0.1187,0.0582,-0.0355,6.52,2.89,-31.18,-16.2,-4,-11,-17,4,1796.49,1401.72,115.32,0.0196,0.0062,1.405,1948.5,1321.4,6.87,-91.29,-2.88,1.36,,
171.722,ruido,ruido,-0.1408,0.0988,-0.0576,7.74,1.15,-39.49,-14.47,-7,-3,-3,-3,1798.44,1401.25,115.45,0.0171,0.00507,1.40507,1947.1,1323.0,6.48,-91.68,-2.86,1.4,,
171.763,ruido,ruido,-0.1398,0.1597,-0.099,9.47,-0.23,-47.68,-6.29,-6,-9,-9,-9,1799.73,1401.08,115.38,0.01956,0.00546,1.40604,1947.0,1325.1,6.49,-91.67,-2.88,1.39,,
171.822,ruido,ruido,-0.151,0.1963,-0.0343,11.15,-14.77,-40.8,-3.9,-14,-13,-21,-4,1804.21,1400.97,115.46,0.01939,0.00544,1.41637,1947.0,1325.1,6.4,-91.76,-2.89,1.41,,
171.863,ruido,ruido,-0.0846,0.18,-0.0788,3.62,-12.59,-29.75,11.66,-9,-31,-38,4,1809.81,1401.87,115.49,0.01916,0.0061,1.44003,1951.0,1333.4,5.93,-92.23,-2.9,1.42,,
171.922,ruido,ruido,-0.0025,0.2236,-0.1305,16.24,1.35,-37.52,19.13,-7,-28,-77,18,1817.88,1404.42,115.33,0.02315,0.01048,1.47973,1951.0,1333.4,4.67,-93.49,-2.84,1.46,,
171.982,ruido,ruido,0.0949,0.3082,-0.0476,31.19,-10.52,-23.62,33.31,-17,-30,-51,14,1822.28,1406.17,115.46,0.02059,0.01,1.50096,1961.1,1344.1,2.86,-95.3,-2.79,1.56,,
172.023,ruido,ruido,0.061,0.4192,-0.0119,40.41,-24.75,-32.56,36.41,6,-22,-33,25,1825.64,1407.86,115.62,0.01646,0.0094,1.52992,1961.1,1344.1,1.34,-96.82,-2.7,1.66,,
172.063,ruido,ruido,0.0617,0.4022,-0.0076,42.75,-20.38,-34.1,31.46,6,-22,-33,25,1826.52,1408.74,115.53,0.01502,0.00953,1.5668,1964.8,1346.9,-0.42,-98.58,-2.64,1.81,,
172.122,ruido,ruido,0.1335,0.3369,-0.0859,30.19,-9.97,-22.58,45.07,44,-22,-31,43,1824.87,1407.75,115.48,0.01442,0.01105,1.62412,1965.8,1346.1,-2.47,-100.63,-2.55,1.85,,
172.184,ruido,ruido,0.143,0.398,-0.0755,39.66,-11.94,-28.86,46.91,38,-20,-17,33,1820.48,1405.43,115.42,0.01724,0.01172,1.67607,1963.9,1339.6,-5.2,-103.36,-2.44,2.02,,
172.223,ruido,ruido,0.1263,0.3875,-0.0318,32.31,-24.62,-17.19,49.9,38,-20,-17,33,1818.09,1404.2,115.4,0.01344,0.01157,1.69806,1963.9,1339.6,-7.82,-105.98,-2.36,2.13,,
172.263,ruido,ruido,0.0977,0.4141,-0.0165,43.98,-19.63,-30.98,37.91,55,-17,-7,46,1815.07,1402.86,115.37,0.00998,0.01144,1.72849,1960.2,1335.1,-10.07,-108.23,-2.28,2.25,,
172.323,ruido,ruido,0.0262,0.3462,-0.0372,35.06,-14.38,-36.82,24.52,36,-17,-27,46,1811.94,1403.26,115.69,0.01075,0.01074,1.78035,1957.1,1327.9,-12.34,-110.5,-2.18,2.35,,
172.362,ruido,ruido,-0.0082,0.2913,0.0777,36.64,-22.4,-25.52,8.65,36,-17,-27,46,1810.99,1403.59,115.66,0.01064,0.01051,1.81821,1957.1,1327.9,-14.73,-112.89,-2.07,2.42,,
172.422,ruido,ruido,0.0337,0.2362,0.1287,46.17,-12.21,-20.19,-2.98,33,-20,-32,45,1811.35,1404.65,115.69,0.00968,0.01066,1.86584,1958.2,1326.1,-17.37,-115.53,-2.0,2.55,,
172.462,ruido,ruido,-0.0514,0.2119,0.0764,35.49,-10.64,-31.48,-9.81,29,-21,-41,34,1812.56,1404.9,115.69,0.00842,0.01157,1.88849,1959.7,1325.6,-19.63,-117.79,-1.89,2.67,,
172.523,ruido,ruido,-0.0317,0.1727,0.0636,36.26,-1.54,-31.17,-13.71,19,-20,-30,13,1813.68,1403.57,115.7,0.00781,0.01151,1.92848,1960.3,1326.8,-21.26,-119.42,-1.74,2.75,,
172.563,ruido,ruido,-0.0747,0.1716,0.0291,22.39,-9.73,-29.69,-6.88,31,-24,-13,15,1813.96,1402.44,115.68,0.0079,0.01145,1.9475,1959.5,1327.8,-22.91,-121.07,-1.66,2.81,,
172.723,ruido,ruido,-0.1882,0.1712,-0.0384,7.43,-13.8,-43.7,-10.16,37,-31,-29,19,1817.19,1397.84,115.63,0.00622,0.01417,2.05372,1954.0,1328.1,-28.53,-126.69,-1.41,2.94,,
172.843,ruido,ruido,-0.1702,0.0666,-0.0301,-2.64,-8.48,-29.41,-13.94,23,-29,-57,21,1823.75,1405.57,115.37,0.00394,0.01668,2.10589,1954.5,1328.5,-28.53,-126.69,-1.41,2.94,,
172.862,ruido,ruido,-0.155,0.1365,-0.0389,12.52,-3.09,-43.55,-15.49,-16,-19,-35,-1,1824.78,1406.32,115.39,0.00372,0.01664,2.10811,1961.8,1330.5,-33.2,-131.36,-1.16,3.08,,
172.923,ruido,ruido,-0.0259,0.1093,0.0041,25.9,7.75,-29.39,-12.56,-19,-26,-30,-18,1832.93,1411.55,115.44,0.0028,0.01635,2.11972,1966.8,1334.0,-33.93,-132.09,-1.1,3.1,,
173.062,ruido,ruido,0.0853,0.0941,-0.0382,30.29,21.35,-22.75,-1.59,43,-32,-32,-17,1848.25,1420.05,115.77,0.0013,0.01438,2.15811,1978.3,1347.9,-34.88,-133.04,-1.02,3.15,,
173.103,ruido,ruido,0.1485,0.0839,-0.1092,23.72,27.76,-17.43,13.46,12,-34,-24,-15,1851.04,1421.06,115.74,0.0009,0.01474,2.16356,1978.2,1351.9,-35.74,-133.9,-0.96,3.21,,
173.182,ruido,ruido,0.0756,0.1324,-0.0289,28.56,12.0,-21.1,4.72,21,12,-20,2,1854.9,1421.84,115.88,0.00055,0.01294,2.20259,1978.2,1351.9,-36.45,-134.61,-0.91,3.23,,
173.203,ruido,ruido,0.0589,0.1706,-0.0165,35.36,10.7,-28.57,1.37,33,49,-17,15,1855.05,1421.25,115.87,0.00061,0.01284,2.21989,1976.7,1352.3,-38.54,-136.7,-0.75,3.27,,
173.428,ruido,ruido,0.0542,0.1327,-0.0368,30.98,15.64,-28.2,-1.09,30,-27,-23,19,1856.82,1416.84,115.87,-0.00306,0.01267,2.36924,1969.9,1342.1,-41.85,-140.01,-0.59,3.36,,
173.436,ruido,ruido,0.1463,0.0813,-0.0237,33.21,23.99,-13.6,3.2,28,-28,-26,27,1856.82,1416.84,115.87,-0.00306,0.01267,2.36924,1969.9,1342.1,-43.69,-141.85,-0.49,3.36,,
173.505,ruido,ruido,0.1013,0.152,-0.0007,41.97,17.75,-25.87,-1.43,26,3,-26,18,1857.11,1415.5,116.0,-0.00323,0.01294,2.4185,1968.2,1339.2,-47.75,-145.91,-0.23,3.4,,
173.543,ruido,ruido,-0.0224,0.1169,0.0229,26.13,3.76,-26.05,-11.0,30,35,-10,31,1856.96,1414.55,115.96,-0.00422,0.01129,2.43471,1966.4,1337.1,-49.76,-147.92,-0.12,3.47,,
173.704,ruido,ruido,0.0073,0.1078,-0.0446,16.29,6.18,-22.26,2.13,30,-18,-42,17,1857.88,1410.65,116.23,-0.00782,0.00768,2.54043,1961.0,1328.8,-54.91,-153.07,0.18,3.46,,
173.722,ruido,ruido,0.0034,0.07,0.0452,14.97,-3.47,-7.18,-3.22,30,-23,-20,18,1857.97,1410.6,116.27,-0.00816,0.00752,2.54638,1960.7,1327.8,-56.87,-155.03,0.3,3.49,,
173.951,ruido,ruido,0.0136,0.036,0.0046,3.59,-2.89,-0.69,4.33,19,-22,-21,13,1860.34,1412.32,115.59,-0.00614,0.01182,2.61877,1961.9,1327.4,-60.56,-158.72,0.56,3.4,,
173.963,ruido,ruido,0.0336,0.021,0.0491,-0.0,-11.21,13.23,8.74,0,5,5,-2,1860.34,1412.32,115.59,-0.00614,0.01182,2.61877,1961.6,1329.7,-63.17,-161.33,0.76,3.47,,
174.155,ruido,ruido,0.0508,-0.0739,0.0826,2.15,0.76,19.18,-5.85,-1,1,3,2,1857.61,1407.49,115.95,-0.00037,0.00724,2.60955,1961.2,1330.5,-63.05,-161.21,0.75,3.46,,
174.299,ruido,ruido,-0.0566,-0.0752,0.1115,-8.01,-13.83,16.8,-13.08,1,8,21,0,1856.62,1401.23,115.89,0.00039,0.00849,2.59057,1959.0,1330.1,-62.04,-160.2,0.71,3.41,,
174.323,ruido,ruido,-0.0019,-0.1158,0.144,-7.24,-11.75,29.99,-11.59,2,5,13,-11,1856.9,1400.86,115.86,0.0002,0.00857,2.5891,1952.0,1330.2,-61.3,-159.46,0.62,3.48,,
174.483,ruido,ruido,-0.0093,-0.1053,0.0137,-14.42,0.23,15.12,-3.92,-1,-7,14,-19,1859.46,1393.28,115.97,-0.00831,0.0087,2.53126,1950.6,1331.5,-60.55,-158.71,0.59,3.39,,
174.505,ruido,ruido,0.0814,-0.0884,-0.0159,-12.02,4.65,22.51,10.9,-2,13,21,-20,1859.59,1392.62,115.96,-0.00799,0.00825,2.52526,1945.3,1338.0,-58.35,-156.51,0.45,3.43,,
174.562,ruido,ruido,-0.0466,-0.0501,-0.0159,-16.99,-6.44,6.99,1.51,1,11,25,-20,1859.91,1391.19,115.96,-0.00749,0.00785,2.51315,1944.3,1338.4,-57.41,-155.57,0.39,3.45,,
174.723,ruido,ruido,-0.1097,-0.0427,-0.0037,-12.26,-4.83,-5.89,-12.13,-11,8,2,-2,1858.75,1390.77,115.83,-0.00679,0.00927,2.49317,1942.1,1338.2,-56.15,-154.31,0.31,3.44,,
174.742,ruido,ruido,-0.1332,-0.0436,-0.1547,-26.35,5.38,-19.71,-1.93,-11,8,2,-2,1858.6,1392.12,115.7,-0.00906,0.00782,2.48071,1941.8,1337.2,-55.69,-153.85,0.28,3.45,,
174.922,ruido,ruido,-0.066,0.0061,-0.1927,-20.52,9.34,-20.88,10.94,-34,4,-15,-14,1859.77,1405.89,115.71,-0.00507,0.01132,2.44258,1952.4,1335.8,-53.36,-151.52,0.11,3.45,,
174.943,ruido,ruido,-0.0697,-0.1353,-0.1952,-31.13,21.76,-11.26,-1.67,-34,4,-15,-14,1860.06,1406.94,115.74,-0.00495,0.01131,2.44193,1952.4,1335.8,-52.89,-151.05,0.07,3.46,,
175.114,ruido,ruido,0.0255,-0.1572,-0.1388,-16.26,31.1,-1.86,-4.81,-25,-11,-21,-15,1860.63,1423.7,115.29,-0.00773,0.02087,2.3792,1957.6,1335.6,-52.73,-150.89,0.08,3.46,,
175.143,ruido,ruido,0.0095,-0.1705,-0.0774,-12.82,26.83,1.95,-12.93,-32,31,3,-15,1859.44,1423.98,115.22,-0.00775,0.02161,2.37122,1972.9,1336.2,-49.53,-147.69,-0.04,3.47,,
175.264,ruido,ruido,-0.0636,-0.1416,-0.0342,-13.5,14.62,-2.14,-19.33,-16,33,10,-1,1850.4,1420.65,115.85,-0.00176,0.00976,2.3354,1974.5,1334.7,-48.45,-146.61,-0.1,3.46,,
175.283,ruido,ruido,-0.088,-0.1613,-0.0652,-15.98,20.26,-8.54,-23.91,-5,33,19,3,1849.49,1420.17,115.85,-0.00146,0.01053,2.32876,1971.2,1327.0,-46.59,-144.75,-0.27,3.46,,
175.343,ruido,ruido,-0.0881,-0.1472,-0.047,-11.82,19.25,-9.8,-25.84,-17,9,20,-22,1848.69,1419.42,115.85,-0.00047,0.01152,2.30617,1968.6,1323.8,-45.7,-143.86,-0.31,3.44,,
175.463,ruido,ruido,-0.0618,-0.1484,-0.0668,-5.71,28.73,-14.87,-27.93,-25,26,24,-49,1852.27,1420.92,115.87,-0.00015,0.01199,2.23203,1967.3,1322.6,-44.23,-142.39,-0.41,3.37,,
175.483,ruido,ruido,-0.0639,-0.1408,-0.0094,2.41,26.45,-14.14,-35.16,-32,8,15,-31,1853.14,1421.38,115.83,0.00052,0.01315,2.22516,1967.7,1326.6,-40.72,-138.88,-0.6,3.37,,
175.543,ruido,ruido,-0.0252,-0.1714,0.0305,10.17,32.71,-9.32,-41.62,-25,9,-18,-18,1855.24,1424.72,115.83,0.00054,0.01294,2.20965,1968.9,1329.5,-39.92,-138.08,-0.66,3.29,,
175.582,ruido,ruido,-0.0921,-0.0872,0.0155,9.52,21.01,-21.79,-38.22,-22,29,-9,-18,1856.41,1426.65,115.73,0.00112,0.0147,2.1991,1971.7,1330.1,-39.14,-137.3,-0.67,3.28,,
175.643,ruido,ruido,0.021,-0.107,0.083,24.68,28.52,-8.04,-38.44,-24,34,4,-34,1858.15,1430.24,115.78,0.00143,0.01629,2.15388,1975.5,1329.3,-37.17,-135.33,-0.77,3.29,,
175.703,ruido,ruido,0.0526,-0.072,0.0432,34.68,39.29,-19.35,-37.77,-42,24,16,-60,1860.49,1433.32,115.53,0.00287,0.01853,2.09121,1977.7,1329.5,-34.8,-132.96,-0.91,3.23,,
175.743,ruido,ruido,0.1195,-0.1352,0.1157,45.0,48.12,-7.37,-47.52,-26,26,19,-54,1861.45,1434.89,115.8,0.0026,0.01516,2.05565,1978.5,1331.3,-32.27,-130.43,-1.05,3.2,,
175.783,ruido,ruido,0.0858,-0.1233,0.0331,41.27,55.7,-22.25,-47.27,26,41,20,-36,1861.63,1436.47,115.95,0.00434,0.01384,2.02781,1978.3,1333.2,-30.04,-128.2,-1.15,3.13,,
175.843,ruido,ruido,0.0785,-0.0634,-0.071,38.4,59.9,-37.2,-35.99,84,53,24,-38,1861.23,1438.15,115.94,0.00425,0.01311,1.97582,1975.7,1333.4,-27.63,-125.79,-1.32,3.07,,
175.903,ruido,ruido,0.0691,-0.0955,0.0404,39.68,48.49,-22.17,-43.9,15,41,14,-65,1860.96,1440.04,115.95,0.00621,0.01198,1.93707,1969.7,1331.4,-25.36,-123.52,-1.46,2.96,,
175.942,ruido,ruido,0.0404,-0.0546,0.1122,51.46,42.23,-27.03,-53.72,38,59,-21,-28,1861.31,1441.28,116.02,0.00564,0.01179,1.9165,1964.0,1329.2,-23.69,-121.85,-1.58,2.87,,
175.983,ruido,ruido,0.0038,-0.0256,0.1296,51.23,34.58,-29.87,-54.71,40,53,-39,-39,1861.83,1442.32,116.01,0.00639,0.012,1.89922,1961.6,1326.5,-22.31,-120.47,-1.61,2.85,,
176.043,ruido,ruido,-0.0197,-0.0606,0.2078,50.98,27.43,-20.88,-63.83,36,48,-38,-60,1863.35,1443.53,115.94,0.00695,0.01176,1.87654,1960.9,1323.5,-21.15,-119.31,-1.72,2.75,,
176.102,ruido,ruido,-0.0842,-0.0595,0.1742,47.86,29.51,-33.46,-70.85,55,16,-24,-58,1865.53,1444.44,116.06,0.00728,0.01237,1.85809,1960.1,1323.2,-20.24,-118.4,-1.71,2.73,,
176.143,ruido,ruido,-0.069,-0.039,0.2564,59.44,24.66,-29.47,-76.74,39,10,-18,-56,1867.79,1445.07,116.04,0.00825,0.01224,1.84224,1954.8,1327.1,-19.33,-117.49,-1.75,2.69,,
176.202,ruido,ruido,0.0094,-0.0632,0.2107,52.69,29.09,-17.48,-61.29,64,68,-24,-86,1870.9,1445.93,116.12,0.00931,0.01209,1.82213,1954.8,1327.1,-18.45,-116.61,-1.83,2.64,,
176.243,ruido,ruido,0.018,-0.1257,0.1081,37.83,40.64,-17.65,-55.05,55,23,-34,-76,1872.75,1446.47,116.15,0.00946,0.01246,1.81197,1951.2,1329.1,-17.48,-115.64,-1.87,2.61,,
176.283,ruido,ruido,0.0347,-0.1094,0.0403,44.07,55.13,-32.07,-56.02,38,15,-20,-32,1875.32,1447.33,116.19,0.00959,0.01346,1.80032,1943.9,1336.4,-17.48,-115.64,-1.87,2.61,,
176.342,ruido,ruido,-0.0001,0.0224,0.0836,55.6,38.63,-42.23,-52.02,30,67,-21,-80,1878.75,1448.36,116.15,0.01019,0.01247,1.78523,1941.6,1337.2,-15.74,-113.9,-1.93,2.57,,
176.402,ruido,ruido,0.0645,-0.0077,0.1353,61.68,41.26,-29.71,-52.59,44,37,-34,-63,1883.28,1449.66,116.31,0.01056,0.01246,1.76899,1939.8,1337.5,-14.86,-113.02,-1.96,2.54,,
176.443,ruido,ruido,0.062,0.0346,0.094,63.47,42.9,-38.52,-48.02,45,58,-43,-58,1887.52,1450.43,116.22,0.01052,0.013,1.75936,1938.8,1338.0,-14.86,-113.02,-1.96,2.54,,
176.482,ruido,ruido,0.1129,0.0592,0.1288,70.02,39.94,-31.35,-42.48,102,31,-42,-46,1890.23,1450.84,116.25,0.01033,0.01307,1.75475,1936.6,1338.3,-14.25,-112.41,-2.0,2.5,,
176.542,ruido,ruido,0.1086,-0.0167,0.1175,62.56,46.43,-26.38,-47.86,63,32,-27,-45,1895.81,1450.88,116.04,0.0148,0.01663,1.74427,1933.0,1338.7,-13.75,-111.91,-1.98,2.55,,
176.603,ruido,ruido,0.162,-0.0877,0.1309,64.21,57.3,-17.34,-52.32,64,61,-30,-44,1903.15,1451.47,116.17,0.01334,0.01665,1.73264,1930.1,1337.1,-12.89,-111.05,-2.0,2.54,,
176.643,ruido,ruido,0.1544,-0.069,0.0774,49.58,48.24,-12.49,-35.92,68,35,-32,-38,1907.61,1451.52,116.12,0.01574,0.01536,1.72496,1927.0,1336.1,-12.34,-110.5,-2.03,2.52,,
176.682,ruido,ruido,0.1584,-0.0941,0.0031,36.94,51.49,-11.09,-26.64,73,81,-22,-83,1911.04,1451.26,116.08,0.01272,0.01394,1.71623,1923.8,1334.2,-12.34,-110.5,-2.03,2.52,,
176.742,ruido,ruido,0.1495,-0.0903,0.0571,34.55,39.86,-1.49,-25.08,37,42,18,-34,1915.92,1451.3,116.23,0.02233,0.01598,1.6724,1918.1,1331.9,-11.68,-109.84,-2.08,2.47,,
176.802,ruido,ruido,0.1788,-0.0875,0.0671,33.94,37.21,5.4,-19.34,41,55,25,-32,1917.81,1450.78,116.19,0.01212,0.01271,1.6322,1911.7,1328.0,-9.98,-108.14,-2.13,2.42,,
176.842,ruido,ruido,0.1066,-0.0735,0.0617,30.06,31.94,-3.13,-24.77,15,39,23,-27,1917.52,1450.53,116.15,0.0159,0.0134,1.61568,1907.4,1323.3,-7.94,-106.1,-2.21,2.3,,
176.882,ruido,ruido,0.0202,-0.1356,-0.0249,15.56,41.23,-16.32,-34.03,52,27,18,-16,1916.14,1450.83,116.09,0.01574,0.01274,1.59962,1907.4,1323.3,-6.29,-104.45,-2.24,2.25,,
176.942,ruido,ruido,0.1156,-0.1336,-0.0654,21.3,53.14,-13.26,-24.18,30,21,18,-7,1912.8,1450.93,116.06,0.01546,0.01165,1.57445,1900.8,1311.5,-5.18,-103.34,-2.32,2.21,,
177.002,ruido,ruido,0.1416,-0.1889,-0.0728,21.68,63.56,-10.69,-29.26,5,53,4,-23,1909.99,1451.08,115.97,0.01818,0.01257,1.54807,1898.7,1306.6,-4.03,-102.19,-2.39,2.14,,
177.042,ruido,ruido,0.1341,-0.226,-0.0854,13.16,62.98,-5.36,-27.86,9,38,2,-42,1907.99,1451.34,115.85,0.01921,0.01425,1.52354,1898.5,1303.8,-2.8,-100.96,-2.46,2.04,,
177.102,ruido,ruido,0.1483,-0.205,-0.1785,6.89,68.24,-11.72,-15.96,32,78,36,-23,1906.29,1451.96,115.69,0.02173,0.01534,1.50155,1896.9,1300.9,-1.47,-99.63,-2.5,1.98,,
177.142,ruido,ruido,0.2085,-0.2612,-0.1641,3.51,71.55,3.6,-11.95,27,59,29,-32,1903.85,1453.41,115.28,0.02635,0.01987,1.47006,1894.5,1295.8,0.17,-97.99,-2.55,1.87,,
177.183,ruido,ruido,0.1932,-0.2938,-0.1821,-4.75,71.4,6.53,-11.34,-22,74,18,-26,1901.82,1453.99,116.2,0.02563,0.01053,1.43373,1894.2,1291.0,2.03,-96.13,-2.59,1.77,,
177.243,ruido,ruido,0.1079,-0.2833,-0.1963,-18.05,58.69,3.91,-10.01,-25,73,47,-18,1899.89,1456.7,116.14,0.02675,0.00912,1.39718,1896.3,1287.4,4.18,-93.98,-2.7,1.63,,
177.303,ruido,ruido,0.0713,-0.2033,-0.1422,-4.93,50.35,-6.41,-16.18,-16,58,23,1,1896.73,1462.17,116.05,0.0254,0.00786,1.35944,1901.2,1282.3,6.37,-91.79,-2.7,1.53,,
177.343,ruido,ruido,0.1543,-0.142,-0.1946,9.64,63.5,-16.09,-7.67,-17,55,25,1,1893.38,1467.66,116.09,0.02602,0.00693,1.32368,1901.2,1282.3,8.11,-90.05,-2.75,1.41,,
177.383,ruido,ruido,0.135,-0.1299,-0.1864,14.59,65.18,-22.81,-13.77,-18,50,30,4,1890.06,1473.07,116.09,0.02848,0.00584,1.29381,1911.2,1272.4,10.12,-88.04,-2.83,1.33,,
177.443,ruido,ruido,0.1719,-0.0488,-0.1154,25.67,51.94,-16.63,-5.98,-15,60,-25,17,1888.12,1477.78,116.12,0.02785,0.00552,1.28011,1911.2,1272.4,12.09,-86.07,-2.9,1.21,,
177.503,ruido,ruido,0.1652,-0.0062,-0.1421,22.71,46.43,-19.01,2.73,-7,59,-19,19,1885.45,1485.76,115.92,0.02403,0.00594,1.26302,1924.5,1266.9,13.33,-84.83,-2.9,1.14,,
177.543,ruido,ruido,0.2015,0.044,-0.0591,31.73,34.14,-8.95,7.54,33,54,-40,25,1883.61,1489.85,115.85,0.02455,0.00633,1.2617,1924.5,1266.9,14.29,-83.87,-2.97,1.1,,
177.583,ruido,ruido,0.1299,0.0834,-0.0794,22.46,21.83,-14.39,11.66,27,55,4,26,1882.18,1492.48,115.79,0.02414,0.0066,1.26335,1938.7,1260.3,14.55,-83.61,-2.95,1.08,,
177.643,ruido,ruido,0.1375,0.049,0.0258,29.67,17.69,-3.54,0.18,23,46,19,24,1875.81,1497.6,115.86,0.0258,0.00553,1.2582,1938.7,1260.3,14.52,-83.64,-2.92,1.1,,
177.682,ruido,ruido,0.209,0.0714,0.0552,31.14,10.88,11.13,13.73,23,46,19,24,1871.29,1499.22,115.78,0.02477,0.00521,1.26079,1942.8,1254.2,14.71,-83.45,-2.91,1.11,,
177.762,ruido,ruido,0.209,0.1347,0.1609,43.04,-4.26,16.15,11.95,36,25,24,14,1861.42,1502.33,115.7,0.02463,0.00481,1.26418,1944.4,1240.0,14.76,-83.4,-2.96,1.1,,
177.782,ruido,ruido,0.2374,0.1081,0.1047,29.72,-4.32,25.0,25.55,36,25,24,14,1859.13,1502.93,115.7,0.02525,0.00496,1.26628,1944.4,1240.0,14.52,-83.64,-2.98,1.13,,
177.842,ruido,ruido,0.2761,0.1068,0.0753,38.2,9.07,18.02,23.06,23,10,13,25,1852.72,1503.16,115.74,0.02841,0.00561,1.28835,1944.3,1233.2,14.0,-84.16,-2.94,1.19,,
177.883,ruido,ruido,0.2601,0.1092,0.0035,25.76,7.73,16.41,33.32,40,-2,9,30,1848.44,1502.2,115.65,0.02708,0.00694,1.30951,1944.2,1227.9,12.51,-85.65,-2.9,1.27,,
177.942,ruido,ruido,0.2243,0.1184,0.0188,26.41,4.47,12.48,28.41,50,-9,10,29,1840.52,1500.58,115.6,0.02574,0.00619,1.34252,1944.0,1222.8,10.96,-87.2,-2.86,1.37,,
178.002,ruido,ruido,0.2328,0.1712,0.0737,39.87,0.7,9.16,24.76,38,-2,10,25,1836.58,1500.22,115.65,0.02552,0.00639,1.35489,1942.6,1217.4,9.89,-88.27,-2.84,1.42,,
178.043,ruido,ruido,0.183,0.0763,0.1121,23.58,-6.56,23.63,17.91,36,0,17,28,1832.37,1500.33,115.64,0.02547,0.00627,1.3633,1940.1,1212.3,9.2,-88.96,-2.84,1.48,,
178.082,ruido,ruido,0.1489,0.1103,0.0582,15.17,-11.79,17.97,26.3,21,8,17,14,1828.39,1500.74,115.64,0.02505,0.00683,1.36891,1938.5,1207.8,8.8,-89.36,-2.83,1.53,,
178.142,ruido,ruido,0.1466,0.0778,0.1077,8.64,-21.03,32.05,27.27,24,10,18,22,1825.06,1501.1,115.62,0.02545,0.00758,1.37318,1937.1,1203.9,8.54,-89.62,-2.81,1.55,,
178.203,ruido,ruido,0.1229,0.0241,0.1374,3.03,-22.81,38.62,20.49,26,10,13,20,1818.77,1501.8,115.66,0.0251,0.00736,1.3799,1936.0,1199.9,8.25,-89.91,-2.77,1.57,,
178.243,ruido,ruido,0.048,-0.0844,0.0774,-10.6,-9.46,30.65,4.76,23,6,18,24,1814.92,1501.74,115.55,0.0245,0.00684,1.38527,1935.4,1195.8,7.95,-90.21,-2.76,1.58,,
178.282,ruido,ruido,0.1012,0.0104,0.0853,1.87,-13.44,27.96,16.0,26,5,33,19,1812.17,1501.66,115.57,0.02485,0.00699,1.38682,1933.7,1187.3,7.95,-90.21,-2.76,1.58,,
178.342,ruido,ruido,0.1117,-0.0373,0.1186,11.62,-1.38,25.22,0.28,9,23,33,2,1804.88,1501.37,115.55,0.02561,0.00541,1.36978,1931.6,1182.9,7.61,-90.55,-2.78,1.58,,
178.402,ruido,ruido,0.0815,-0.0565,0.1163,8.2,-1.38,23.46,-4.19,19,9,35,-3,1798.41,1500.41,115.46,0.0257,0.00498,1.35558,1928.5,1178.5,8.84,-89.32,-2.85,1.49,,
178.443,ruido,ruido,0.0998,-0.1485,0.153,3.58,2.88,36.85,-11.39,8,18,43,-4,1794.16,1499.99,115.48,0.02552,0.00411,1.34344,1925.6,1173.4,9.69,-88.47,-2.89,1.44,,
178.482,ruido,ruido,0.1377,-0.1285,0.1529,6.17,2.26,40.34,-4.7,16,20,31,-3,1790.28,1499.88,115.47,0.02565,0.00403,1.33435,1923.3,1168.8,9.69,-88.47,-2.89,1.44,,
178.542,ruido,ruido,0.0513,-0.188,0.1448,-8.04,-1.13,39.43,-13.83,12,22,33,8,1785.01,1499.55,115.41,0.02613,0.00449,1.31786,1922.1,1164.3,10.45,-87.71,-2.93,1.44,,
178.582,ruido,ruido,0.0797,-0.2457,0.0378,-22.43,10.84,41.22,-4.13,19,41,28,-1,1781.38,1499.71,115.29,0.02766,0.00483,1.30672,1921.0,1160.1,11.1,-87.06,-2.93,1.4,,
178.643,ruido,ruido,0.1429,-0.1631,0.019,-9.62,13.45,35.52,6.39,1,26,44,-6,1775.57,1499.95,115.31,0.02848,0.00186,1.2819,1919.2,1156.0,11.83,-86.33,-2.94,1.37,,
178.684,ruido,ruido,0.0568,-0.1114,-0.0071,-15.39,3.57,23.34,6.65,1,30,36,-15,1772.62,1499.92,115.26,0.02648,0.00154,1.2602,1917.0,1152.1,12.89,-85.27,-2.99,1.34,,
178.743,ruido,ruido,0.0359,-0.0699,-0.0091,-15.13,-2.49,19.42,9.69,42,13,35,-12,1768.05,1498.99,115.36,0.0245,-0.0002,1.23663,1914.7,1149.0,14.42,-83.74,-3.04,1.23,,
178.783,ruido,ruido,0.1009,-0.0417,0.0692,-1.36,-5.76,28.58,10.83,-2,18,28,-18,1765.16,1499.06,115.42,0.02411,-0.00197,1.21509,1913.4,1146.2,15.56,-82.6,-3.07,1.15,,
178.844,ruido,ruido,0.1839,-0.0258,0.1324,13.47,-3.59,37.15,11.83,-9,18,26,-16,1762.89,1498.98,115.51,0.02526,-0.0027,1.19677,1912.4,1144.2,17.92,-80.24,-3.13,0.98,,
178.904,ruido,ruido,0.1147,0.0235,0.0995,12.35,-7.33,21.93,9.77,3,13,25,-13,1760.59,1499.07,115.21,0.02365,-0.00556,1.17845,1911.7,1142.7,18.73,-79.43,-3.13,0.94,,
178.943,ruido,ruido,0.0394,-0.0312,0.1403,3.0,-14.46,25.76,-1.69,4,15,27,-10,1759.06,1499.15,115.32,0.0228,-0.00627,1.17178,1910.8,1140.6,18.73,-79.43,-3.13,0.94,,
178.983,ruido,ruido,-0.0148,-0.0977,0.2029,-3.41,-20.25,33.51,-14.58,2,13,19,-8,1756.69,1499.26,115.31,0.02521,-0.00718,1.16268,1910.2,1138.4,19.46,-78.7,-3.16,0.93,,
179.044,ruido,ruido,0.0953,-0.1071,0.1965,9.77,-4.53,36.91,-11.67,3,5,20,-11,1754.77,1498.9,115.32,0.02273,-0.00846,1.15302,1909.3,1136.4,20.13,-78.03,-3.16,0.9,,
179.104,ruido,ruido,0.161,-0.172,0.2902,21.88,2.98,50.3,-23.65,4,4,18,-6,1750.71,1498.54,115.38,0.02337,-0.00901,1.13184,1908.0,1134.3,21.32,-76.84,-3.15,0.76,,
179.144,ruido,ruido,0.1613,-0.1982,0.1844,12.0,14.21,43.3,-17.91,3,23,30,-11,1747.54,1498.5,115.36,0.02117,-0.00972,1.11123,1906.2,1131.3,21.32,-76.84,-3.15,0.76,,
179.184,ruido,ruido,0.2108,-0.1533,0.1287,22.24,26.18,32.08,-13.04,6,28,38,-16,1744.28,1498.49,115.37,0.02204,-0.01129,1.09328,1904.0,1126.7,22.5,-75.66,-3.17,0.67,,
179.244,ruido,ruido,0.1806,-0.0876,0.1047,17.27,14.54,28.38,-2.4,4,25,57,-24,1736.32,1498.17,114.82,0.02735,-0.00612,1.04889,1900.8,1120.4,24.08,-74.08,-3.17,0.54,,
179.284,ruido,ruido,0.1251,-0.0525,0.0569,16.07,15.37,13.05,-4.45,18,14,46,-11,1731.48,1497.66,115.26,0.02013,-0.01226,1.03468,1898.2,1114.5,26.04,-72.12,-3.27,0.5,,
179.343,ruido,ruido,0.1385,-0.1481,0.0454,5.57,22.01,23.84,-7.12,21,8,28,-2,1724.25,1496.4,115.29,0.02023,-0.0121,1.03588,1896.9,1109.0,27.44,-70.72,-3.26,0.38,,
179.404,ruido,ruido,0.1488,-0.1188,0.0943,17.24,21.16,21.65,-12.45,19,0,12,6,1720.86,1497.1,115.23,0.02043,-0.01144,1.03661,1897.0,1104.8,27.88,-70.28,-3.29,0.39,,
179.443,ruido,ruido,0.2109,-0.0885,0.1548,32.27,21.66,26.24,-12.69,12,19,16,9,1719.53,1497.97,115.34,0.02065,-0.01208,1.03536,1897.0,1104.8,27.53,-70.63,-3.28,0.41,,
179.484,ruido,ruido,0.2085,-0.1111,0.0926,22.38,25.34,25.8,-6.8,10,21,15,8,1717.8,1499.15,114.92,0.027,-0.00683,1.03266,1899.3,1099.7,27.58,-70.58,-3.25,0.41,,
179.544,ruido,ruido,0.2681,-0.076,0.0578,26.04,28.95,26.11,4.71,10,18,21,9,1712.39,1502.3,115.31,0.01887,-0.01041,1.02836,1900.6,1096.2,27.72,-70.44,-3.24,0.42,,
179.603,ruido,ruido,0.1626,-0.0879,0.0731,15.95,18.32,21.77,-3.99,19,24,30,18,1707.94,1505.02,115.31,0.02038,-0.01076,1.02531,1901.7,1091.3,27.92,-70.24,-3.22,0.42,,
179.643,ruido,ruido,0.2132,-0.0011,0.1467,27.42,4.13,30.16,6.51,29,28,31,15,1701.12,1508.99,115.27,0.01885,-0.01009,1.01785,1904.0,1084.6,28.19,-69.97,-3.23,0.42,,
179.684,ruido,ruido,0.217,-0.0209,0.1204,12.91,-3.01,41.07,18.46,29,28,31,15,1693.93,1513.13,115.08,0.01816,-0.00831,1.01159,1904.0,1084.6,28.51,-69.65,-3.25,0.41,,
179.743,ruido,ruido,0.1764,-0.062,0.1732,0.43,-17.37,55.51,17.88,36,23,30,23,1686.16,1517.04,115.13,0.01984,-0.01087,1.01492,1908.0,1068.7,28.95,-69.21,-3.2,0.39,,
179.804,ruido,ruido,0.1856,-0.0239,0.2137,7.43,-22.93,56.45,18.43,25,14,29,15,1681.64,1518.75,114.9,0.01829,-0.00966,1.00872,1909.6,1062.3,29.08,-69.08,-3.23,0.4,,
179.844,ruido,ruido,0.1576,0.0483,0.1908,1.48,-36.78,54.27,31.47,19,12,36,-3,1676.56,1519.81,114.74,0.01822,-0.00838,0.99918,1909.6,1062.3,29.0,-69.16,-3.22,0.39,,
179.885,ruido,ruido,0.1692,0.1254,0.2631,13.87,-48.3,55.31,33.28,18,-40,32,-2,1671.41,1519.49,114.74,0.01837,-0.00835,0.98813,1906.2,1052.0,29.56,-68.6,-3.22,0.34,,
179.944,ruido,ruido,0.2288,0.0666,0.3555,25.06,-42.47,68.44,22.21,22,-48,44,5,1664.12,1519.14,114.54,0.02159,-0.00944,0.98472,1906.2,1052.0,30.24,-67.92,-3.23,0.3,,
180.004,ruido,ruido,0.2333,0.166,0.348,31.17,-51.08,61.84,32.73,23,-54,41,15,1657.09,1520.09,114.53,0.02053,-0.00926,0.99165,1895.8,1043.1,30.71,-67.45,-3.14,0.15,,
180.045,ruido,ruido,0.1565,0.1432,0.2484,19.22,-43.43,45.56,28.72,35,-51,73,42,1650.74,1521.37,114.67,0.01674,-0.00912,0.99455,1895.8,1043.1,30.61,-67.55,-3.16,0.14,,
180.085,ruido,ruido,0.1336,0.1354,0.3019,24.91,-45.07,44.77,18.12,31,-31,83,27,1644.5,1523.91,114.42,0.01874,-0.01054,0.99881,1886.9,1027.1,30.21,-67.95,-3.16,0.19,,
180.125,ruido,ruido,0.2648,0.1318,0.3166,37.99,-33.74,55.02,25.45,21,-47,42,29,1638.08,1526.53,114.45,0.0196,-0.01066,1.00362,1886.9,1027.1,29.93,-68.23,-3.21,0.25,,
180.185,ruido,ruido,0.2106,0.138,0.2795,35.53,-31.27,42.88,20.24,32,-32,37,30,1628.57,1530.37,114.48,0.02102,-0.01143,1.01004,1880.4,1013.5,29.61,-68.55,-3.22,0.25,,
180.244,ruido,ruido,0.2281,0.115,0.1405,21.76,-19.12,37.22,33.12,33,-37,55,27,1618.02,1535.65,114.37,0.01937,-0.01031,1.00311,1880.4,1013.5,29.33,-68.83,-3.25,0.29,,
180.305,ruido,ruido,0.1915,0.0705,0.1408,12.74,-21.06,40.42,29.18,29,-7,47,17,1609.06,1540.25,114.19,0.01832,-0.00859,0.9947,1872.1,1001.0,29.85,-68.31,-3.24,0.29,,
180.325,ruido,ruido,0.1536,0.0256,0.1599,6.5,-23.17,43.66,22.17,29,-7,47,17,1607.72,1541.03,114.28,0.01887,-0.00923,0.99408,1872.1,1001.0,30.17,-67.99,-3.22,0.23,,
180.405,ruido,ruido,0.166,-0.0099,0.1493,12.91,-9.41,37.55,12.09,18,-32,25,27,1597.84,1547.92,114.08,0.01968,-0.00885,0.98852,1867.5,989.4,30.4,-67.76,-3.25,0.2,,
180.446,ruido,ruido,0.2023,-0.0557,0.0976,3.23,-3.48,44.76,20.23,27,-24,46,28,1591.54,1552.19,114.11,0.0201,-0.0095,0.98788,1865.7,985.0,30.6,-67.56,-3.26,0.22,,
180.485,ruido,ruido,0.1649,-0.137,0.1302,-6.73,-5.64,53.94,11.2,27,-24,46,28,1587.53,1554.76,113.96,0.02046,-0.0094,0.98262,1865.7,985.0,30.73,-67.43,-3.29,0.19,,
180.525,ruido,ruido,0.1585,-0.2489,0.1189,-14.8,6.0,59.18,0.34,16,30,42,11,1582.34,1557.36,113.92,0.02158,-0.00876,0.97254,1864.1,978.6,31.49,-66.67,-3.3,0.13,,
180.585,ruido,ruido,0.2182,-0.2976,0.1577,-9.4,12.97,69.54,-3.31,12,42,61,-14,1573.86,1559.38,114.56,0.02199,-0.0177,0.92809,1863.0,971.4,32.93,-65.23,-3.26,0.04,,
180.646,ruido,ruido,0.2417,-0.2211,0.1123,-0.2,17.21,56.84,3.49,10,32,66,-20,1565.44,1561.34,114.37,0.02307,-0.01873,0.88137,1859.4,956.7,35.02,-63.14,-3.27,-0.12,,
180.686,ruido,ruido,0.2184,-0.1267,0.0869,-4.15,2.21,53.01,18.84,10,32,66,-20,1558.38,1562.29,114.29,0.02537,-0.01995,0.84789,1859.4,956.7,35.02,-63.14,-3.27,-0.12,,
180.746,ruido,ruido,0.3065,-0.0898,0.0069,0.96,14.23,49.18,33.72,17,15,49,-10,1551.59,1563.42,114.25,0.02494,-0.02049,0.82438,1854.1,942.4,38.72,-59.44,-3.22,-0.43,,
180.786,ruido,ruido,0.3058,0.0344,0.0351,12.86,1.75,41.67,41.56,17,26,52,27,1546.54,1565.41,114.2,0.02493,-0.02083,0.81004,1854.1,942.4,39.81,-58.35,-3.2,-0.55,,
180.845,ruido,ruido,0.2871,0.1294,0.0498,15.4,-13.28,38.51,51.24,17,26,52,27,1539.4,1570.91,114.14,0.02504,-0.02002,0.80071,1853.7,935.7,40.46,-57.7,-3.17,-0.55,,
180.885,ruido,ruido,0.2859,0.079,0.0753,6.68,-18.01,51.12,51.71,22,28,35,30,1533.53,1576.36,114.09,0.02484,-0.02123,0.79691,1857.0,928.7,40.78,-57.38,-3.17,-0.57,,
180.925,ruido,ruido,0.2532,0.0625,0.1095,0.37,-27.14,57.65,50.13,21,-6,33,43,1529.69,1579.78,114.05,0.02508,-0.02119,0.79849,1862.4,922.1,40.76,-57.4,-3.16,-0.6,,
180.986,ruido,ruido,0.216,0.1395,0.162,13.6,-34.63,46.87,43.26,13,-13,31,58,1520.87,1587.01,114.1,0.02467,-0.02033,0.80764,1866.8,915.9,40.42,-57.74,-3.15,-0.54,,
181.045,ruido,ruido,0.2891,0.1794,0.1512,18.51,-34.39,51.94,56.45,27,-20,39,53,1509.11,1596.51,113.92,0.02613,-0.02033,0.82221,1870.0,909.3,39.86,-58.3,-3.16,-0.58,,
181.106,ruido,ruido,0.3064,0.1689,0.1112,11.22,-33.6,55.59,64.84,15,-50,60,55,1498.72,1604.29,113.87,0.02488,-0.01997,0.83855,1872.4,901.1,39.23,-58.93,-3.18,-0.53,,
181.128,ruido,ruido,0.2597,0.1384,0.1283,15.34,-27.34,46.74,48.37,15,-50,60,55,1496.99,1605.57,113.86,0.02504,-0.02029,0.84108,1873.3,893.7,38.43,-59.73,-3.21,-0.52,,
181.185,ruido,ruido,0.2012,0.0418,0.0692,2.31,-15.45,40.96,36.57,25,-33,53,69,1483.34,1615.33,114.21,0.0288,-0.01513,0.87092,1873.5,887.0,37.52,-60.64,-3.23,-0.43,,
181.245,ruido,ruido,0.2684,0.1459,0.0188,17.25,-9.1,28.69,49.03,16,-15,50,59,1471.93,1622.91,113.99,0.02708,-0.01425,0.8922,1873.8,878.8,36.34,-61.82,-3.27,-0.35,,
181.285,ruido,ruido,0.3269,0.1452,-0.0664,15.05,2.44,26.63,60.47,16,-15,50,59,1465.7,1625.87,114.37,0.02039,-0.01516,0.89353,1874.6,869.8,35.38,-62.78,-3.29,-0.27,,
181.346,ruido,ruido,0.3879,0.1772,-0.081,15.63,0.24,33.48,74.77,36,32,48,52,1455.3,1633.6,114.19,0.02135,-0.01575,0.90523,1874.9,861.2,34.85,-63.31,-3.3,-0.23,,
181.386,ruido,ruido,0.3137,0.2045,-0.036,16.27,-10.68,28.16,66.63,11,23,36,39,1447.67,1639.63,114.12,0.02125,-0.01454,0.92006,1876.3,852.7,34.22,-63.94,-3.31,-0.17,,
181.426,ruido,ruido,0.2637,0.1525,-0.1163,1.84,-3.95,21.74,64.74,11,20,22,53,1444.64,1642.19,114.13,0.02054,-0.01445,0.92518,1880.1,846.2,33.37,-64.79,-3.31,-0.09,,
181.485,ruido,ruido,0.3217,0.1662,-0.2074,4.9,11.5,13.38,73.17,20,31,17,65,1434.12,1651.66,114.06,0.02,-0.0136,0.95047,1885.7,840.8,32.37,-65.79,-3.31,-0.06,,
181.545,ruido,ruido,0.2829,0.1027,-0.1208,-1.88,1.01,27.82,63.58,54,27,19,53,1424.69,1660.23,114.49,0.02263,-0.0183,0.98117,1892.9,834.8,31.15,-67.01,-3.28,0.08,,
181.589,ruido,ruido,0.2439,0.0937,-0.1818,-9.57,4.52,19.51,63.6,47,30,13,60,1416.43,1667.85,114.37,0.01994,-0.01744,1.00012,1900.1,827.4,29.78,-68.38,-3.3,0.18,,
181.646,ruido,ruido,0.2149,0.1009,-0.1065,0.03,0.92,17.33,50.5,33,31,23,72,1406.15,1676.89,114.36,0.02485,-0.01785,1.02011,1907.3,819.5,28.55,-69.61,-3.31,0.31,,
181.685,ruido,ruido,0.1577,0.0044,-0.1836,-12.78,15.89,8.64,38.72,41,30,27,73,1400.95,1682.31,113.6,0.02386,-0.00607,1.04171,1914.2,810.7,27.53,-70.63,-3.29,0.38,,
181.746,ruido,ruido,0.0762,0.0183,-0.145,-19.19,1.08,8.18,34.3,45,32,27,67,1391.05,1690.36,113.64,0.02347,-0.00663,1.05914,1920.1,801.5,26.48,-71.68,-3.24,0.53,,
181.786,ruido,ruido,0.1474,0.0405,-0.1109,-10.88,0.38,16.73,40.95,-3,30,23,47,1385.71,1695.04,113.55,0.0221,-0.00648,1.06427,1925.1,792.0,25.91,-72.25,-3.25,0.56,,
181.845,ruido,ruido,0.0949,-0.054,-0.0368,-18.54,-4.02,27.84,25.09,-24,24,21,38,1379.88,1700.03,113.66,0.02296,-0.006,1.07004,1929.9,785.2,25.65,-72.51,-3.25,0.59,,
181.885,ruido,ruido,0.0647,-0.0714,-0.035,-25.02,-7.99,29.77,23.95,17,16,19,17,1375.93,1703.24,113.57,0.02233,-0.0051,1.07491,1934.4,782.3,25.29,-72.87,-3.23,0.65,,
181.945,ruido,ruido,0.0925,-0.1713,0.0292,-23.03,-0.28,42.5,10.42,10,14,12,22,1371.84,1706.52,113.51,0.02273,-0.00541,1.06843,1937.6,779.9,25.3,-72.86,-3.23,0.64,,
181.987,ruido,ruido,-0.032,-0.1528,0.0495,-32.3,-15.77,35.1,2.74,-27,23,18,11,1370.25,1708.13,113.55,0.02275,-0.00621,1.06244,1939.7,776.9,25.71,-72.45,-3.23,0.6,,
182.047,ruido,ruido,0.0416,-0.0699,0.0892,-19.34,-22.42,40.26,14.81,-34,21,25,7,1367.44,1710.42,113.97,0.0235,-0.0146,1.01685,1941.5,775.2,26.92,-71.24,-3.25,0.54,,
182.087,ruido,ruido,0.1687,-0.0055,0.0284,-3.82,-7.48,35.36,29.93,-20,3,47,-27,1366.11,1711.97,113.89,0.02342,-0.01497,0.98316,1943.7,775.2,29.01,-69.15,-3.28,0.44,,
182.127,ruido,ruido,0.0561,-0.0604,0.0003,-18.21,-8.58,27.22,17.51,-23,-14,31,-21,1365.77,1712.93,114.02,0.02074,-0.01514,0.96843,1942.3,774.8,30.82,-67.34,-3.28,0.33,,
182.187,ruido,ruido,-0.0314,-0.0312,0.0591,-19.04,-23.5,23.47,9.03,4,-17,39,9,1362.33,1714.94,113.93,0.02302,-0.01571,0.95075,1939.3,775.5,31.83,-66.33,-3.26,0.21,,
182.247,ruido,ruido,-0.0536,-0.0194,0.0723,-10.88,-19.35,13.89,-0.79,5,21,32,30,1356.75,1718.84,113.86,0.02128,-0.01551,0.9426,1937.8,774.1,32.33,-65.83,-3.29,0.21,,
182.287,ruido,ruido,-0.0609,-0.0823,0.0814,-14.24,-14.1,17.53,-8.66,-12,13,26,24,1352.2,1721.97,113.81,0.02209,-0.01569,0.94039,1940.2,769.2,32.33,-65.83,-3.29,0.21,,
182.327,ruido,ruido,-0.0283,-0.0669,0.0662,-0.64,-0.53,6.71,-14.6,17,-15,42,12,1349.67,1723.29,113.78,0.02296,-0.01582,0.93826,1944.5,760.2,32.61,-65.55,-3.28,0.23,,
182.406,ruido,ruido,-0.0106,-0.1637,0.0884,-0.63,11.42,13.08,-27.26,21,33,12,-2,1345.47,1724.69,113.79,0.02376,-0.01604,0.93096,1942.8,756.8,32.76,-65.4,-3.26,0.2,,
182.446,ruido,ruido,0.0331,-0.2493,0.0265,-10.55,25.1,20.08,-24.05,5,6,9,3,1345.01,1725.05,113.79,0.02307,-0.01573,0.92965,1942.1,755.2,33.03,-65.13,-3.28,0.15,,
182.487,ruido,ruido,-0.0412,-0.1795,0.0176,-8.6,17.3,4.83,-26.71,-8,-5,6,-6,1345.17,1724.32,113.88,0.02347,-0.01639,0.92321,1942.0,755.2,33.22,-64.94,-3.3,0.18,,
182.527,ruido,ruido,-0.0417,-0.1184,0.0232,-3.93,11.31,0.98,-21.68,-13,11,7,-29,1345.37,1723.44,113.81,0.02278,-0.01538,0.91167,1942.0,755.2,33.36,-64.8,-3.3,0.22,,
182.586,ruido,ruido,0.0134,-0.1293,-0.0293,-8.21,17.18,5.66,-10.34,-29,0,18,-48,1345.9,1720.99,113.64,0.02326,-0.01533,0.88029,1937.0,757.0,34.14,-64.02,-3.31,0.23,,
182.647,ruido,ruido,0.0736,-0.0648,-0.0302,-3.13,12.06,10.08,4.55,-23,5,16,-43,1346.22,1717.28,113.83,0.01892,-0.01647,0.8582,1932.8,758.2,37.07,-61.09,-3.3,-0.02,,
182.687,ruido,ruido,0.1372,0.0025,-0.0166,5.71,7.96,13.59,16.63,-18,5,14,-23,1347.21,1714.86,113.58,0.01638,-0.02016,0.83849,1932.8,758.2,37.07,-61.09,-3.3,-0.02,,
182.747,ruido,ruido,0.0014,0.0528,0.0259,6.11,-6.48,-1.74,2.56,-4,-2,2,-7,1347.89,1713.8,113.56,0.01625,-0.02036,0.83604,1929.6,759.3,38.27,-59.89,-3.27,-0.13,,
182.786,ruido,ruido,0.0327,0.0938,0.0429,6.17,-15.71,5.93,14.09,-4,-2,2,-7,1347.94,1713.73,113.55,0.01568,-0.02069,0.8362,1928.5,760.4,38.74,-59.42,-3.26,-0.18,,
182.847,ruido,ruido,-0.0442,0.1571,0.1149,16.76,-26.76,-5.45,1.31,3,-5,6,3,1347.63,1713.91,113.51,0.01585,-0.02044,0.83813,1929.4,761.0,38.73,-59.43,-3.26,-0.18,,
182.887,ruido,ruido,-0.0748,0.2406,0.0863,22.14,-30.17,-20.29,4.39,-1,-5,-1,0,1347.37,1713.82,113.52,0.01587,-0.02055,0.8404,1929.9,760.8,38.61,-59.55,-3.26,-0.18,,
182.926,ruido,ruido,-0.0052,0.2162,0.0693,22.33,-23.34,-12.08,11.43,-1,-5,-1,0,1346.9,1713.08,113.51,0.0158,-0.0206,0.84768,1930.0,760.4,38.21,-59.95,-3.26,-0.14,,
182.987,ruido,ruido,-0.0094,0.2799,0.1468,35.89,-32.37,-13.9,7.39,10,-11,-6,6,1345.14,1708.9,113.8,0.01713,-0.0161,0.88422,1929.7,760.1,37.0,-61.16,-3.26,-0.05,,
183.047,ruido,ruido,-0.0631,0.3208,0.0753,25.06,-38.31,-23.1,16.17,26,-44,-18,7,1343.54,1704.08,113.82,0.01565,-0.01688,0.92287,1926.1,759.7,35.25,-62.91,-3.24,0.09,,
183.087,ruido,ruido,-0.1009,0.4258,0.0975,33.23,-50.5,-33.78,18.75,26,-44,-18,7,1342.74,1701.46,113.9,0.01477,-0.01624,0.94326,1926.1,759.7,33.33,-64.83,-3.25,0.25,,
183.127,ruido,ruido,-0.1096,0.4478,0.0181,22.18,-52.37,-36.82,31.93,31,-42,-12,4,1341.9,1697.84,113.9,0.01575,-0.01586,0.97303,1922.7,759.2,31.26,-66.9,-3.22,0.34,,
183.186,ruido,ruido,-0.094,0.4041,0.0564,25.09,-48.6,-31.1,24.53,40,-54,-18,14,1342.33,1691.28,113.73,0.01988,-0.01274,1.0282,1918.8,758.5,28.89,-69.27,-3.16,0.42,,
183.247,ruido,ruido,-0.1509,0.4082,-0.0277,16.38,-44.5,-44.96,24.78,41,-56,-47,14,1343.68,1687.77,113.66,0.0185,-0.00817,1.08904,1915.4,758.7,26.36,-71.8,-3.14,0.62,,
183.287,ruido,ruido,-0.1372,0.3788,-0.0459,14.2,-39.06,-43.49,24.45,27,-50,-34,24,1345.38,1685.59,113.32,0.02516,-0.00431,1.1257,1912.7,760.4,26.36,-71.8,-3.14,0.62,,
183.327,ruido,ruido,-0.134,0.3737,-0.0016,22.39,-37.15,-44.09,15.97,21,-48,-51,25,1347.14,1684.39,113.83,0.01954,-0.00951,1.15206,1910.9,762.4,21.08,-77.08,-3.04,0.91,,
183.386,ruido,ruido,-0.0281,0.3594,0.0229,30.83,-30.33,-31.67,22.17,13,-33,-45,25,1351.9,1683.48,113.63,0.02309,-0.00687,1.19583,1910.9,765.0,18.94,-79.22,-2.99,1.07,,
183.446,ruido,ruido,0.0656,0.4015,-0.0288,39.25,-20.4,-33.35,35.5,6,-31,-64,16,1357.27,1682.6,113.18,0.02791,0.00257,1.24339,1911.2,768.4,17.04,-81.12,-2.94,1.18,,
183.486,ruido,ruido,0.0616,0.39,-0.1418,30.27,-9.44,-43.1,41.98,9,-29,-45,24,1358.85,1681.99,113.36,0.02196,0.00031,1.26544,1912.1,772.6,15.0,-83.16,-2.9,1.33,,
183.527,ruido,ruido,0.0157,0.4165,-0.0786,29.33,-24.74,-39.39,39.84,29,-37,-39,35,1359.46,1680.95,113.33,0.02522,0.00175,1.30103,1912.9,775.6,12.53,-85.63,-2.79,1.41,,
183.587,ruido,ruido,-0.0201,0.3687,-0.175,20.09,-10.9,-51.3,35.69,35,-21,-37,35,1356.45,1681.08,113.36,0.02407,0.0035,1.3737,1913.2,776.4,9.66,-88.5,-2.71,1.63,,
183.646,ruido,ruido,-0.0734,0.39,-0.1807,22.17,-11.31,-62.82,28.48,41,-19,-26,50,1353.32,1683.12,113.04,0.02594,0.00852,1.42062,1913.7,774.2,7.15,-91.01,-2.65,1.75,,
183.687,ruido,ruido,0.0608,0.3423,-0.233,21.7,4.2,-49.25,42.8,26,-10,-32,46,1352.3,1684.95,113.7,0.01935,-0.00112,1.4453,1914.8,770.1,4.85,-93.31,-2.54,1.85,,
183.727,ruido,ruido,0.0808,0.2936,-0.3274,6.85,12.25,-46.31,53.05,26,-8,-44,50,1352.94,1688.17,113.71,0.01821,-0.0006,1.48543,1916.9,766.6,4.85,-93.31,-2.54,1.85,,
183.786,ruido,ruido,0.0374,0.282,-0.289,9.72,10.83,-49.97,41.38,10,-20,-52,41,1355.9,1692.53,113.78,0.01738,0.00107,1.53729,1925.7,765.9,2.58,-95.58,-2.45,1.94,,
183.846,ruido,ruido,-0.0611,0.3225,-0.1995,16.18,-3.48,-57.89,25.63,2,-26,-70,38,1359.5,1697.26,113.85,0.01802,0.0025,1.58463,1931.3,768.0,-2.22,-100.38,-2.28,2.28,,
183.886,ruido,ruido,-0.1337,0.3894,-0.1767,18.11,-15.91,-67.78,22.79,-6,-20,-58,37,1361.39,1699.54,113.89,0.01674,0.00318,1.60628,1936.4,770.2,-4.32,-102.48,-2.19,2.39,,
183.947,ruido,ruido,-0.0364,0.4392,-0.2121,29.32,-7.02,-69.07,35.14,2,-20,-61,32,1365.43,1703.65,114.01,0.01573,0.00373,1.65194,1941.0,772.0,-4.32,-102.48,-2.19,2.39,,
183.987,ruido,ruido,-0.1494,0.4278,-0.1716,18.81,-22.19,-70.16,25.73,1,-29,-63,28,1368.71,1706.83,114.07,0.01368,0.00432,1.69348,1945.4,774.0,-6.43,-104.59,-2.13,2.52,,
184.047,ruido,ruido,-0.158,0.4087,-0.138,7.63,-35.69,-54.98,32.49,21,-20,-53,36,1371.8,1710.86,114.14,0.0064,0.00066,1.7463,1949.7,775.1,-11.23,-109.39,-1.86,2.75,,
184.086,ruido,ruido,-0.1495,0.373,-0.2396,-7.48,-28.82,-54.78,43.23,19,-21,-68,39,1372.66,1712.94,114.31,0.01055,0.00321,1.7774,1954.6,775.2,-13.99,-112.15,-1.76,2.86,,
184.147,ruido,ruido,-0.1636,0.3493,-0.2402,-7.45,-24.92,-57.15,37.17,2,-23,-52,21,1375.61,1718.02,114.28,0.01046,0.00375,1.81867,1958.8,775.6,-13.99,-112.15,-1.76,2.86,,
184.186,ruido,ruido,-0.1373,0.3316,-0.2715,-9.33,-18.96,-56.07,40.43,-8,-21,-40,27,1379.19,1722.84,114.18,0.00972,0.00456,1.84774,1963.5,777.7,-16.33,-114.49,-1.65,2.96,,
184.246,ruido,ruido,-0.1884,0.394,-0.2625,-10.95,-31.99,-61.18,43.86,-11,-22,-78,22,1384.9,1729.03,113.26,0.00944,0.01413,1.88277,1969.4,779.8,-18.0,-116.16,-1.54,3.08,,
184.287,ruido,ruido,-0.2018,0.2797,-0.2856,-18.09,-17.13,-59.9,30.55,-4,-30,-70,50,1386.88,1732.04,113.62,0.00717,0.01426,1.90493,1976.2,781.9,-19.86,-118.02,-1.4,3.04,,
184.347,ruido,ruido,-0.1362,0.3085,-0.3047,-8.47,-9.06,-62.09,36.03,-5,-31,-53,44,1391.08,1739.68,113.44,0.00847,0.01467,1.96376,1983.2,782.7,-22.05,-120.21,-1.31,3.08,,
184.389,ruido,ruido,-0.2733,0.3148,-0.2994,-21.56,-24.03,-70.06,28.2,0,-16,-60,28,1392.88,1745.76,113.54,0.00831,0.01488,2.00093,1990.1,782.2,-24.44,-122.6,-1.21,3.21,,
184.427,ruido,ruido,-0.2804,0.3071,-0.2265,-8.49,-21.38,-72.62,12.76,-5,-17,-57,41,1393.98,1749.04,113.57,0.0086,0.0149,2.02509,1995.9,781.9,-26.83,-124.99,-1.04,3.26,,
184.491,ruido,ruido,-0.2823,0.2737,-0.1477,-6.18,-26.34,-62.62,4.8,4,-26,-72,27,1397.34,1755.68,113.45,0.00625,0.0158,2.07636,2001.8,781.8,-29.03,-127.19,-0.91,3.22,,
184.546,ruido,ruido,-0.2941,0.3829,-0.1992,-4.72,-34.11,-74.21,18.93,-10,-38,-60,17,1402.43,1763.21,113.54,0.00438,0.01684,2.12575,2001.8,781.8,-33.84,-132.0,-0.62,3.3,,
184.589,ruido,ruido,-0.28,0.3408,-0.1263,4.42,-29.89,-69.43,5.3,-10,-38,-60,17,1405.78,1767.54,113.41,0.0035,0.01588,2.1507,2008.2,782.8,-35.77,-133.93,-0.49,3.29,,
184.626,ruido,ruido,-0.2393,0.1926,-0.1269,-3.8,-14.31,-54.8,-3.67,-14,-34,-67,18,1408.45,1771.14,113.43,0.00326,0.0163,2.16896,2014.2,785.0,-37.69,-135.85,-0.4,3.27,,
184.686,ruido,ruido,-0.2947,0.2024,-0.1158,-14.69,-28.56,-50.98,-0.06,-15,-29,-71,13,1413.1,1780.29,113.04,0.00078,0.02533,2.21627,2021.0,787.4,-37.69,-135.85,-0.4,3.27,,
184.747,ruido,ruido,-0.3123,0.1243,-0.1351,-20.26,-18.53,-51.32,-9.81,-21,-25,-61,12,1415.77,1788.84,113.0,0.00059,0.02425,2.24711,2028.5,789.0,-41.17,-139.33,-0.14,3.3,,
184.791,ruido,ruido,-0.2594,0.0133,-0.1964,-34.06,-4.76,-38.88,-5.33,-26,-18,-56,12,1417.37,1793.82,112.93,0.00112,0.02503,2.26176,2036.1,790.0,-42.32,-140.48,-0.09,3.3,,
184.827,ruido,ruido,-0.2664,0.0373,-0.1726,-39.13,-17.48,-31.11,2.47,-26,-18,-56,12,1418.78,1798.44,112.99,0.00042,0.02323,2.27489,2043.3,790.5,-43.36,-141.52,-0.04,3.31,,
184.886,ruido,ruido,-0.2261,0.026,-0.2122,-34.59,-4.8,-35.54,2.58,-16,-13,-38,20,1421.15,1805.46,113.23,-0.00058,0.01953,2.29034,2049.8,790.7,-44.29,-142.45,-0.01,3.27,,
184.927,ruido,ruido,-0.297,0.141,-0.2244,-33.11,-19.77,-50.31,8.15,-33,-11,-48,-2,1423.11,1808.72,112.79,-0.00232,0.0221,2.28867,2055.9,791.0,-44.81,-142.97,0.03,3.29,,
184.987,ruido,ruido,-0.27,0.1134,-0.2062,-39.75,-24.9,-36.44,14.7,-32,-16,-40,-14,1426.0,1816.11,113.02,-0.00052,0.02498,2.29249,2062.4,791.9,-44.87,-143.03,0.03,3.31,,
185.047,ruido,ruido,-0.2903,0.1879,-0.1692,-36.2,-39.19,-37.32,19.82,-32,-16,-40,-14,1430.88,1824.04,113.0,-0.00048,0.02486,2.29692,2068.8,793.7,-44.96,-143.12,0.02,3.33,,
185.088,ruido,ruido,-0.3266,0.2394,-0.2384,-48.24,-48.4,-42.16,34.28,-39,-20,-29,-9,1435.35,1830.93,113.17,-0.00149,0.02227,2.31414,2076.1,795.9,-45.61,-143.77,0.04,3.31,,
185.127,ruido,ruido,-0.3936,0.3206,-0.1938,-37.33,-57.61,-56.65,25.65,-30,-36,-70,2,1437.58,1835.22,113.34,-0.0006,0.02169,2.32874,2084.2,798.2,-46.83,-144.99,0.11,3.37,,
185.189,ruido,ruido,-0.483,0.2595,-0.2109,-46.77,-54.55,-64.25,11.02,-34,-43,-56,24,1441.7,1843.89,113.37,-0.00147,0.02259,2.36127,2092.9,799.3,-48.35,-146.51,0.26,3.34,,
185.247,ruido,ruido,-0.501,0.1937,-0.1811,-53.44,-55.46,-55.71,4.27,-34,-43,-56,24,1446.58,1854.36,113.37,-0.00205,0.02189,2.41299,2101.4,799.5,-50.21,-148.37,0.3,3.32,,
185.289,ruido,ruido,-0.4227,0.1475,-0.2918,-62.93,-39.85,-51.38,18.91,-52,-49,-64,-4,1450.16,1860.84,113.32,-0.00341,0.02248,2.4375,2110.4,798.9,-52.49,-150.65,0.44,3.37,,
185.326,ruido,ruido,-0.4119,0.164,-0.3179,-55.75,-31.13,-61.03,16.09,-52,-49,-64,-4,1453.42,1866.14,113.36,-0.00352,0.02342,2.44603,2120.6,797.3,-53.73,-151.89,0.53,3.39,,
185.387,ruido,ruido,-0.3881,0.2088,-0.213,-44.37,-43.7,-51.8,15.7,-75,-57,-65,-23,1462.54,1879.07,113.34,-0.00528,0.01461,2.45354,2132.0,799.2,-54.1,-152.26,0.57,3.42,,
185.447,ruido,ruido,-0.3572,0.2558,-0.121,-34.59,-56.15,-41.91,18.37,-50,-43,-45,18,1469.47,1889.77,113.44,-0.00607,0.01315,2.47049,2156.4,806.4,-54.73,-152.89,0.65,3.35,,
185.488,ruido,ruido,-0.4374,0.2853,-0.1955,-47.51,-61.89,-53.74,23.19,-35,-41,-71,17,1472.65,1895.07,113.45,-0.0059,0.01354,2.47975,2156.4,806.4,-55.62,-153.78,0.7,3.32,,
185.526,ruido,ruido,-0.4437,0.1808,-0.1712,-49.34,-50.88,-49.04,7.28,-35,-41,-71,17,1477.9,1903.33,113.45,-0.00649,0.01353,2.49917,2166.8,806.1,-56.68,-154.84,0.77,3.33,,
185.587,ruido,ruido,-0.4317,0.1539,-0.2293,-52.55,-40.5,-53.21,8.11,-42,-52,-58,19,1483.6,1913.41,113.64,-0.0054,0.01591,2.52516,2176.2,804.9,-57.92,-156.08,0.88,3.33,,
185.626,ruido,ruido,-0.4742,0.0575,-0.2519,-60.3,-29.2,-55.86,-6.37,-56,-63,-34,-18,1487.5,1919.29,113.0,-0.0009,0.02177,2.54133,2185.3,804.1,-58.35,-156.51,0.91,3.39,,
185.687,ruido,ruido,-0.4051,0.0861,-0.2564,-44.5,-17.26,-61.33,-6.53,-53,-39,-41,-29,1494.5,1929.44,113.21,-0.00202,0.02034,2.54253,2195.4,806.4,-58.55,-156.71,0.96,3.37,,
185.746,ruido,ruido,-0.4628,-0.0332,-0.2673,-57.81,-9.75,-59.0,-21.54,-66,-37,-34,-32,1501.61,1940.71,113.23,-0.00188,0.02195,2.5438,2206.3,809.9,-58.46,-156.62,0.97,3.37,,
185.788,ruido,ruido,-0.5253,-0.0361,-0.2718,-56.98,-7.71,-70.56,-32.84,-67,-39,-51,-28,1506.81,1951.23,113.29,-0.00251,0.02129,2.54412,2217.8,813.2,-58.7,-156.86,0.95,3.37,,
185.847,ruido,ruido,-0.405,-0.081,-0.2363,-47.74,3.04,-54.88,-30.02,-45,-27,-53,-38,1510.44,1963.5,113.43,-0.00112,0.02303,2.53403,2229.9,815.1,-58.34,-156.5,0.96,3.35,,
185.886,ruido,ruido,-0.356,-0.0328,-0.2466,-31.7,13.0,-64.71,-30.51,-75,-21,-47,-46,1512.9,1974.14,113.63,-0.00148,0.0222,2.52626,2241.9,816.6,-57.62,-155.78,0.97,3.36,,
185.947,ruido,ruido,-0.331,-0.1703,-0.234,-42.09,22.6,-48.31,-38.13,-73,-15,-58,-18,1516.49,1992.08,113.58,-0.00175,0.01959,2.52457,2269.0,816.7,-57.39,-155.55,0.97,3.43,,
186.006,ruido,ruido,-0.3077,-0.1319,-0.3466,-42.64,33.92,-62.04,-27.69,-42,6,-50,-17,1518.04,2004.57,113.62,-0.00196,0.0183,2.53028,2269.0,816.7,-57.6,-155.76,0.96,3.42,,
186.046,ruido,ruido,-0.3123,-0.1287,-0.2989,-34.19,34.23,-63.6,-36.38,-42,6,-50,-17,1519.41,2009.16,113.36,-0.00742,0.01807,2.51769,2281.5,814.7,-57.78,-155.94,0.96,3.47,,
186.087,ruido,ruido,-0.4478,-0.1437,-0.2845,-47.8,20.72,-69.38,-46.85,-49,34,-45,-13,1520.34,2016.59,113.34,-0.00611,0.01751,2.50991,2290.7,811.8,-57.39,-155.55,0.96,3.46,,
186.146,ruido,ruido,-0.4334,-0.2548,-0.2394,-54.89,24.17,-52.76,-55.23,-40,55,-34,-21,1522.28,2024.87,113.29,-0.00669,0.01832,2.49715,2297.4,808.6,-56.87,-155.03,0.89,3.5,,
186.207,ruido,ruido,-0.3967,-0.2301,-0.2174,-41.69,29.91,-56.56,-58.6,-37,15,-68,-53,1524.41,2032.78,113.35,-0.00612,0.01782,2.48616,2302.5,805.0,-56.26,-154.42,0.86,3.48,,
186.247,ruido,ruido,-0.3333,-0.354,-0.2411,-51.97,43.24,-39.92,-58.0,-63,15,-39,-60,1526.68,2041.66,113.42,-0.00694,0.01738,2.46811,2320.2,802.5,-55.53,-153.69,0.81,3.55,,
186.287,ruido,ruido,-0.2898,-0.3336,-0.3183,-54.26,50.04,-43.04,-45.49,-63,15,-39,-60,1529.15,2048.93,113.42,-0.00569,0.01802,2.45198,2320.2,802.5,-54.43,-152.59,0.76,3.59,,
186.327,ruido,ruido,-0.3236,-0.3684,-0.3862,-59.43,61.31,-54.14,-51.29,-51,59,-42,-64,1531.11,2054.57,113.49,-0.00478,0.01685,2.43826,2331.3,802.8,-53.17,-151.33,0.65,3.63,,
186.386,ruido,ruido,-0.2707,-0.3711,-0.4631,-60.59,72.88,-56.82,-42.11,-56,38,-48,-27,1535.76,2065.72,113.54,-0.00475,0.01726,2.412,2341.5,801.3,-51.93,-150.09,0.6,3.6,,
186.447,ruido,ruido,-0.3455,-0.3261,-0.5402,-72.52,66.08,-69.18,-34.93,-61,54,-42,-50,1541.88,2079.1,113.54,-0.00455,0.01891,2.38319,2350.6,800.2,-50.72,-148.88,0.5,3.63,,
186.486,ruido,ruido,-0.3335,-0.3947,-0.6271,-85.51,77.98,-68.18,-31.0,-64,86,-64,-47,1544.8,2084.93,113.58,-0.00436,0.01839,2.37146,2359.5,797.8,-49.5,-147.66,0.47,3.63,,
186.547,ruido,ruido,-0.3331,-0.3411,-0.5775,-68.41,78.57,-77.28,-39.46,-55,62,-61,-41,1550.4,2097.29,113.56,-0.00283,0.0206,2.34956,2368.9,793.4,-48.4,-146.56,0.38,3.69,,
186.586,ruido,geofence,0.86,-0.009,0.2333,86.74,50.86,88.18,49.42,-61,81,-48,-49,1554.62,2109.08,113.46,-0.0036,0.02407,2.32885,2379.5,788.7,-47.24,-145.4,0.35,3.67,,
186.648,ruido,geofence,0.8487,-0.0093,0.2706,88.8,47.0,90.3,45.5,-82,72,-79,-36,1558.09,2122.86,113.18,-0.00611,0.02515,2.30728,2391.9,782.7,-46.12,-144.28,0.32,3.67,,
186.706,ruido,geofence,0.8417,-0.0095,0.2915,89.9,44.77,91.41,43.25,87,66,-23,-4,1554.38,2129.99,113.13,-0.00553,0.02829,2.28387,2404.9,775.7,-44.95,-143.11,0.36,3.69,,
186.747,ruido,geofence,0.8408,-0.0095,0.294,90.02,44.5,91.55,42.98,112,67,45,7,1549.74,2130.3,112.84,-0.00388,0.03044,2.27271,2408.7,769.0,-43.7,-141.86,0.39,3.61,,
186.787,ruido,geofence,0.8337,-0.0097,0.3131,90.97,42.42,92.52,40.88,73,55,134,52,1537.74,2126.36,112.75,-0.0048,0.03176,2.26762,2395.1,762.4,-42.85,-141.01,0.27,3.66,,
186.827,ruido,ruido,-0.3643,-0.3051,-0.5312,-58.88,74.93,-84.41,-48.22,84,55,86,64,1528.73,2121.21,112.87,-0.00284,0.0304,2.2725,2373.7,753.5,-42.88,-141.04,0.3,3.72,,
186.906,ruido,ruido,-0.3348,-0.1969,-0.5665,-50.44,71.71,-93.77,-34.63,80,59,106,84,1504.99,2103.21,112.58,0.00186,0.02508,2.27581,2349.6,742.0,-43.5,-141.66,0.17,3.7,,
186.946,ruido,ruido,-0.3801,-0.2101,-0.5898,-57.81,70.17,-97.37,-36.61,38,66,39,4,1494.25,2096.89,112.81,-0.00059,0.01938,2.23899,2325.2,729.5,-43.09,-141.25,-0.01,3.61,,
186.987,ruido,ruido,-0.3296,-0.2418,-0.5733,-64.31,66.11,-80.14,-27.11,-79,81,-159,-42,1487.94,2096.72,112.71,0.00128,0.021,2.2041,2312.0,721.0,-41.24,-139.4,-0.06,3.52,,
187.026,ruido,ruido,-0.33,-0.2941,-0.5377,-61.41,71.67,-77.42,-38.45,-69,71,-85,-44,1485.23,2098.64,113.18,0.00187,0.01112,2.16967,2320.1,718.8,-38.41,-136.57,-0.25,3.49,,
187.087,ruido,ruido,-0.317,-0.2601,-0.5579,-68.2,62.68,-71.78,-24.13,-83,63,-52,-31,1482.18,2108.82,113.45,0.00508,0.01303,2.09065,2337.4,719.1,-34.98,-133.14,-0.5,3.46,,
187.146,ruido,ruido,-0.3289,-0.3246,-0.472,-68.03,59.44,-60.13,-36.54,-90,66,-91,-46,1484.21,2120.66,113.74,0.0032,0.00956,2.02118,2356.5,719.5,-31.51,-129.67,-0.68,3.45,,
187.186,ruido,ruido,-0.2937,-0.3048,-0.4211,-53.25,62.9,-61.11,-42.51,-79,53,-75,-36,1486.0,2127.67,113.67,0.00689,0.01384,1.99554,2375.9,719.9,-28.5,-126.66,-0.85,3.42,,
187.246,ruido,geofence,0.7124,-0.011,0.5329,98.74,15.25,100.51,13.48,-87,43,-62,-36,1490.42,2141.07,113.77,0.0051,0.01262,1.9601,2395.2,720.9,-26.43,-124.59,-0.95,3.42,,
187.287,ruido,geofence,0.6904,-0.0112,0.5611,99.22,11.24,101.01,9.45,-38,57,-28,-12,1494.29,2151.68,113.67,0.00267,0.01287,1.93564,2426.8,720.3,-26.43,-124.59,-0.95,3.42,,
187.327,ruido,geofence,0.6775,-0.0112,0.5766,99.43,8.97,101.22,7.17,153,35,35,-20,1494.93,2155.77,113.67,0.00316,0.01241,1.91415,2428.4,718.4,-25.14,-123.3,-1.04,3.44,,
187.406,ruido,geofence,0.6576,-0.0113,0.5991,99.63,5.58,101.44,3.77,102,31,98,-7,1490.56,2158.53,113.68,0.00624,0.01283,1.8673,2412.9,712.3,-21.32,-119.48,-1.19,3.32,,
187.446,ruido,geofence,0.6363,-0.0114,0.6217,99.73,2.08,101.55,0.26,72,30,91,1,1485.87,2155.72,113.69,0.00572,0.0116,1.85843,2392.3,703.1,-21.32,-119.48,-1.19,3.32,,
187.486,ruido,ruido,-0.2343,-0.3675,-0.4615,-56.4,76.23,-54.92,-39.88,114,21,105,17,1478.38,2148.05,113.79,0.00226,0.00899,1.8583,2371.8,692.8,-20.03,-118.19,-1.29,3.24,,
187.526,ruido,ruido,-0.2377,-0.3187,-0.5699,-60.33,81.86,-68.89,-28.7,121,18,63,15,1472.4,2142.42,113.7,0.00334,0.00862,1.85679,2350.8,682.5,-19.8,-117.96,-1.28,3.23,,
187.586,ruido,ruido,-0.1342,-0.2294,-0.5589,-44.2,81.93,-66.7,-13.97,-4,39,4,-48,1460.74,2135.54,113.25,0.00926,0.00943,1.81793,2336.1,674.7,-19.75,-117.91,-1.31,3.29,,
187.647,ruido,ruido,-0.1354,-0.2693,-0.4574,-39.87,76.41,-54.99,-24.89,-80,84,-78,-27,1452.88,2136.98,113.11,0.0152,0.01046,1.7281,2336.9,674.1,-18.47,-116.63,-1.58,3.11,,
187.687,ruido,ruido,-0.2183,-0.3531,-0.4794,-53.35,79.85,-58.28,-38.08,-77,96,-62,-44,1449.31,2143.46,113.07,0.01695,0.00797,1.64718,2350.0,677.7,-15.04,-113.2,-1.74,2.98,,
187.726,ruido,ruido,-0.2363,-0.3769,-0.5401,-55.29,91.42,-68.92,-42.82,-64,94,-44,-26,1448.57,2148.71,113.16,0.01787,0.00671,1.60806,2366.3,679.7,-10.16,-108.32,-1.97,2.72,,
187.786,ruido,ruido,-0.221,-0.3462,-0.4299,-49.54,74.63,-54.6,-41.21,-57,74,-68,-14,1448.36,2158.72,113.32,0.01662,0.00524,1.54268,2366.3,679.7,-6.03,-104.19,-2.16,2.56,,
187.846,ruido,ruido,-0.2318,-0.3879,-0.4362,-62.25,69.61,-44.65,-36.91,-72,59,-57,-31,1450.07,2169.95,113.32,0.02488,0.00406,1.47419,2399.3,685.0,-2.77,-100.93,-2.34,2.48,,
187.887,ruido,ruido,-0.2468,-0.3224,-0.4737,-65.87,61.51,-49.41,-25.2,-55,69,-48,-39,1451.61,2173.63,113.12,0.02048,0.00661,1.43861,2411.6,689.4,0.21,-97.95,-2.46,2.34,,
187.926,ruido,geofence,0.3126,-0.0111,0.8342,90.85,-40.85,92.63,-42.62,-55,69,-48,-39,1454.41,2178.99,112.68,0.01998,0.01062,1.40133,2411.6,689.4,3.15,-95.01,-2.6,2.2,,
187.987,ruido,geofence,0.2743,-0.011,0.8479,88.89,-45.01,90.65,-46.76,-32,57,-18,-35,1459.1,2187.02,113.36,0.01431,-0.00144,1.34462,2431.8,699.2,5.78,-92.38,-2.71,2.1,,
188.047,ruido,geofence,0.2384,-0.0108,0.8589,86.92,-48.77,88.65,-50.5,97,14,25,-30,1461.08,2187.07,113.37,0.01812,-0.00453,1.30123,2433.0,700.0,8.24,-89.92,-2.85,1.99,,
188.086,ruido,geofence,0.2019,-0.0106,0.8685,84.78,-52.48,86.48,-54.18,83,-42,123,-52,1460.95,2184.03,113.41,0.0224,-0.00589,1.28375,2420.3,692.5,10.67,-87.49,-2.91,1.93,,
188.146,ruido,geofence,0.1706,-0.0105,0.8754,82.84,-55.55,84.51,-57.22,87,-59,105,-59,1458.71,2171.52,113.04,0.02016,-0.00114,1.26094,2399.8,683.2,12.64,-85.52,-2.99,1.74,,
188.187,ruido,ruido,-0.1985,-0.2516,-0.5443,-58.51,68.82,-60.33,-13.5,73,-60,55,-53,1455.07,2156.42,112.45,0.01642,0.00329,1.24911,2399.8,683.2,13.98,-84.18,-3.0,1.62,,
188.227,ruido,ruido,-0.1353,-0.1968,-0.5449,-46.03,72.63,-62.79,-7.09,58,-46,50,-52,1451.09,2146.1,113.19,0.01096,-0.00565,1.24784,2355.1,669.2,14.64,-83.52,-3.03,1.48,,
188.287,ruido,ruido,-0.1307,-0.0908,-0.522,-42.3,55.75,-62.13,6.86,-23,37,8,-29,1446.67,2131.65,113.12,0.01972,-0.00423,1.23353,2339.6,666.2,14.85,-83.31,-3.05,1.44,,
188.346,ruido,ruido,-0.0408,-0.0325,-0.5701,-29.47,66.95,-68.28,17.75,-43,91,-86,-31,1447.9,2126.27,113.19,0.02375,-0.00353,1.21135,2341.2,670.0,15.45,-82.71,-3.16,1.37,,
188.386,ruido,ruido,-0.062,-0.1047,-0.4753,-30.04,62.76,-55.92,3.37,-49,45,-76,-7,1453.21,2128.89,112.94,0.01964,-0.00346,1.18839,2341.2,670.0,16.52,-81.64,-3.14,1.26,,
188.427,ruido,ruido,-0.1154,-0.0993,-0.4198,-32.76,50.3,-52.88,-1.59,-61,69,-101,6,1457.7,2132.55,112.91,0.02088,-0.00282,1.18111,2368.5,684.5,17.87,-80.29,-3.17,1.22,,
188.486,ruido,ruido,-0.133,-0.0994,-0.2651,-21.46,36.85,-42.22,-15.71,-52,64,-47,15,1467.43,2141.64,112.99,0.02006,-0.00066,1.17115,2385.8,691.9,18.78,-79.38,-3.21,1.21,,
188.546,ruido,ruido,-0.2053,-0.0942,-0.2029,-24.72,22.82,-40.6,-23.2,-51,41,-60,27,1478.8,2152.75,113.22,0.01926,-0.00032,1.17413,2400.7,698.2,19.42,-78.74,-3.2,1.22,,
188.587,ruido,geofence,0.0678,-0.0098,0.89,75.84,-64.99,77.41,-66.57,-51,41,-60,27,1484.92,2158.36,113.12,0.01827,-0.00064,1.16868,2400.7,698.2,19.55,-78.61,-3.17,1.29,,
188.627,ruido,geofence,0.0701,-0.0098,0.8898,76.01,-64.79,77.58,-66.36,19,18,-14,-50,1488.87,2161.45,113.09,0.01774,0.00103,1.15889,2412.8,703.1,19.43,-78.73,-3.22,1.34,,
188.686,ruido,geofence,0.0707,-0.0098,0.8898,76.05,-64.74,77.63,-66.31,19,18,-14,-50,1494.22,2161.85,112.79,0.01696,0.00246,1.12851,2419.1,706.6,20.2,-77.96,-3.29,1.33,,
188.746,ruido,geofence,0.036,-0.0096,0.8921,73.48,-67.72,75.02,-69.26,80,-80,83,-91,1495.38,2150.18,113.61,0.02186,-0.00882,1.08222,2398.8,699.9,21.69,-76.47,-3.3,1.32,,
188.806,ruido,ruido,-0.1537,-0.0809,-0.1069,-15.5,14.55,-26.19,-22.04,70,-74,87,-75,1492.8,2133.44,111.43,0.02856,0.01942,1.06822,2375.5,691.8,23.23,-74.93,-3.26,1.11,,
188.827,ruido,ruido,-0.2062,-0.0803,-0.0779,-24.02,1.29,-21.45,-21.82,77,-63,46,-88,1490.93,2127.04,111.28,0.02949,0.02007,1.06946,2375.5,691.8,24.63,-73.53,-3.26,0.97,,
188.887,ruido,ruido,-0.1699,-0.0862,-0.1381,-28.27,7.63,-21.01,-12.7,77,-63,46,-88,1486.68,2109.4,111.46,0.03181,0.01611,1.05403,2351.5,684.6,25.54,-72.62,-3.24,0.84,,
188.927,ruido,ruido,-0.1979,-0.0431,-0.1678,-37.52,-3.77,-21.0,-1.04,26,-52,35,-63,1486.85,2104.22,111.13,0.03025,0.01928,1.05245,2331.0,679.9,26.52,-71.64,-3.3,0.67,,
189.006,ruido,ruido,-0.1516,-0.0559,-0.1282,-35.23,-5.78,-9.53,2.04,-36,-13,-34,-26,1496.9,2096.56,111.35,0.02896,0.01756,1.04128,2320.0,679.6,26.89,-71.27,-3.27,0.65,,
189.026,ruido,ruido,-0.1567,-0.1172,-0.1589,-44.96,-0.78,-5.54,1.13,-36,-13,-34,-26,1500.48,2096.16,111.16,0.03109,0.02098,1.04826,2319.0,685.0,26.91,-71.25,-3.25,0.71,,
189.087,ruido,ruido,-0.2242,-0.1847,-0.132,-53.25,-2.58,-3.74,-12.17,-50,-22,-42,-17,1512.08,2093.74,111.32,0.02995,0.01958,1.04138,2322.0,694.4,26.82,-71.34,-3.26,0.74,,
189.127,ruido,ruido,-0.3261,-0.1823,-0.143,-61.04,-9.0,-14.0,-20.29,-68,-15,-54,-27,1517.39,2093.06,111.45,0.03026,0.01905,1.03548,2324.4,705.1,27.21,-70.95,-3.23,0.72,,
189.207,ruido,ruido,-0.2492,-0.1731,-0.1429,-60.82,-10.27,-1.91,-6.73,-47,5,-13,-25,1529.49,2090.55,113.9,0.02563,-0.01262,0.98698,2325.7,715.8,28.46,-69.7,-3.26,0.69,,
189.247,ruido,ruido,-0.2067,-0.1577,-0.1814,-65.55,-11.3,3.46,7.26,-47,5,-13,-25,1536.27,2089.24,114.12,0.02728,-0.01475,0.96802,2325.2,724.0,29.88,-68.28,-3.24,0.6,,
189.286,ruido,ruido,-0.1201,-0.1813,-0.1764,-65.88,-8.64,18.43,17.64,-54,2,-16,-27,1541.52,2088.36,114.12,0.02704,-0.01395,0.95264,2324.5,731.2,30.94,-67.22,-3.22,0.52,,
189.326,ruido,ruido,-0.041,-0.1003,-0.172,-49.26,-5.68,15.17,26.65,-56,0,-20,-29,1545.49,2087.79,114.23,0.02831,-0.01328,0.93745,2324.6,738.3,32.21,-65.95,-3.21,0.44,,
189.406,ruido,ruido,-0.0427,-0.0078,-0.1888,-42.71,-11.27,5.67,34.63,-50,15,-12,-18,1555.93,2089.46,114.31,0.0234,-0.01714,0.8937,2325.1,745.2,33.78,-64.38,-3.17,0.37,,
189.447,ruido,ruido,-0.0678,0.018,-0.1754,-30.61,-5.43,-8.3,22.65,-64,23,-3,18,1560.38,2091.56,114.35,0.02501,-0.01775,0.86929,2326.3,751.5,35.57,-62.59,-3.16,0.27,,
189.486,ruido,ruido,-0.0807,-0.0328,-0.2473,-39.16,5.66,-13.33,21.0,-47,26,-13,52,1563.18,2092.97,114.47,0.02474,-0.01993,0.86148,2330.1,755.8,36.65,-61.51,-3.21,0.18,,
189.527,ruido,ruido,-0.093,-0.1366,-0.2511,-42.0,20.03,-13.05,5.26,-32,21,-23,22,1566.79,2095.48,114.45,0.02372,-0.01884,0.86022,2337.5,758.3,36.91,-61.25,-3.23,0.24,,
189.586,ruido,ruido,-0.1157,-0.1327,-0.3531,-54.42,23.32,-20.6,14.67,-26,16,-24,22,1572.83,2100.92,114.47,0.02129,-0.01748,0.85721,2346.1,761.6,36.87,-61.29,-3.24,0.27,,
189.646,ruido,ruido,-0.0648,-0.085,-0.3142,-47.39,16.47,-13.24,23.43,-38,24,-19,-11,1578.56,2105.41,114.59,0.02128,-0.02006,0.81772,2353.1,765.0,37.77,-60.39,-3.25,0.26,,
189.686,ruido,ruido,-0.1236,0.0135,-0.3344,-50.7,0.65,-22.58,33.09,-43,35,3,-16,1581.91,2107.13,114.57,0.02162,-0.01868,0.79607,2358.2,768.4,39.88,-58.28,-3.25,0.13,,
189.747,ruido,ruido,-0.0961,-0.0293,-0.3153,-56.68,-1.54,-9.15,36.61,-63,37,-7,-11,1589.36,2108.89,114.55,0.01527,-0.01663,0.76664,2360.4,772.5,41.34,-56.82,-3.19,0.04,,
189.786,ruido,ruido,-0.1475,-0.1097,-0.4164,-70.48,13.69,-19.74,29.33,-48,11,-26,38,1596.31,2111.73,114.65,0.01489,-0.01731,0.76295,2363.0,778.2,41.72,-56.44,-3.17,-0.0,,
189.846,ruido,ruido,-0.167,-0.1632,-0.5089,-78.94,28.6,-29.2,26.11,-48,26,-30,51,1604.84,2116.89,114.58,0.01398,-0.01575,0.75602,2367.8,784.5,41.96,-56.2,-3.18,0.02,,
189.887,ruido,geofence,-0.2438,-0.0071,0.861,48.8,-87.82,49.95,-88.96,-77,37,-26,23,1608.97,2119.97,114.59,0.01534,-0.016,0.7502,2375.3,791.1,42.51,-55.65,-3.17,0.04,,
189.927,ruido,geofence,-0.2505,-0.0071,0.8591,48.13,-88.21,49.26,-89.34,-83,40,-21,28,1615.73,2124.74,114.53,0.01266,-0.01345,0.73929,2383.1,798.5,43.14,-55.02,-3.15,0.03,,
189.986,ruido,geofence,-0.2582,-0.007,0.8569,47.34,-88.65,48.46,-89.77,-26,-80,38,-2,1619.19,2125.58,114.54,0.01766,-0.01554,0.73067,2390.4,806.4,43.8,-54.36,-3.21,0.02,,
190.027,ruido,geofence,-0.2669,-0.0069,0.8543,46.44,-89.15,47.54,-90.25,11,-115,76,-26,1618.5,2123.28,114.54,0.0186,-0.01549,0.72785,2390.2,809.7,44.16,-54.0,-3.19,-0.01,,
190.086,ruido,geofence,-0.2724,-0.0068,0.8526,45.87,-89.45,46.96,-90.55,60,-93,33,-96,1612.75,2113.34,114.55,0.01743,-0.01603,0.71865,2378.3,805.3,44.55,-53.61,-3.2,-0.1,,
190.147,ruido,ruido,-0.2512,-0.2143,-0.531,-84.73,34.51,-40.43,10.25,47,-104,46,-90,1601.77,2097.17,114.42,0.01621,-0.01498,0.70964,2359.0,798.0,45.04,-53.12,-3.15,-0.2,,
190.186,ruido,ruido,-0.2815,-0.2419,-0.4498,-86.36,24.32,-30.67,2.61,52,-90,49,-91,1590.49,2080.61,114.44,0.01709,-0.01638,0.70227,2336.2,789.6,45.29,-52.87,-3.14,-0.27,,
190.227,ruido,ruido,-0.2068,-0.1842,-0.3539,-71.49,14.62,-18.23,8.92,48,-70,42,-66,1585.88,2071.93,114.38,0.01811,-0.01865,0.69361,2312.8,780.1,45.85,-52.31,-3.22,-0.5,,
190.286,ruido,ruido,-0.2027,-0.1505,-0.2682,-63.38,3.62,-11.96,6.87,-103,14,-20,-40,1584.12,2059.48,114.39,0.02142,-0.02006,0.67245,2292.7,773.6,45.85,-52.31,-3.22,-0.5,,
190.346,ruido,ruido,-0.284,-0.1696,-0.2726,-69.29,1.47,-19.76,-3.28,-94,21,-30,-18,1592.49,2051.56,114.38,0.01658,-0.01796,0.65116,2284.3,779.3,47.97,-50.19,-3.1,-0.55,,
190.386,ruido,ruido,-0.1815,-0.2225,-0.3255,-72.22,15.46,-8.9,7.58,-54,-18,-37,-20,1597.99,2048.55,114.43,0.01745,-0.01756,0.64836,2285.5,792.1,48.6,-49.56,-3.1,-0.53,,
190.426,ruido,ruido,-0.2278,-0.2497,-0.2979,-81.52,6.11,-2.59,5.12,-69,-15,-58,-22,1606.32,2044.54,114.43,0.01784,-0.01692,0.64026,2287.6,804.7,49.07,-49.09,-3.06,-0.48,,
190.486,ruido,ruido,-0.1777,-0.2127,-0.3007,-66.35,15.8,-10.19,3.88,-82,1,-40,-34,1621.73,2039.88,114.6,0.01732,-0.0153,0.60119,2288.0,817.4,49.07,-49.09,-3.06,-0.48,,
190.546,ruido,ruido,-0.176,-0.2977,-0.2421,-69.37,17.0,2.47,-6.41,-109,22,-21,-42,1633.67,2036.73,114.79,0.01958,-0.01795,0.56033,2286.8,829.5,52.54,-45.62,-2.93,-0.59,,
190.586,ruido,ruido,-0.1519,-0.2768,-0.1555,-59.74,9.43,10.55,-8.85,-75,23,-25,-29,1638.92,2035.28,114.84,0.01917,-0.01888,0.54063,2284.7,849.3,54.37,-43.79,-2.89,-0.65,,
190.626,ruido,ruido,-0.1072,-0.1761,-0.1953,-51.61,7.81,3.21,6.29,-70,21,-21,-26,1646.61,2032.81,114.87,0.01774,-0.01958,0.51202,2284.0,856.8,54.37,-43.79,-2.89,-0.65,,
190.686,ruido,ruido,-0.1154,-0.1031,-0.0954,-37.95,-6.19,4.22,2.99,-59,16,-20,-32,1654.72,2030.17,114.84,0.01812,-0.01964,0.47902,2283.0,863.6,56.01,-42.15,-2.88,-0.75,,
190.726,ruido,ruido,-0.2266,-0.1454,-0.1682,-52.07,-1.9,-11.1,-7.45,-60,17,-11,-26,1658.42,2028.95,114.84,0.01559,-0.01904,0.46244,2282.0,869.8,57.64,-40.52,-2.87,-0.81,,
190.807,ruido,ruido,-0.1995,-0.1225,-0.2977,-56.55,10.67,-23.0,5.04,-32,10,-15,-15,1666.44,2025.35,114.81,0.01502,-0.01761,0.43303,2281.2,875.0,59.25,-38.91,-2.86,-0.88,,
190.846,ruido,ruido,-0.2433,-0.0522,-0.3478,-59.0,5.0,-35.56,11.73,-42,11,-15,-14,1668.85,2023.56,114.78,0.01519,-0.01823,0.42364,2280.1,879.3,60.33,-37.83,-2.85,-0.92,,
190.886,ruido,ruido,-0.2467,-0.2121,-0.3517,-70.75,19.47,-25.0,-2.67,-34,0,-20,-21,1673.32,2019.47,114.91,0.01452,-0.01964,0.40707,2277.8,883.8,61.28,-36.88,-2.83,-0.98,,
190.926,ruido,ruido,-0.2762,-0.192,-0.2456,-57.48,12.53,-26.01,-17.43,-59,-4,-25,-27,1677.14,2016.99,114.87,0.01532,-0.01856,0.40166,2274.8,889.9,62.14,-36.02,-2.83,-1.03,,
190.986,ruido,ruido,-0.3095,-0.2182,-0.216,-61.75,7.73,-22.33,-22.68,-81,12,-27,-23,1686.69,2010.84,114.89,0.011,-0.01713,0.36891,2274.8,889.9,62.96,-35.2,-2.84,-1.05,,
191.046,ruido,ruido,-0.227,-0.2561,-0.1549,-52.12,13.63,-8.97,-25.17,-64,22,-36,-27,1699.95,2004.34,114.97,0.0157,-0.01899,0.3326,2266.4,908.0,64.33,-33.83,-2.83,-1.09,,
191.086,ruido,ruido,-0.2391,-0.1708,-0.1727,-50.48,4.49,-15.41,-15.1,-59,14,-30,-18,1707.22,2000.88,115.04,0.01271,-0.01855,0.31478,2266.4,908.0,66.23,-31.93,-2.76,-1.17,,
191.146,ruido,ruido,-0.4011,-0.1745,-0.1587,-63.27,-9.96,-26.29,-28.83,-73,19,-31,-23,1714.6,1997.72,115.07,0.01112,-0.01753,0.29578,2261.8,927.8,68.99,-29.17,-2.74,-1.25,,
191.186,ruido,ruido,-0.4038,-0.1359,-0.2112,-65.3,-9.77,-33.09,-21.04,-52,12,-17,-12,1719.03,1996.13,114.72,0.01637,-0.01827,0.28018,2261.8,927.8,68.99,-29.17,-2.74,-1.25,,
191.246,ruido,ruido,-0.3843,-0.2044,-0.1846,-72.11,-9.87,-18.92,-22.08,-37,15,-8,-8,1724.91,1992.64,114.7,0.01676,-0.019,0.25675,2259.7,939.6,70.09,-28.07,-2.73,-1.27,,
191.287,ruido,ruido,-0.4988,-0.2227,-0.1821,-84.91,-20.15,-24.02,-30.53,-49,16,-12,-23,1728.72,1989.61,114.59,0.01546,-0.01893,0.23737,2257.9,943.8,71.03,-27.13,-2.7,-1.35,,
191.326,ruido,ruido,-0.6359,-0.2137,-0.1874,-94.04,-29.86,-37.7,-41.89,-87,13,-14,-36,1732.02,1986.72,114.6,0.0153,-0.01981,0.21857,2257.9,943.8,72.04,-26.12,-2.68,-1.44,,
191.386,ruido,ruido,-0.6972,-0.1249,-0.1747,-89.2,-41.27,-50.3,-42.32,-87,13,-14,-36,1739.56,1978.24,114.65,0.01248,-0.01892,0.18258,2254.0,949.2,73.68,-24.48,-2.69,-1.53,,
191.446,ruido,ruido,-0.8041,-0.1601,-0.1643,-101.94,-50.05,-53.0,-52.33,-88,-58,-46,-46,1749.09,1962.13,114.61,0.01177,-0.02047,0.1608,2238.3,966.1,75.48,-22.68,-2.68,-1.6,,
191.486,ruido,ruido,-0.8463,-0.2226,-0.0638,-105.73,-59.9,-39.89,-65.3,-101,-50,-95,-36,1752.94,1953.17,114.7,0.01033,-0.01855,0.15872,2238.3,966.1,76.77,-21.39,-2.71,-1.62,,
191.526,ruido,ruido,-0.8003,-0.1651,-0.1595,-105.97,-54.03,-47.61,-48.5,-117,-63,-78,-73,1758.19,1939.73,114.7,0.01012,-0.01888,0.15331,2224.9,977.0,77.26,-20.9,-2.69,-1.71,,
191.607,ruido,ruido,-0.6928,-0.1997,-0.1856,-102.49,-40.83,-38.06,-40.3,-118,-41,-54,-64,1766.9,1910.19,114.67,0.01146,-0.02138,0.11613,2190.7,998.7,77.53,-20.63,-2.68,-1.68,,
191.647,ruido,ruido,-0.699,-0.2079,-0.2593,-111.73,-36.98,-41.6,-33.36,-135,-53,-71,-67,1771.62,1892.1,114.63,0.01043,-0.02259,0.0892,2190.7,998.7,78.54,-19.62,-2.66,-1.68,,
191.688,ruido,ruido,-0.6184,-0.177,-0.1881,-103.08,-44.66,-25.96,-24.17,-135,-53,-71,-67,1775.29,1878.9,114.7,0.01069,-0.02341,0.06884,2171.0,1006.7,80.13,-18.03,-2.57,-1.94,,
191.727,ruido,ruido,-0.6518,-0.2501,-0.1643,-108.45,-42.15,-22.13,-35.85,-82,-33,-27,-15,1777.95,1870.02,114.75,0.01057,-0.02322,0.05423,2153.4,1015.1,81.59,-16.57,-2.47,-2.14,,
191.788,ruido,ruido,-0.5723,-0.216,-0.2346,-99.29,-27.2,-29.81,-26.84,-112,-42,-8,-37,1783.08,1854.3,114.72,0.00874,-0.02333,0.02545,2139.5,1023.4,84.41,-13.75,-2.37,-2.24,,
191.847,ruido,ruido,-0.6001,-0.19,-0.192,-92.15,-31.03,-34.59,-34.27,-120,-40,-25,-37,1788.64,1838.31,115.01,0.00639,-0.02338,-0.00076,2119.7,1037.3,85.66,-12.5,-2.36,-2.34,,
191.889,ruido,ruido,-0.5918,-0.2405,-0.2467,-101.25,-23.29,-32.9,-31.92,-120,-40,-25,-37,1790.92,1831.08,114.47,0.01022,-0.02177,-0.01349,2119.7,1037.3,86.73,-11.43,-2.28,-2.48,,
191.928,ruido,ruido,-0.6673,-0.2081,-0.2308,-108.38,-38.17,-35.31,-31.68,-99,-30,-32,-35,1792.93,1825.34,115.0,0.00517,-0.02283,-0.01857,2109.6,1043.7,87.48,-10.68,-2.29,-2.5,,
191.987,ruido,ruido,-0.6927,-0.2848,-0.2393,-113.03,-29.16,-36.1,-43.38,-113,-35,-20,-30,1796.54,1814.45,114.93,0.00367,-0.02074,-0.03244,2099.7,1049.8,88.03,-10.13,-2.29,-2.51,,
192.048,ruido,ruido,-0.5393,-0.2976,-0.2445,-104.17,-17.43,-21.23,-29.74,-75,-20,-31,-27,1798.64,1804.81,114.94,0.00401,-0.02278,-0.03914,2090.3,1055.9,88.49,-9.67,-2.28,-2.53,,
192.088,ruido,ruido,-0.5462,-0.2281,-0.3299,-105.02,-15.74,-35.15,-18.87,-133,-17,-24,-38,1799.32,1799.6,114.93,0.00413,-0.02193,-0.0442,2080.7,1062.4,88.86,-9.3,-2.3,-2.59,,
192.127,ruido,ruido,-0.5061,-0.2437,-0.4019,-106.44,-3.15,-38.83,-13.52,-133,-17,-24,-38,1800.41,1792.36,115.06,0.00308,-0.02223,-0.05765,2069.0,1069.3,89.59,-8.57,-2.23,-2.59,,
192.187,ruido,ruido,-0.4286,-0.2377,-0.3427,-92.96,-0.1,-30.44,-13.63,-114,-13,-26,-41,1803.6,1779.87,114.87,-0.00175,-0.02314,-0.08795,2056.1,1076.2,90.38,-7.78,-2.18,-2.64,,
192.247,ruido,ruido,-0.4176,-0.363,-0.3136,-99.6,8.66,-17.39,-25.31,-119,3,-22,-23,1808.38,1770.57,114.83,-0.00344,-0.02218,-0.11751,2033.8,1091.8,91.49,-6.67,-2.11,-2.71,,
192.287,ruido,ruido,-0.43,-0.4472,-0.2543,-104.06,8.17,-5.42,-36.29,-100,18,-25,-9,1811.49,1766.38,114.88,-0.00286,-0.02255,-0.13183,2033.8,1091.8,92.92,-5.24,-2.05,-2.72,,
192.347,ruido,ruido,-0.5047,-0.4755,-0.2192,-106.79,4.38,-9.05,-50.05,-100,18,-25,-9,1818.96,1758.59,114.93,-0.00407,-0.02127,-0.17006,2025.2,1101.0,94.59,-3.57,-1.98,-2.76,,
192.387,ruido,ruido,-0.524,-0.4239,-0.2678,-113.47,-2.8,-13.21,-38.19,-113,27,-13,-24,1824.82,1751.37,114.96,-0.00311,-0.02113,-0.20414,2018.6,1110.5,96.57,-1.59,-1.9,-2.81,,
192.427,ruido,ruido,-0.4507,-0.4406,-0.3043,-120.0,-0.81,-0.81,-22.61,-91,20,-25,-27,1828.11,1746.46,114.92,-0.00406,-0.01986,-0.22999,2011.9,1119.5,98.76,0.6,-1.78,-2.92,,
192.488,ruido,ruido,-0.3935,-0.4429,-0.3484,-120.0,6.61,1.3,-13.83,-138,21,-15,-46,1833.63,1735.48,115.05,-0.00535,-0.01672,-0.28999,2003.6,1127.4,101.61,3.45,-1.69,-3.08,,
192.548,ruido,ruido,-0.4176,-0.467,-0.2429,-120.0,-6.42,14.33,-21.54,-138,21,-15,-46,1838.88,1723.07,115.03,-0.00457,-0.00883,-0.34515,1994.0,1133.8,104.4,6.24,-1.54,-3.11,,
192.587,ruido,ruido,-0.4062,-0.4183,-0.3225,-120.0,-1.48,3.41,-11.92,-158,23,-21,-36,1843.79,1713.5,115.05,-0.00464,-0.00764,-0.38498,1983.3,1140.5,106.9,8.74,-1.41,-3.18,,
192.648,ruido,ruido,-0.3598,-0.3349,-0.2784,-114.12,-16.0,12.02,2.97,-112,31,-18,-42,1850.42,1702.84,114.77,-0.00642,-0.01899,-0.4428,1963.1,1156.0,109.38,11.22,-1.31,-3.26,,
192.688,ruido,ruido,-0.3139,-0.3618,-0.1749,-97.09,-11.22,18.88,-11.02,-107,28,-15,-42,1852.74,1696.75,114.8,-0.00683,-0.01911,-0.4728,1963.1,1156.0,112.18,14.02,-1.15,-3.29,,
192.727,ruido,ruido,-0.249,-0.4336,-0.1733,-101.41,-4.31,33.83,-7.81,-107,28,-15,-42,1856.32,1686.16,114.9,-0.00616,-0.01895,-0.51431,1953.7,1161.9,114.78,16.62,-0.96,-3.37,,
192.788,ruido,ruido,-0.242,-0.4553,-0.1873,-94.09,8.71,25.41,-17.47,-128,19,-18,-20,1860.28,1674.11,114.92,-0.00552,-0.01717,-0.57013,1942.3,1167.0,117.16,19.0,-0.79,-3.38,,
192.848,ruido,ruido,-0.175,-0.4331,-0.1449,-79.21,13.28,28.02,-18.09,-117,41,21,-41,1863.84,1663.11,114.86,-0.00824,-0.01823,-0.64184,1924.1,1175.2,120.35,22.19,-0.55,-3.41,,
192.887,ruido,ruido,-0.1879,-0.5382,-0.1127,-86.43,17.71,38.35,-29.74,-67,-1,24,-15,1865.76,1658.68,114.95,-0.00696,-0.01771,-0.67398,1924.1,1175.2,123.85,25.69,-0.34,-3.52,,
192.947,ruido,ruido,-0.1376,-0.5076,-0.129,-78.83,23.02,36.18,-24.41,-67,-1,24,-15,1870.04,1650.78,115.39,-0.00746,-0.02289,-0.73897,1918.2,1176.8,127.01,28.85,-0.12,-3.6,,
192.988,ruido,ruido,-0.1185,-0.4419,-0.1833,-72.09,27.94,23.8,-17.57,-80,8,34,-14,1874.21,1646.22,115.44,-0.00656,-0.0137,-0.78805,1914.1,1178.1,129.89,31.73,0.08,-3.61,,
193.027,ruido,ruido,-0.019,-0.4092,-0.1528,-56.53,33.4,29.03,-11.98,-69,38,25,-23,1876.86,1643.43,115.3,-0.00921,-0.02089,-0.82312,1911.3,1179.1,132.86,34.7,0.25,-3.6,,
193.088,ruido,ruido,-0.0066,-0.3593,-0.1552,-43.97,38.35,18.08,-14.58,-62,33,34,-35,1881.88,1638.9,115.22,-0.00782,-0.01835,-0.88614,1908.7,1180.3,135.87,37.71,0.42,-3.61,,
193.148,ruido,ruido,-0.0276,-0.3757,-0.2473,-51.32,48.36,7.34,-13.21,-45,27,36,-27,1885.66,1634.42,115.35,-0.00881,-0.01664,-0.95309,1905.9,1182.2,139.26,41.1,0.62,-3.59,,
193.187,ruido,ruido,-0.0169,-0.4262,-0.131,-46.18,42.96,22.52,-24.71,-45,27,36,-27,1887.74,1630.83,115.08,-0.0102,-0.01157,-0.99166,1903.7,1182.9,142.0,43.84,0.8,-3.56,,
193.248,ruido,ruido,0.0278,-0.4546,-0.2587,-57.98,56.14,21.05,-10.29,-48,40,12,-14,1889.47,1625.84,115.06,-0.01197,-0.01265,-1.02844,1901.6,1183.0,143.83,45.67,0.85,-3.56,,
193.287,ruido,ruido,0.0527,-0.4498,-0.2036,-59.07,45.48,34.92,-4.47,-38,33,9,-16,1890.08,1623.19,115.01,-0.01162,-0.01078,-1.05137,1897.9,1184.7,145.72,47.56,1.01,-3.51,,
193.347,ruido,ruido,0.0418,-0.448,-0.1248,-61.22,30.44,47.94,-3.77,-55,48,11,-24,1893.2,1615.76,115.25,-0.01189,-0.01562,-1.12779,1893.9,1186.5,148.37,50.21,1.15,-3.48,,
193.387,ruido,ruido,-0.0616,-0.3861,-0.1737,-73.64,15.91,36.0,2.02,-73,64,29,-23,1894.52,1612.62,115.38,-0.00978,-0.01294,-1.15515,1889.9,1187.4,151.63,53.47,1.37,-3.46,,
193.427,ruido,ruido,-0.0513,-0.3271,-0.2535,-75.79,17.1,27.02,15.25,-65,55,32,-21,1897.05,1609.01,115.55,-0.00565,-0.00878,-1.19635,1885.9,1189.2,154.8,56.64,1.54,-3.39,,
193.487,ruido,ruido,-0.0365,-0.4267,-0.2447,-79.6,27.82,34.61,5.49,-59,33,54,-27,1900.99,1603.79,115.27,-0.00934,-0.00735,-1.27959,1882.8,1192.4,158.26,60.1,1.76,-3.32,,
193.547,ruido,ruido,-0.1183,-0.3648,-0.2207,-78.1,15.57,23.86,0.8,-71,3,54,-18,1902.53,1598.97,115.71,-0.00042,-0.00179,-1.34084,1881.8,1193.7,161.55,63.39,1.93,-3.21,,
193.587,ruido,ruido,-0.1638,-0.4029,-0.2882,-83.37,27.21,11.04,-7.31,-70,27,19,-32,1902.87,1596.15,115.72,-0.00107,-0.00182,-1.37067,1881.3,1192.6,164.46,66.3,2.08,-3.08,,
193.627,ruido,ruido,-0.253,-0.4083,-0.3351,-92.29,26.65,-1.8,-13.51,-77,23,19,-28,1903.47,1589.94,115.68,-0.00368,-0.00243,-1.43612,1872.2,1188.8,164.46,66.3,2.08,-3.08,,
193.687,ruido,ruido,-0.1708,-0.4267,-0.3525,-93.47,31.19,9.75,-2.12,-87,21,26,-33,1902.25,1582.21,116.02,-0.00491,-0.00607,-1.50873,1867.7,1185.3,167.61,69.45,2.26,-2.99,,
193.727,ruido,ruido,-0.1616,-0.4239,-0.2795,-92.37,20.17,21.79,-1.32,-72,36,9,-24,1900.73,1578.75,115.57,-0.00559,-0.00211,-1.53074,1861.2,1181.7,171.11,72.95,2.46,-2.89,,
193.787,ruido,ruido,-0.1374,-0.5618,-0.2877,-100.86,35.06,32.84,-11.02,-96,24,-3,-18,1895.45,1570.32,116.05,-0.0043,-0.006,-1.58033,1852.4,1177.2,176.12,77.96,2.75,-2.69,,
193.848,ruido,ruido,-0.137,-0.5233,-0.2701,-93.72,33.22,28.59,-11.93,-90,23,-5,-42,1889.28,1563.43,115.4,-0.00891,-0.00099,-1.63195,1844.2,1170.8,176.12,77.96,2.75,-2.69,,
193.887,ruido,ruido,-0.2154,-0.4928,-0.2848,-99.92,24.49,19.88,-13.39,-103,29,17,-22,1884.71,1556.88,115.62,-0.00816,-0.00285,-1.69049,1837.4,1164.4,178.62,80.46,2.87,-2.58,,
193.927,ruido,ruido,-0.194,-0.496,-0.3687,-110.54,27.81,20.51,0.15,-96,47,28,-42,1881.67,1553.04,115.85,-0.00649,-0.00153,-1.73114,1832.4,1159.7,-178.49,83.35,3.0,-2.46,,
193.988,ruido,ruido,-0.2528,-0.3699,-0.4201,-113.24,13.16,5.57,13.61,-104,17,18,-30,1877.19,1544.89,116.13,-0.00835,-0.00526,-1.82093,1828.8,1154.3,-174.83,87.01,3.15,-2.28,,
194.047,ruido,ruido,-0.2438,-0.3316,-0.4868,-113.38,17.56,-3.52,21.32,-100,22,25,-25,1871.49,1535.72,116.01,-0.00686,-0.00376,-1.92125,1825.1,1148.5,-166.55,95.29,3.39,-1.89,,
194.088,ruido,ruido,-0.2293,-0.4575,-0.463,-120.0,27.28,9.24,10.12,-94,13,25,4,1868.82,1531.82,115.94,-0.00639,-0.0029,-1.95588,1820.1,1142.5,-162.72,99.12,3.49,-1.68,,
194.128,ruido,ruido,-0.1731,-0.4225,-0.4053,-116.95,15.51,24.39,21.65,-113,20,-4,35,1864.43,1526.97,115.94,-0.00445,-0.00288,-1.98905,1811.8,1136.3,-162.72,99.12,3.49,-1.68,,
194.187,ruido,ruido,-0.147,-0.3189,-0.4055,-108.36,7.53,19.97,33.83,-112,24,-15,-25,1854.39,1518.21,116.87,-0.00491,-0.01224,-2.05442,1801.3,1128.4,-159.95,101.89,3.54,-1.54,,
194.247,ruido,ruido,-0.1911,-0.2625,-0.3932,-104.54,0.38,11.05,31.96,-155,20,-11,-18,1845.03,1512.35,116.64,-0.01043,-0.01056,-2.11395,1794.7,1117.8,-158.05,103.79,3.62,-1.39,,
194.288,ruido,ruido,-0.2166,-0.2492,-0.2955,-96.24,-9.09,14.3,21.7,-89,37,14,43,1841.1,1510.26,116.42,-0.00655,-0.00914,-2.13474,1788.1,1109.0,-155.64,106.2,3.72,-1.25,,
194.328,ruido,ruido,-0.2132,-0.3475,-0.3022,-109.11,-5.17,26.65,19.4,-76,32,-19,68,1833.31,1505.95,116.54,-0.00481,-0.01054,-2.16846,1778.4,1102.5,-152.85,108.99,3.78,-1.1,,
194.387,ruido,ruido,-0.1662,-0.3717,-0.347,-110.3,4.69,28.2,24.23,-111,34,-10,1,1824.35,1501.0,116.54,-0.005,-0.01081,-2.20459,1778.4,1102.5,-150.52,111.32,3.85,-0.95,,
194.429,ruido,ruido,-0.1501,-0.3494,-0.373,-112.3,3.28,28.61,32.4,-128,17,14,14,1820.35,1498.33,116.49,-0.00448,-0.01098,-2.225,1759.6,1087.6,-148.8,113.04,3.89,-0.79,,
194.487,ruido,ruido,-0.1903,-0.4478,-0.3584,-120.0,9.0,32.2,17.89,-84,32,21,21,1813.72,1492.25,116.49,-0.00453,-0.01116,-2.26969,1751.8,1081.8,-146.95,114.89,3.91,-0.69,,
194.548,ruido,ruido,-0.0999,-0.4679,-0.4134,-120.0,20.99,37.88,29.16,-77,42,27,30,1808.73,1485.49,116.45,0.00076,-0.01162,-2.31419,1744.1,1077.2,-144.85,116.99,3.93,-0.58,,
194.588,ruido,ruido,-0.1474,-0.4973,-0.4252,-120.0,27.6,28.38,16.86,-143,25,35,22,1805.83,1479.34,116.35,-0.00114,-0.01189,-2.35363,1736.2,1072.4,-142.74,119.1,3.93,-0.46,,
194.627,ruido,ruido,-0.1813,-0.4802,-0.421,-120.0,24.2,23.62,14.15,-130,16,57,35,1804.57,1475.54,116.4,-0.00259,-0.01164,-2.37938,1736.2,1072.4,-140.55,121.29,3.91,-0.25,,
194.687,ruido,ruido,-0.1686,-0.5414,-0.435,-120.0,36.22,23.42,6.4,-116,32,27,15,1802.78,1467.8,116.39,-0.00258,-0.01139,-2.42902,1724.1,1061.3,-138.17,123.67,3.93,-0.1,,
194.748,ruido,ruido,-0.157,-0.4634,-0.4535,-120.0,26.69,22.32,20.73,-108,31,26,16,1801.3,1460.48,116.37,-0.00467,-0.01091,-2.47725,1718.6,1054.6,-135.75,126.09,3.9,0.03,,
194.787,ruido,ruido,-0.0945,-0.5348,-0.4333,-120.0,34.91,35.54,19.31,-128,38,42,-18,1799.19,1455.81,116.26,-0.00801,-0.01047,-2.52423,1714.2,1047.3,-133.42,128.42,3.87,0.2,,
194.829,ruido,ruido,-0.2003,-0.49,-0.3937,-120.0,21.38,24.98,9.56,-141,22,24,-8,1797.43,1453.51,116.23,-0.00867,-0.01017,-2.54985,1712.9,1038.3,-130.94,130.9,3.86,0.34,,
194.887,ruido,ruido,-0.2989,-0.4546,-0.3868,-120.0,14.62,10.29,-0.56,-107,42,11,-19,1793.62,1449.79,116.26,-0.00831,-0.01002,-2.59561,1710.8,1028.3,-128.3,133.54,3.88,0.49,,
194.947,ruido,ruido,-0.3672,-0.4637,-0.3123,-120.0,4.17,11.29,-12.94,-133,12,32,-35,1788.3,1447.1,116.51,-0.00602,-0.01097,-2.6706,1709.8,1018.3,-126.14,135.7,3.86,0.65,,
194.987,ruido,ruido,-0.3521,-0.5518,-0.2378,-120.0,6.34,25.62,-24.63,-133,12,32,-35,1785.49,1446.47,116.6,-0.00497,-0.01258,-2.70075,1709.8,1018.3,-123.52,138.32,3.8,0.8,,
195.028,ruido,ruido,-0.3222,-0.5351,-0.1845,-120.0,-4.86,38.93,-17.16,-104,2,22,-23,1779.82,1445.97,116.6,-0.00493,-0.01285,-2.73932,1712.3,1009.0,-120.38,141.46,3.76,0.93,,
195.088,ruido,ruido,-0.3808,-0.5388,-0.2014,-120.0,-1.57,26.85,-27.14,-144,29,0,-17,1773.4,1447.0,115.99,-0.00992,-0.00857,-2.78738,1713.8,997.9,-117.93,143.91,3.69,1.06,,
195.128,ruido,ruido,-0.3372,-0.5324,-0.1453,-120.0,-11.56,42.8,-19.14,-127,38,7,-28,1770.12,1447.19,115.88,-0.01094,-0.00735,-2.81407,1714.6,986.0,-115.9,145.94,3.68,1.2,,
195.207,ruido,ruido,-0.2623,-0.5452,-0.1682,-120.0,-5.86,51.11,-9.21,-134,21,14,-16,1759.79,1446.88,115.66,-0.00747,-0.00409,-2.9072,1719.1,966.2,-113.4,148.44,3.62,1.33,,
195.248,ruido,ruido,-0.2846,-0.5225,-0.1903,-120.0,-5.94,44.01,-9.15,-147,26,49,-27,1756.52,1446.13,115.57,-0.00771,-0.00245,-2.9414,1719.1,966.2,-110.54,151.3,3.49,1.49,,
195.287,ruido,ruido,-0.3159,-0.4775,-0.1991,-120.0,-11.74,37.6,-6.94,-147,26,49,-27,1751.26,1444.67,115.51,-0.00702,-0.00139,-3.0051,1721.2,958.6,-107.38,154.46,3.42,1.66,,
195.327,ruido,ruido,-0.3709,-0.4068,-0.1226,-107.78,-23.08,28.83,-16.65,-101,21,42,-29,1748.05,1443.91,115.51,-0.00672,3e-05,-3.04854,1722.4,953.0,-104.07,157.77,3.3,1.84,,
195.387,ruido,ruido,-0.3273,-0.4093,-0.1861,-109.88,-14.63,27.75,-7.96,-101,21,42,-29,1741.2,1442.81,115.9,-0.00138,-0.00959,-3.1253,1724.2,948.4,-100.19,161.65,3.17,2.02,,
195.447,ruido,ruido,-0.3162,-0.3478,-0.1613,-105.32,-23.87,28.93,-0.92,-99,-16,17,-23,1734.82,1442.23,115.79,-0.00069,-0.00889,3.094,1727.0,942.7,-96.24,165.6,3.01,2.21,,
195.488,ruido,ruido,-0.3097,-0.2521,-0.1285,-89.49,-28.59,19.38,-0.4,-99,-16,17,-23,1730.19,1442.87,115.0,-0.00454,0.00377,3.04097,1730.5,936.2,-93.0,168.84,2.84,2.33,,
195.527,ruido,ruido,-0.236,-0.2604,-0.1412,-79.28,-15.03,18.94,-0.13,-116,-15,26,-26,1727.38,1444.17,115.1,0.00158,-0.0038,3.01521,1736.1,930.6,-90.15,171.69,2.69,2.45,,
195.588,ruido,ruido,-0.1998,-0.3028,-0.1398,-73.75,-2.93,19.42,-6.67,-63,-28,18,-26,1720.98,1445.79,116.22,-6e-05,-0.02099,2.94286,1744.2,926.5,-83.97,177.87,2.39,2.69,,
195.647,ruido,ruido,-0.2292,-0.3064,-0.1471,-68.52,4.04,8.31,-17.18,-93,-20,17,-34,1714.75,1450.03,115.72,-0.0022,-0.01229,2.87247,1761.3,923.6,-81.03,-179.19,2.23,2.79,,
195.688,ruido,ruido,-0.2194,-0.351,-0.1374,-69.92,8.22,12.84,-21.34,-93,-20,17,-34,1711.0,1452.44,115.35,-0.00205,-0.00304,2.83375,1761.3,923.6,-78.25,-176.41,2.09,2.87,,
195.727,ruido,ruido,-0.182,-0.3045,-0.2569,-71.14,18.69,0.91,-6.71,-70,31,12,-29,1708.56,1455.17,115.28,-0.00202,-0.00125,2.80847,1768.3,921.8,-75.7,-173.86,1.9,2.93,,
195.786,ruido,ruido,-0.1643,-0.3416,-0.3171,-76.66,28.74,-0.36,-4.29,-54,33,-8,-32,1703.42,1463.56,115.12,-8e-05,0.00689,2.75443,1773.4,918.6,-73.14,-171.3,1.75,2.98,,
195.848,ruido,ruido,-0.1103,-0.2886,-0.3573,-64.9,38.44,-9.91,1.08,-79,19,-22,-19,1700.27,1472.24,115.21,0.00115,0.01051,2.72275,1786.7,911.1,-71.27,-169.43,1.7,3.03,,
195.887,ruido,ruido,-0.1197,-0.2742,-0.3341,-51.82,45.51,-20.79,-11.21,-79,19,-22,-19,1699.14,1477.15,115.1,0.00073,0.01221,2.69997,1786.7,911.1,-69.58,-167.74,1.6,3.07,,
195.927,ruido,ruido,-0.0912,-0.2404,-0.3623,-54.45,41.97,-18.11,1.39,-90,19,-12,-25,1697.98,1483.89,114.57,-0.00498,0.0111,2.66172,1794.5,906.6,-67.51,-165.67,1.51,3.1,,
195.987,ruido,ruido,0.0114,-0.2444,-0.3167,-40.65,49.12,-8.19,3.37,-80,29,-23,-36,1693.04,1495.62,114.47,-0.00551,0.01603,2.61385,1803.1,902.6,-65.5,-163.66,1.39,3.13,,
196.047,ruido,ruido,-0.0495,-0.2843,-0.3346,-54.17,44.86,-7.29,0.75,-52,33,-15,-19,1687.91,1503.78,114.44,-0.00562,0.01256,2.57643,1817.8,892.6,-63.7,-161.86,1.34,3.16,,
196.088,ruido,ruido,-0.1461,-0.3173,-0.3721,-64.38,45.92,-18.53,-9.76,-53,49,-6,-14,1685.33,1506.69,114.39,-0.00522,0.01588,2.55624,1817.8,892.6,-61.85,-160.01,1.2,3.23,,
196.127,ruido,ruido,-0.2659,-0.2796,-0.3026,-62.87,30.29,-28.09,-24.41,-53,49,-6,-14,1680.63,1510.02,114.36,-0.0042,0.01788,2.51797,1822.6,887.8,-59.7,-157.86,1.07,3.25,,
196.187,ruido,ruido,-0.2825,-0.3007,-0.2405,-67.55,19.03,-16.12,-25.76,-49,50,11,-10,1674.7,1513.08,114.45,-0.00794,0.01818,2.47059,1825.0,883.6,-57.5,-155.66,0.92,3.23,,
196.229,ruido,ruido,-0.2836,-0.3473,-0.2439,-70.53,24.05,-13.87,-30.41,-39,52,1,-9,1672.41,1516.25,114.41,-0.00596,0.01989,2.45735,1826.0,879.3,-55.69,-153.85,0.8,3.19,,
196.288,ruido,ruido,-0.2671,-0.2057,-0.2007,-54.33,10.7,-20.52,-21.33,-65,31,-21,-18,1670.47,1524.61,114.6,-0.00327,0.02392,2.42633,1828.4,874.9,-54.14,-152.3,0.74,3.18,,
196.347,ruido,ruido,-0.3056,-0.1457,-0.2427,-64.1,-1.95,-23.63,-8.1,-71,19,-14,-29,1672.19,1536.53,114.64,-0.00271,0.02002,2.37612,1834.5,871.2,-52.08,-150.24,0.62,3.18,,
196.387,ruido,ruido,-0.3215,-0.1686,-0.3443,-72.36,9.7,-34.17,-6.05,-88,16,-32,-41,1674.8,1547.82,114.65,-0.0012,0.02074,2.34939,1843.6,869.9,-50.1,-148.26,0.53,3.2,,
196.427,ruido,ruido,-0.2529,-0.1953,-0.4369,-79.33,21.81,-31.03,7.62,-76,-21,-34,-33,1676.67,1554.22,114.74,-0.00142,0.02019,2.34013,1855.2,870.2,-48.93,-147.09,0.45,3.24,,
196.487,ruido,ruido,-0.2742,-0.2139,-0.4624,-72.16,36.05,-45.71,-5.94,-58,-8,-54,-17,1679.96,1565.96,114.72,-0.00111,0.02086,2.3312,1867.6,870.7,-48.49,-146.65,0.43,3.24,,
196.547,ruido,ruido,-0.2007,-0.2525,-0.5178,-78.95,44.3,-36.01,6.44,-72,2,-37,-20,1681.37,1579.54,114.8,0.0002,0.02057,2.29397,1878.6,870.5,-47.51,-145.67,0.38,3.28,,
196.588,ruido,ruido,-0.2924,-0.2457,-0.5672,-92.85,37.22,-44.68,6.75,-87,31,-26,-27,1680.88,1585.7,114.79,0.0004,0.0213,2.27093,1896.9,869.6,-47.51,-145.67,0.38,3.28,,
196.627,ruido,ruido,-0.2405,-0.1867,-0.622,-89.64,39.75,-48.36,21.28,-82,43,-29,-20,1679.92,1597.52,114.03,0.00675,0.02376,2.23142,1906.2,866.6,-45.55,-143.71,0.25,3.28,,
196.688,ruido,ruido,-0.1633,-0.204,-0.6123,-91.14,39.47,-32.96,32.37,-98,50,-31,-13,1677.61,1612.7,113.83,0.0087,0.0275,2.19023,1917.0,862.5,-43.28,-141.44,0.11,3.24,,
196.747,ruido,ruido,-0.271,-0.1446,-0.625,-97.4,25.74,-45.96,30.91,-71,45,-55,11,1674.98,1628.75,113.97,0.00802,0.02569,2.16177,1929.5,857.3,-39.37,-137.53,-0.13,3.27,,
196.787,ruido,ruido,-0.2955,-0.0749,-0.6144,-95.65,14.65,-49.94,36.39,-87,38,-63,28,1673.04,1637.66,113.95,0.00957,0.02717,2.15602,1943.3,850.1,-38.55,-136.71,-0.19,3.29,,
196.828,ruido,ruido,-0.2781,-0.1085,-0.5599,-89.08,17.87,-44.99,27.22,-76,37,-65,30,1670.11,1649.82,114.03,0.00834,0.02467,2.14796,1957.9,841.8,-38.55,-136.71,-0.19,3.29,,
196.887,ruido,ruido,-0.2909,-0.1354,-0.4955,-85.8,15.14,-40.02,17.58,-94,36,-69,33,1665.34,1670.86,113.95,0.00969,0.02465,2.14193,1972.3,834.0,-37.93,-136.09,-0.22,3.33,,
196.948,ruido,ruido,-0.1996,-0.1257,-0.4831,-80.23,17.18,-29.01,28.18,-65,30,-68,32,1662.83,1687.78,114.37,0.00775,0.01385,2.12355,1985.8,827.6,-37.29,-135.45,-0.25,3.41,,
196.987,ruido,ruido,-0.1143,-0.1848,-0.4819,-76.74,29.94,-18.65,28.87,-89,10,-60,20,1661.3,1695.72,114.41,0.00869,0.01573,2.11318,1998.3,824.1,-36.43,-134.59,-0.31,3.44,,
197.027,ruido,ruido,-0.1337,-0.1114,-0.3949,-64.93,16.08,-19.64,25.72,-61,11,-35,13,1659.59,1705.51,114.42,0.00996,0.01628,2.09497,2008.7,822.7,-36.43,-134.59,-0.31,3.44,,
197.087,ruido,ruido,-0.0464,-0.0122,-0.3267,-49.09,5.14,-10.61,39.71,-78,30,-18,4,1655.63,1719.96,114.49,0.0103,0.01624,2.0619,2017.1,820.8,-35.05,-133.21,-0.33,3.39,,
197.148,ruido,ruido,-0.0739,-0.0823,-0.3747,-53.27,19.86,-18.51,28.27,-69,26,-21,31,1651.52,1730.16,114.51,0.01093,0.01533,2.0452,2024.1,817.1,-32.27,-130.43,-0.46,3.39,,
197.188,ruido,ruido,-0.1416,-0.1312,-0.2721,-56.96,7.56,-9.23,13.33,-44,37,-23,38,1649.29,1734.84,114.56,0.01107,0.01464,2.04226,2031.0,811.5,-31.71,-129.87,-0.55,3.42,,
197.247,ruido,ruido,-0.0868,-0.1153,-0.1795,-43.84,3.33,1.23,11.5,-42,23,-30,44,1645.64,1743.82,114.4,0.01071,0.01545,2.04368,2037.9,805.2,-31.71,-129.87,-0.55,3.42,,
197.287,ruido,ruido,-0.1496,-0.094,-0.2415,-48.75,4.93,-13.83,9.77,-58,32,-36,24,1642.98,1751.11,114.5,0.0111,0.01392,2.03676,2045.3,800.1,-31.7,-129.86,-0.53,3.38,,
197.347,ruido,ruido,-0.0847,-0.037,-0.2046,-41.08,-2.43,-5.2,21.62,-41,20,-18,-1,1641.69,1759.5,114.51,0.01189,0.01328,2.01304,2052.8,797.2,-31.64,-129.8,-0.55,3.38,,
197.387,ruido,ruido,-0.0766,0.0212,-0.1976,-34.2,-5.98,-9.67,25.34,-57,41,-5,-15,1641.77,1763.47,114.59,0.01186,0.01356,1.99373,2058.7,796.7,-30.94,-129.1,-0.62,3.43,,
197.428,ruido,ruido,-0.1598,0.0748,-0.1466,-27.73,-16.23,-21.29,14.12,-57,22,-14,-11,1642.95,1769.48,114.54,0.0127,0.01353,1.9733,2058.7,796.7,-29.41,-127.57,-0.7,3.4,,
197.488,ruido,ruido,-0.0937,0.1451,-0.1856,-12.78,-6.31,-31.9,21.01,-31,8,-20,21,1644.1,1775.98,114.57,0.01167,0.01402,1.97294,2070.4,796.8,-27.88,-126.04,-0.79,3.37,,
197.528,ruido,ruido,-0.1104,0.2219,-0.1454,-2.46,-14.7,-38.46,20.31,-31,8,-20,21,1644.39,1778.94,114.5,0.01117,0.01392,1.98006,2070.4,796.8,-27.45,-125.61,-0.79,3.31,,
197.587,ruido,ruido,-0.0443,0.1778,-0.2119,-12.98,-7.52,-28.02,34.34,-7,2,-29,20,1643.83,1783.85,114.53,0.01069,0.01382,1.99813,2081.4,791.7,-27.95,-126.11,-0.74,3.38,,
197.627,ruido,ruido,-0.0244,0.1312,-0.1331,-8.94,-8.64,-16.27,26.03,-7,2,-29,20,1643.09,1786.26,114.39,0.01082,0.01508,2.02881,2081.4,791.7,-28.64,-126.8,-0.72,3.43,,
197.687,ruido,ruido,-0.046,0.0803,-0.085,-9.06,-8.31,-11.91,14.54,19,-1,-19,28,1641.12,1788.52,114.31,0.00828,0.01523,2.05911,2087.2,786.0,-30.28,-128.44,-0.67,3.4,,
197.729,ruido,ruido,-0.121,0.1125,-0.0232,-6.9,-21.18,-16.18,5.53,8,3,-15,37,1639.7,1788.86,114.31,0.00825,0.01475,2.06961,2087.4,783.5,-31.93,-130.09,-0.55,3.43,,
197.788,ruido,ruido,-0.1473,0.0504,-0.0631,-10.8,-8.78,-22.85,-4.7,12,1,-5,21,1636.93,1788.88,114.29,0.00836,0.01439,2.08567,2086.3,781.4,-33.17,-131.33,-0.5,3.44,,
197.847,ruido,ruido,-0.2341,0.11,-0.0699,-17.24,-23.65,-31.4,-2.61,13,6,-6,15,1635.91,1788.88,114.28,0.00772,0.01407,2.09708,2086.3,781.4,-34.06,-132.22,-0.48,3.43,,
197.887,ruido,ruido,-0.2202,0.1283,-0.1119,-9.17,-11.8,-43.96,-5.53,13,6,-6,15,1636.09,1789.65,114.2,0.00809,0.01473,2.10441,2084.9,780.5,-35.2,-133.36,-0.42,3.41,,
197.926,ruido,ruido,-0.2636,0.1796,-0.0635,-7.93,-26.51,-44.39,-5.51,-5,-11,-16,3,1637.04,1790.84,114.08,0.00744,0.01584,2.11109,2084.6,780.2,-35.2,-133.36,-0.42,3.41,,
197.988,ruido,ruido,-0.2844,0.1439,-0.0583,-15.93,-29.63,-38.9,-6.56,-3,-23,-55,16,1639.87,1794.57,113.48,0.00562,0.02443,2.13834,2086.0,780.8,-37.03,-135.19,-0.25,3.37,,
198.047,ruido,ruido,-0.2522,0.1184,-0.0723,-23.39,-30.75,-28.54,1.97,-3,-23,-55,16,1643.9,1800.81,113.63,0.00548,0.02508,2.17871,2090.0,781.5,-38.71,-136.87,-0.17,3.4,,
198.087,ruido,ruido,-0.2353,0.0568,-0.0672,-28.35,-26.69,-20.05,-0.2,-11,-40,-60,16,1648.17,1806.3,113.76,0.00312,0.02364,2.20479,2096.1,782.1,-40.51,-138.67,-0.02,3.36,,
198.128,ruido,ruido,-0.2927,-0.0347,0.0075,-37.78,-33.43,-7.85,-14.6,-8,-32,-49,1,1650.85,1810.46,113.45,0.00443,0.02774,2.22215,2103.4,783.8,-41.76,-139.92,0.08,3.4,,
198.188,ruido,ruido,-0.2722,-0.1294,0.0091,-36.6,-17.34,-5.5,-27.66,-37,-20,-19,-27,1656.36,1815.15,113.66,0.00312,0.02591,2.21613,2109.6,786.5,-41.99,-140.15,0.13,3.43,,
198.247,ruido,ruido,-0.3267,-0.204,0.0438,-47.47,-21.82,2.19,-37.46,-25,-31,-28,-24,1663.12,1820.56,113.86,0.00248,0.02426,2.20522,2119.3,795.7,-41.6,-139.76,0.13,3.41,,
198.287,ruido,ruido,-0.3921,-0.2415,0.054,-60.06,-30.08,5.97,-41.31,-25,-31,-28,-24,1666.67,1824.03,113.93,0.00345,0.02506,2.1988,2119.3,795.7,-41.18,-139.34,0.12,3.42,,
198.326,ruido,ruido,-0.3501,-0.2777,-0.0353,-72.24,-22.16,10.58,-28.2,-34,-12,-16,-25,1669.56,1826.83,113.93,0.00374,0.0248,2.19119,2123.8,800.1,-40.53,-138.69,0.12,3.46,,
198.387,ruido,ruido,-0.3422,-0.3549,-0.0596,-83.14,-16.82,18.86,-28.4,-51,-13,-21,-44,1677.75,1835.02,114.01,0.00717,0.02754,2.1689,2128.7,804.1,-39.54,-137.7,0.09,3.43,,
198.447,ruido,ruido,-0.3516,-0.3069,-0.0804,-75.12,-13.15,5.99,-30.25,-75,-20,-18,-52,1686.9,1842.87,113.9,0.00593,0.02712,2.13968,2134.9,808.8,-38.49,-136.65,0.03,3.43,,
198.487,ruido,ruido,-0.4124,-0.3662,-0.1764,-85.63,1.18,-8.57,-38.93,-102,-13,-18,-47,1691.62,1847.04,114.46,0.00685,0.01861,2.1216,2143.2,814.6,-37.14,-135.3,0.02,3.41,,
198.527,ruido,ruido,-0.4431,-0.4169,-0.1985,-85.42,13.03,-17.23,-52.18,-93,-12,-26,-41,1697.94,1854.33,114.51,0.00724,0.02046,2.09989,2152.8,820.8,-37.14,-135.3,0.02,3.41,,
198.588,ruido,ruido,-0.4804,-0.3977,-0.1149,-75.27,6.74,-19.97,-65.23,-100,2,-24,-43,1703.07,1863.96,114.63,0.0104,0.0225,2.06076,2162.8,826.2,-33.98,-132.14,-0.06,3.33,,
198.646,ruido,ruido,-0.4645,-0.4494,-0.1334,-74.37,18.89,-21.3,-71.87,-104,11,-11,-41,1707.63,1874.8,114.75,0.01177,0.02184,2.01571,2172.7,830.0,-31.83,-129.99,-0.22,3.25,,
198.687,ruido,ruido,-0.51,-0.4877,-0.2249,-83.35,30.67,-34.23,-76.29,-90,19,-19,-46,1710.58,1880.03,114.79,0.0114,0.02074,1.9906,2182.8,832.6,-29.47,-127.63,-0.33,3.3,,
198.727,ruido,ruido,-0.4726,-0.3953,-0.1459,-70.32,16.28,-28.65,-68.56,-89,21,-17,-59,1716.72,1888.47,114.84,0.0129,0.02041,1.94459,2192.8,835.1,-26.92,-125.08,-0.51,3.27,,
198.787,ruido,ruido,-0.3832,-0.3344,-0.1267,-57.44,16.33,-24.13,-57.37,-97,24,-19,-68,1726.05,1898.87,114.73,0.01237,0.02023,1.88245,2202.1,839.5,-24.06,-122.22,-0.68,3.26,,
198.827,ruido,ruido,-0.4085,-0.4021,-0.2076,-70.14,27.42,-28.44,-59.57,-90,16,-17,-78,1731.4,1903.86,114.7,0.01224,0.0196,1.85558,2211.3,845.3,-21.32,-119.48,-0.84,3.17,,
198.888,ruido,ruido,-0.3631,-0.414,-0.2123,-76.37,23.84,-15.69,-47.97,-93,4,-30,-47,1742.57,1910.99,114.49,0.01747,0.02421,1.81363,2220.7,852.2,-19.33,-117.49,-0.91,3.22,,
198.947,ruido,ruido,-0.4153,-0.3882,-0.1924,-74.61,18.28,-22.61,-53.94,-69,-6,-32,-59,1752.9,1917.85,114.33,0.02282,0.02581,1.77704,2229.6,859.7,-17.53,-115.69,-1.0,3.17,,
198.987,ruido,ruido,-0.3671,-0.3057,-0.203,-63.93,17.47,-27.29,-43.73,-73,22,-19,-54,1760.24,1922.24,114.9,0.0122,0.01671,1.73912,2236.9,866.8,-15.51,-113.67,-1.09,3.15,,
199.028,ruido,ruido,-0.3007,-0.4007,-0.1855,-65.99,27.8,-11.8,-46.23,-63,26,-12,-51,1764.31,1925.44,114.9,0.01298,0.017,1.7164,2243.0,872.6,-13.36,-111.52,-1.2,3.03,,
199.087,ruido,ruido,-0.3752,-0.3304,-0.1075,-57.97,12.1,-19.26,-54.93,-62,20,-15,-49,1771.97,1931.25,114.85,0.01441,0.01795,1.67089,2248.9,877.1,-11.24,-109.4,-1.22,2.99,,
199.147,ruido,ruido,-0.3665,-0.2949,-0.2129,-64.51,16.74,-28.2,-41.31,-56,29,6,-35,1777.94,1936.64,114.77,0.02037,0.0178,1.61776,2259.4,885.0,-11.24,-109.4,-1.22,2.99,,
199.187,ruido,ruido,-0.3153,-0.1993,-0.2969,-56.53,22.86,-41.42,-25.79,-66,25,6,-54,1782.93,1940.49,114.82,0.02564,0.01672,1.58413,2262.8,888.8,-8.74,-106.9,-1.35,2.9,,
199.232,ruido,ruido,-0.3058,-0.2559,-0.3524,-60.77,36.55,-44.54,-29.1,-54,10,-10,-31,1786.49,1942.02,114.59,0.02075,0.0182,1.56783,2266.3,893.1,-6.14,-104.3,-1.51,2.86,,
199.287,ruido,ruido,-0.275,-0.2716,-0.3851,-64.71,40.36,-40.91,-22.74,-44,8,-42,-26,1796.53,1945.61,114.61,0.023,0.01956,1.5403,2271.1,898.5,-4.41,-102.57,-1.61,2.73,,
199.347,ruido,ruido,-0.2736,-0.199,-0.3491,-55.37,32.33,-44.26,-20.26,-62,33,-31,-31,1806.63,1950.17,114.67,0.02436,0.01847,1.51194,2277.0,904.9,-3.35,-101.51,-1.61,2.68,,
199.387,ruido,ruido,-0.2336,-0.2018,-0.298,-43.63,36.33,-41.41,-26.03,-60,53,-53,-36,1812.23,1953.08,114.7,0.02422,0.01862,1.50016,2285.0,910.2,-2.1,-100.26,-1.59,2.56,,
199.447,ruido,ruido,-0.1825,-0.224,-0.2468,-32.57,42.75,-36.12,-32.46,-69,14,-54,-26,1823.42,1959.84,114.77,0.02513,0.01945,1.48578,2295.2,915.8,-0.82,-98.98,-1.63,2.45,,
199.487,ruido,ruido,-0.2434,-0.2229,-0.1535,-29.82,30.39,-33.67,-44.78,-39,71,-53,-16,1832.32,1965.01,114.62,0.02325,0.01927,1.48104,2305.5,920.4,0.04,-98.12,-1.63,2.46,,
199.527,ruido,ruido,-0.1834,-0.314,-0.1247,-31.69,38.5,-17.6,-47.89,-39,71,-53,-16,1837.19,1967.65,114.65,0.0215,0.01842,1.47623,2305.5,920.4,0.47,-97.69,-1.66,2.47,,
199.587,ruido,ruido,-0.1184,-0.3138,-0.0954,-24.64,40.84,-9.57,-44.52,-31,13,-22,-35,1846.64,1971.35,114.64,0.02291,0.01766,1.45551,2319.4,925.5,0.83,-97.33,-1.72,2.54,,
199.647,ruido,ruido,-0.1634,-0.2901,-0.1046,-20.33,42.84,-22.56,-52.24,-28,70,-26,-52,1855.51,1973.63,114.49,0.02127,0.01368,1.41549,2322.5,928.4,1.65,-96.51,-1.75,2.46,,
199.687,ruido,geofence,0.3989,-0.0114,0.796,94.68,-30.86,96.5,-32.68,-36,28,-10,-53,1860.79,1975.57,114.78,0.02685,0.01074,1.37676,2324.3,930.6,2.94,-95.22,-1.85,2.4,,
199.727,ruido,geofence,0.3694,-0.0113,0.8103,93.47,-34.37,95.28,-36.18,-36,28,-10,-53,1863.42,1976.48,114.69,0.027,0.01179,1.35215,2324.3,930.6,5.07,-93.09,-1.98,2.17,,
199.807,ruido,geofence,0.3353,-0.0112,0.8252,91.95,-38.29,93.74,-40.08,136,9,28,-53,1864.99,1975.1,114.62,0.02735,0.00738,1.29636,2318.4,930.0,7.49,-90.67,-2.2,1.88,,
199.848,ruido,ruido,-0.0369,-0.2697,-0.0819,-9.65,46.6,-9.35,-39.39,87,-12,160,-50,1862.68,1970.69,114.47,0.02418,0.0117,1.28236,2306.2,920.1,9.88,-88.28,-2.24,1.78,,
199.887,ruido,ruido,-0.0119,-0.3046,-0.0043,-0.12,49.32,-2.48,-50.53,70,-24,44,-44,1857.86,1962.53,114.59,0.02434,0.00882,1.27379,2306.2,920.1,11.38,-86.78,-2.27,1.69,,
199.928,ruido,ruido,-0.0473,-0.3183,0.0109,-11.74,37.45,5.92,-46.75,14,6,46,-49,1855.41,1958.24,114.57,0.02385,0.00814,1.2629,2274.2,900.8,12.13,-86.03,-2.16,1.93,,
200.007,ruido,ruido,-0.0594,-0.3262,0.0692,-15.32,25.79,16.9,-46.36,-14,32,19,-52,1853.36,1952.08,114.68,0.01737,0.00397,1.19069,2265.8,898.6,12.69,-85.47,-2.24,1.9,,
200.047,ruido,ruido,-0.0451,-0.278,0.1555,-9.76,9.84,27.42,-41.94,-34,32,32,-54,1853.43,1951.57,114.37,0.02503,0.00783,1.15475,2263.2,898.5,14.59,-83.57,-2.33,1.79,,
200.088,ruido,ruido,-0.1126,-0.2547,0.1179,-17.91,3.99,18.75,-40.86,-30,26,36,-46,1853.48,1950.77,114.52,0.02344,0.00565,1.12009,2262.0,899.2,17.26,-80.9,-2.45,1.69,,
200.128,ruido,ruido,-0.2261,-0.2917,0.1511,-27.33,-4.83,15.33,-55.52,-14,2,9,-35,1854.44,1949.91,114.52,0.02442,0.00457,1.10663,2262.0,899.2,19.88,-78.28,-2.51,1.58,,
200.187,ruido,ruido,-0.2684,-0.3816,0.131,-41.87,-1.78,19.89,-62.12,-14,2,9,-35,1858.4,1946.7,114.37,0.02413,0.0047,1.08781,2262.1,900.7,21.53,-76.63,-2.6,1.49,,
200.248,ruido,ruido,-0.2614,-0.2981,0.1473,-38.38,-14.25,20.12,-51.15,-38,-15,9,-76,1864.58,1939.46,114.45,0.02505,0.00205,1.05232,2259.3,909.3,22.41,-75.75,-2.63,1.47,,
200.287,ruido,ruido,-0.1792,-0.1953,0.2047,-23.93,-25.44,28.02,-35.98,-38,-15,9,-76,1867.6,1935.52,114.5,0.02661,0.00154,1.02916,2259.3,909.3,25.41,-72.75,-2.75,1.36,,
200.328,ruido,ruido,-0.1547,-0.1614,0.2583,-8.86,-24.37,25.43,-41.71,-49,-14,28,-89,1871.55,1929.86,114.41,0.025,0.00093,0.99244,2253.3,916.2,27.92,-70.24,-2.82,1.27,,
200.388,ruido,ruido,-0.0987,-0.1992,0.1675,-20.05,-14.98,31.06,-27.6,-56,-14,12,-68,1875.89,1921.03,114.91,0.01916,-0.00688,0.94948,2245.1,923.0,30.07,-68.09,-2.87,1.14,,
200.448,ruido,ruido,-0.1193,-0.1899,0.1983,-13.83,-15.17,26.47,-35.65,-21,-4,25,-40,1876.32,1915.59,114.47,0.02545,-0.00112,0.92253,2233.2,931.7,31.33,-66.83,-2.89,1.08,,
200.487,ruido,ruido,-0.1575,-0.1094,0.1879,-16.05,-28.61,20.92,-26.66,-21,-4,25,-40,1876.29,1914.21,114.5,0.02706,-0.00227,0.90839,2233.2,931.7,32.64,-65.52,-2.91,1.02,,
200.528,ruido,ruido,-0.1177,-0.1799,0.1993,-11.65,-14.76,24.71,-35.95,-15,10,23,-36,1875.81,1912.93,114.66,0.02071,-0.00682,0.89151,2230.2,932.7,33.84,-64.32,-2.94,0.95,,
200.587,ruido,ruido,-0.1497,-0.212,0.1995,-14.63,-12.62,22.58,-43.25,-10,3,22,-27,1873.44,1910.62,114.44,0.02522,-0.00315,0.87553,2228.2,932.4,34.67,-63.49,-2.95,0.93,,
200.627,ruido,ruido,-0.0609,-0.1762,0.1675,-0.89,0.49,17.94,-37.04,6,-25,22,-20,1872.44,1909.48,114.72,0.02039,-0.00638,0.87308,2226.8,931.4,35.13,-63.03,-2.98,0.95,,
200.707,ruido,ruido,0.0166,-0.1328,0.1704,14.29,8.28,15.63,-32.9,3,-11,31,-36,1868.1,1904.52,114.67,0.01965,-0.00523,0.83298,2223.9,930.2,35.93,-62.23,-2.99,0.93,,
200.734,ruido,ruido,0.0172,-0.1852,0.0561,0.01,20.67,11.71,-26.89,-1,3,32,-38,1867.0,1903.79,114.76,0.02137,-0.00642,0.81994,2219.4,928.5,37.69,-60.47,-3.06,0.81,,
200.787,ruido,ruido,0.0535,-0.1736,0.0264,6.62,30.19,6.16,-25.84,-15,19,44,-38,1863.67,1901.2,115.02,0.01663,-0.01023,0.77274,2214.1,926.5,39.58,-58.58,-3.13,0.71,,
200.828,ruido,ruido,0.0132,-0.2342,-0.0322,-5.35,37.28,2.3,-30.02,-15,12,34,-25,1862.68,1900.69,115.15,0.0165,-0.01343,0.75608,2210.0,924.6,41.13,-57.03,-3.15,0.61,,
200.907,ruido,ruido,0.0387,-0.2869,-0.1338,-19.44,47.88,4.21,-20.27,-6,11,17,-22,1861.36,1901.63,115.23,0.01636,-0.01463,0.72369,2208.2,923.1,42.07,-56.09,-3.16,0.53,,
200.947,ruido,ruido,0.0075,-0.2752,-0.2122,-25.69,52.29,-7.06,-17.14,-8,19,20,-15,1861.73,1903.02,115.2,0.0178,-0.01502,0.70775,2207.9,922.7,43.21,-54.95,-3.17,0.46,,
200.987,ruido,ruido,0.0386,-0.3055,-0.219,-18.0,65.93,-10.86,-24.7,-23,43,13,-18,1863.43,1906.12,115.27,0.01729,-0.01611,0.66805,2208.7,921.8,44.95,-53.21,-3.16,0.37,,
201.047,ruido,ruido,0.1192,-0.3291,-0.1702,-2.33,77.56,-5.83,-31.27,-32,58,21,-19,1866.87,1911.03,115.09,0.01367,-0.01191,0.61534,2210.5,921.6,47.41,-50.75,-3.21,0.21,,
201.107,ruido,ruido,0.0428,-0.306,-0.1922,-14.06,65.64,-9.85,-28.05,-26,53,24,-11,1870.3,1916.04,115.3,0.01624,-0.01638,0.56204,2217.7,923.7,49.86,-48.3,-3.16,0.08,,
201.147,ruido,ruido,0.0204,-0.3737,-0.1434,-19.05,63.67,-0.63,-37.47,-37,62,29,-23,1872.16,1918.29,115.09,0.01286,-0.01253,0.53685,2217.7,923.7,52.49,-45.67,-3.14,-0.05,,
201.187,ruido,ruido,0.0331,-0.3981,-0.2867,-33.36,76.21,-7.23,-25.05,-33,83,22,-20,1875.21,1921.44,115.13,0.01126,-0.0174,0.48307,2227.5,925.4,52.49,-45.67,-3.14,-0.05,,
201.248,ruido,ruido,0.0377,-0.4115,-0.2857,-31.37,80.18,-8.31,-28.43,-15,61,20,-61,1878.65,1925.64,115.14,0.01228,-0.01662,0.43424,2227.5,925.4,57.73,-40.43,-3.19,-0.45,,
201.307,ruido,ruido,0.0748,-0.3797,-0.3299,-31.27,82.26,-9.55,-17.52,-27,84,29,-31,1881.89,1928.71,115.02,0.01144,-0.01727,0.38944,2233.9,924.6,60.39,-37.77,-3.11,-0.58,,
201.346,ruido,ruido,0.0405,-0.3561,-0.3478,-34.57,78.04,-14.6,-15.92,-41,82,26,-20,1884.63,1931.55,114.98,0.00973,-0.01689,0.35321,2238.3,925.8,60.39,-37.77,-3.11,-0.58,,
201.387,ruido,ruido,-0.0337,-0.3414,-0.3046,-39.8,63.55,-14.33,-20.21,-39,76,33,-29,1888.08,1935.45,115.06,0.00939,-0.01832,0.30871,2243.3,927.0,62.96,-35.2,-3.1,-0.79,,
201.427,ruido,ruido,0.0011,-0.3636,-0.1967,-29.68,59.96,-1.61,-28.31,-29,91,6,-9,1890.54,1937.25,114.63,0.0154,-0.01904,0.28333,2248.9,929.4,65.76,-32.4,-3.08,-0.96,,
201.487,ruido,ruido,0.0742,-0.2706,-0.1173,-18.58,43.48,11.69,-12.83,-41,55,-14,-20,1895.5,1939.72,114.66,0.01425,-0.01864,0.23345,2253.1,934.5,70.84,-27.32,-2.91,-1.31,,
201.547,ruido,ruido,-0.0475,-0.2462,-0.1111,-24.92,32.26,-0.46,-22.08,-29,66,21,-33,1899.59,1942.04,114.53,0.01261,-0.01749,0.17753,2256.4,938.2,70.84,-27.32,-2.91,-1.31,,
201.587,ruido,ruido,-0.0228,-0.2683,-0.095,-27.78,30.34,8.93,-18.79,-26,57,27,-28,1901.97,1943.84,114.67,0.01621,-0.02186,0.1456,2259.1,939.7,73.54,-24.62,-2.86,-1.44,,
201.627,ruido,ruido,0.0024,-0.2524,-0.0699,-23.57,28.0,12.78,-16.43,-13,32,20,-13,1902.9,1944.5,114.73,0.01689,-0.02296,0.12749,2261.3,940.8,76.07,-22.09,-2.83,-1.6,,
201.687,ruido,ruido,0.0873,-0.1885,-0.1019,-14.87,31.58,12.53,-1.33,-24,23,19,-23,1903.48,1945.01,114.91,0.01666,-0.02262,0.10137,2262.4,941.0,79.44,-18.72,-2.75,-1.72,,
201.747,ruido,ruido,0.1044,-0.1264,-0.0826,0.35,33.78,3.13,-3.86,-14,15,15,-13,1904.75,1944.78,114.95,0.01631,-0.02508,0.07769,2262.7,941.8,79.44,-18.72,-2.75,-1.72,,
201.787,ruido,ruido,0.0658,-0.1665,-0.1108,-3.09,41.28,-4.12,-13.02,-10,37,-1,6,1906.44,1945.62,114.79,0.01383,-0.02217,0.06508,2263.9,943.7,80.55,-17.61,-2.71,-1.77,,
201.83,ruido,ruido,0.08,-0.1494,-0.098,2.99,42.57,-5.87,-14.11,-20,37,13,-3,1908.37,1946.91,114.56,0.00916,-0.02109,0.04634,2267.1,945.6,81.22,-16.94,-2.65,-1.78,,
201.908,ruido,ruido,0.074,-0.1374,-0.1532,4.36,50.85,-17.03,-14.49,-19,50,21,-10,1913.98,1952.02,114.46,0.00836,-0.0224,-0.00029,2270.9,947.2,82.26,-15.9,-2.61,-1.85,,
201.947,ruido,ruido,0.0708,-0.119,-0.0178,13.58,35.47,-5.1,-21.3,-17,56,31,-3,1917.66,1955.13,114.57,0.00768,-0.02268,-0.02884,2274.9,948.8,83.79,-14.37,-2.54,-1.93,,
201.987,ruido,ruido,0.0784,-0.1762,-0.0192,2.36,33.62,7.11,-18.0,-19,50,-7,-6,1920.77,1956.09,114.81,0.0016,-0.02045,-0.0536,2278.5,951.3,85.55,-12.61,-2.5,-2.02,,
202.029,ruido,ruido,0.0885,-0.3385,-0.0014,-7.77,46.6,21.72,-32.21,-12,52,16,-14,1922.47,1957.33,114.66,0.0009,-0.01897,-0.07211,2280.6,953.6,87.09,-11.07,-2.44,-2.09,,
202.087,ruido,ruido,-0.0169,-0.4005,-0.0561,-19.8,53.26,8.12,-46.99,-21,45,19,-25,1925.54,1959.31,114.69,0.00046,-0.01993,-0.1257,2280.6,953.6,88.86,-9.3,-2.4,-2.14,,
202.147,ruido,ruido,0.0242,-0.3506,-0.0773,-5.96,62.51,-2.55,-46.27,-27,43,35,-32,1927.17,1960.48,114.53,-0.00139,-0.01838,-0.17588,2283.2,954.9,90.96,-7.2,-2.32,-2.24,,
202.189,ruido,ruido,0.1248,-0.4239,-0.1348,-13.55,75.84,11.95,-34.31,-18,47,25,-44,1928.05,1960.66,114.53,-0.00245,-0.01445,-0.21582,2283.2,954.9,93.2,-4.96,-2.25,-2.38,,
202.247,ruido,ruido,0.1365,-0.3501,-0.1337,-13.64,63.77,14.09,-20.54,-45,95,36,-67,1929.59,1960.69,114.53,-0.00187,-0.01407,-0.26541,2283.8,953.5,95.7,-2.46,-2.17,-2.47,,
202.287,ruido,ruido,0.0636,-0.3653,-0.1808,-25.15,62.23,6.39,-23.12,-45,95,36,-67,1931.67,1960.15,114.57,-0.00199,-0.01248,-0.31117,2284.1,952.7,101.64,3.48,-1.91,-2.74,,
202.348,ruido,ruido,0.1209,-0.4177,-0.2263,-30.12,72.92,13.25,-17.37,-21,67,19,-24,1934.91,1959.88,114.59,-0.00227,-0.01041,-0.35235,2286.4,957.3,103.85,5.69,-1.78,-2.84,,
202.387,ruido,ruido,0.0505,-0.4608,-0.2288,-44.43,65.92,15.89,-21.24,-21,67,19,-24,1937.23,1960.55,114.04,-0.00555,-0.01503,-0.37705,2286.4,957.3,105.86,7.7,-1.71,-2.93,,
202.428,ruido,ruido,0.0434,-0.5046,-0.1617,-41.49,65.12,22.55,-32.3,-34,68,18,-23,1935.45,1961.65,114.57,-0.00341,-0.01216,-0.39312,2289.4,961.1,107.05,8.89,-1.67,-2.92,,
202.487,ruido,ruido,0.043,-0.5073,-0.1542,-51.72,54.13,33.91,-22.57,-8,22,24,-29,1935.14,1962.79,113.99,-0.00623,-0.01489,-0.43327,2292.1,963.6,109.02,10.86,-1.58,-2.97,,
202.529,ruido,ruido,-0.0169,-0.4224,-0.1187,-46.8,39.78,25.11,-23.49,-12,119,17,-33,1934.15,1963.91,113.9,-0.00709,-0.01546,-0.44804,2294.5,964.3,109.02,10.86,-1.58,-2.97,,
202.608,ruido,ruido,0.0233,-0.4114,-0.242,-52.87,51.68,17.89,-9.23,-38,26,20,-45,1931.86,1964.49,113.98,-0.00801,-0.01403,-0.48402,2298.4,967.7,111.17,13.01,-1.53,-3.1,,
202.647,ruido,ruido,0.0315,-0.4718,-0.2672,-60.26,57.99,22.55,-10.19,-38,26,20,-45,1931.73,1963.24,113.93,-0.00911,-0.01363,-0.51165,2301.7,970.0,112.6,14.44,-1.47,-3.09,,
202.687,ruido,ruido,0.1011,-0.536,-0.2457,-59.61,65.46,36.47,-9.98,-118,53,33,-43,1929.57,1962.09,113.99,-0.00655,-0.01326,-0.52793,2301.9,970.2,115.07,16.91,-1.24,-3.06,,
202.747,ruido,ruido,0.145,-0.5625,-0.3061,-62.58,76.41,36.8,-4.22,-33,83,-1,-22,1931.1,1960.49,113.22,-0.0102,-0.01146,-0.57323,2298.3,972.9,116.09,17.93,-1.2,-3.28,,
202.807,ruido,ruido,0.1199,-0.6057,-0.3031,-68.79,76.63,39.47,-8.95,-13,69,7,-29,1929.5,1958.67,114.01,-0.0042,-0.01532,-0.60798,2296.1,978.8,117.52,19.36,-1.01,-3.33,,
202.828,ruido,ruido,0.1116,-0.6646,-0.3793,-81.33,85.69,38.5,-7.14,-79,60,36,-25,1928.91,1959.27,114.12,-0.0073,-0.01772,-0.61593,2292.8,984.5,119.81,21.65,-0.85,-3.38,,
202.888,ruido,ruido,0.0909,-0.6311,-0.5303,-93.22,92.62,22.91,6.79,-19,96,27,-32,1928.5,1960.8,114.14,-0.00922,-0.01696,-0.6678,2290.9,990.0,121.22,23.06,-0.82,-3.39,,
202.947,ruido,ruido,0.1532,-0.6225,-0.4313,-79.17,89.43,34.68,4.08,-41,39,52,-53,1928.55,1964.07,114.16,-0.00974,-0.01665,-0.71077,2292.5,995.0,124.5,26.34,-0.61,-3.51,,
203.007,ruido,geofence,-0.8913,0.0073,-0.0449,-74.31,-68.3,-75.47,-67.13,-3,95,28,-29,1929.81,1964.24,114.29,-0.0103,-0.02136,-0.77823,2293.3,997.2,126.13,27.97,-0.6,-3.57,,
203.028,ruido,geofence,-0.8896,0.0075,-0.0682,-76.03,-66.31,-77.23,-65.11,-65,65,53,-26,1929.05,1965.99,113.9,-0.01064,-0.01702,-0.78081,2296.4,1004.5,129.25,31.09,-0.34,-3.51,,
203.087,ruido,geofence,-0.8842,0.008,-0.1166,-79.43,-62.05,-80.71,-60.77,-15,-8,-10,-14,1925.47,1964.66,113.86,-0.01169,-0.01638,-0.78784,2296.1,1010.0,129.68,31.52,-0.45,-3.69,,
203.147,ruido,geofence,-0.8838,0.008,-0.1194,-79.62,-61.79,-80.9,-60.51,-140,-15,-79,-36,1915.05,1955.19,113.99,-0.0127,-0.01816,-0.7929,2294.2,1015.4,129.98,31.82,-0.36,-3.67,,
203.187,ruido,ruido,0.0939,-0.6664,-0.3971,-83.51,86.64,34.99,-8.09,-89,-63,-77,-51,1904.08,1944.82,114.09,-0.01281,-0.01794,-0.79349,2279.0,1016.7,130.14,31.98,-0.38,-3.71,,
203.247,ruido,ruido,-0.001,-0.6301,-0.4365,-94.91,75.74,24.92,-6.06,-67,-78,-74,-71,1888.8,1929.07,114.11,-0.01173,-0.02075,-0.80371,2256.5,1010.6,130.13,31.97,-0.31,-3.71,,
203.287,ruido,ruido,-0.0687,-0.5934,-0.5017,-102.86,72.36,11.6,-3.08,-152,-16,-67,-88,1880.13,1916.57,114.38,-0.01196,-0.02225,-0.84081,2211.5,989.8,130.13,31.97,-0.31,-3.71,,
203.347,ruido,ruido,-0.0297,-0.5988,-0.5442,-101.32,81.56,9.51,0.76,-103,128,-31,-33,1874.35,1898.4,114.35,-0.01546,-0.01919,-0.93471,2211.5,989.8,135.27,37.11,0.1,-3.83,,
203.387,ruido,ruido,0.0513,-0.4771,-0.4561,-83.87,65.45,19.11,15.74,-110,71,-9,-48,1874.2,1891.53,114.67,-0.01446,-0.02155,-0.97116,2187.5,998.4,139.29,41.13,0.3,-3.84,,
203.448,ruido,ruido,0.1121,-0.5571,-0.5019,-91.43,78.01,29.06,20.22,-85,69,12,-19,1877.52,1879.03,114.5,-0.01451,-0.0136,-1.039,2187.5,998.4,142.8,44.64,0.51,-3.83,,
203.487,ruido,ruido,0.1641,-0.4944,-0.4146,-78.21,67.24,38.12,25.36,-85,69,12,-19,1883.17,1870.71,114.56,-0.0144,-0.01132,-1.09522,2172.9,1013.8,142.8,44.64,0.51,-3.83,,
203.547,ruido,ruido,0.1628,-0.5724,-0.3224,-77.14,66.04,51.6,11.6,-72,98,21,10,1893.88,1862.67,114.68,-0.01101,-0.0064,-1.15925,2172.9,1013.8,149.4,51.24,0.93,-3.82,,
203.588,ruido,ruido,0.1196,-0.593,-0.2612,-78.24,58.43,55.59,2.5,-53,83,32,15,1900.25,1859.25,114.77,-0.00979,-0.00682,-1.191,2168.4,1022.9,152.49,54.33,1.1,-3.8,,
203.647,ruido,ruido,0.1059,-0.4588,-0.2287,-67.15,42.86,47.5,10.68,-50,78,53,20,1913.11,1853.16,114.58,-0.01252,-0.00532,-1.25593,2165.5,1033.6,155.63,57.47,1.28,-3.76,,
203.687,ruido,ruido,0.0505,-0.468,-0.2492,-69.04,45.7,37.25,2.25,-89,68,43,2,1922.38,1848.52,114.9,-0.00759,-0.00163,-1.32344,2161.7,1053.0,155.63,57.47,1.28,-3.76,,
203.748,ruido,ruido,-0.0499,-0.5097,-0.2169,-81.38,34.88,38.69,-8.16,-73,36,66,-18,1930.38,1842.52,114.99,-0.00808,-0.00055,-1.40965,2161.7,1053.0,163.17,65.01,1.65,-3.57,,
203.807,ruido,ruido,-0.0309,-0.459,-0.2251,-78.18,31.28,37.22,-0.2,-70,30,43,-23,1934.73,1834.92,115.09,-0.01067,-0.00193,-1.49092,2158.5,1056.6,167.2,69.04,1.85,-3.46,,
203.847,ruido,ruido,-0.0292,-0.4582,-0.2465,-71.75,40.99,27.65,-6.24,-81,28,33,-30,1935.28,1831.27,115.12,-0.00855,-0.00025,-1.52463,2154.6,1055.9,167.2,69.04,1.85,-3.46,,
203.889,ruido,ruido,-0.0184,-0.5169,-0.1404,-66.5,38.67,41.09,-19.14,-64,17,18,-22,1935.1,1825.21,115.03,-0.00923,0.00077,-1.5757,2149.3,1052.7,170.69,72.53,2.03,-3.34,,
203.947,ruido,ruido,-0.0749,-0.4491,-0.2082,-72.09,33.08,26.8,-11.74,-71,56,18,-32,1933.38,1817.25,115.08,-0.01177,0.00125,-1.64987,2142.9,1050.0,176.99,78.83,2.34,-3.08,,
204.007,ruido,ruido,-0.1132,-0.3497,-0.1388,-57.03,21.12,16.72,-17.03,-72,35,26,-26,1932.11,1810.04,114.97,-0.00886,0.00464,-1.72172,2138.1,1047.3,-179.53,82.31,2.55,-2.96,,
204.028,ruido,ruido,-0.1308,-0.2098,-0.1047,-44.58,5.74,6.91,-9.92,-62,31,26,-26,1931.91,1807.63,115.0,-0.00776,0.00495,-1.74569,2134.4,1045.2,-179.53,82.31,2.55,-2.96,,
204.087,ruido,ruido,-0.0021,-0.142,-0.1304,-28.36,15.23,7.16,5.29,-63,19,29,-18,1931.22,1801.12,114.99,-0.01073,0.005,-1.80192,2131.2,1043.5,-176.04,85.8,2.74,-2.84,,
204.127,ruido,ruido,-0.0284,-0.2054,-0.0697,-29.55,14.47,13.84,-7.86,-57,43,11,-19,1929.89,1798.55,115.0,-0.00836,0.00584,-1.82365,2127.3,1041.9,-172.86,88.98,2.87,-2.69,,
204.207,ruido,ruido,-0.088,-0.1689,0.0019,-18.61,8.12,4.82,-22.51,-41,11,-1,-16,1924.08,1796.73,115.02,-0.00894,0.00526,-1.85323,2123.8,1038.8,-169.1,92.74,3.0,-2.5,,
204.247,ruido,ruido,-0.0606,-0.1339,-0.0362,-11.26,15.97,-4.23,-19.86,-19,3,-7,-23,1921.84,1796.96,115.01,-0.0087,0.00546,-1.85743,2122.3,1035.1,-169.1,92.74,3.0,-2.5,,
204.288,ruido,ruido,-0.0325,-0.1521,-0.0828,-21.09,16.51,2.64,-8.45,-29,-2,-6,-14,1917.84,1797.55,115.05,-0.00917,0.00452,-1.86413,2121.3,1031.3,-168.47,93.37,3.04,-2.5,,
204.347,ruido,ruido,-0.0564,-0.1997,-0.0698,-35.34,7.77,15.15,-5.63,-21,-4,-5,-9,1914.68,1797.67,115.06,-0.00884,0.0048,-1.87253,2120.6,1027.7,-168.08,93.76,3.08,-2.49,,
204.407,ruido,ruido,-0.0393,-0.2659,-0.1519,-44.91,21.93,14.33,-3.92,-20,4,-10,-8,1912.77,1797.65,115.02,-0.00854,0.00489,-1.88023,2119.9,1025.1,-167.3,94.54,3.12,-2.44,,
204.447,ruido,ruido,-0.0863,-0.3696,-0.0962,-55.84,18.7,26.63,-17.11,-6,2,5,-12,1911.6,1797.48,115.09,-0.00901,0.00422,-1.89227,2119.5,1023.1,-167.3,94.54,3.12,-2.44,,
204.487,ruido,ruido,-0.1539,-0.418,-0.0885,-67.92,13.12,29.14,-23.59,-38,27,7,-25,1909.82,1795.97,115.12,-0.00822,0.00445,-1.92566,2119.5,1021.7,-166.79,95.05,3.15,-2.41,,
204.527,ruido,ruido,-0.1098,-0.4582,-0.1587,-70.93,27.77,27.97,-19.95,-38,27,7,-25,1908.57,1790.92,116.64,-0.00946,-0.00748,-1.98232,2119.5,1021.7,-165.54,96.3,3.22,-2.36,,
204.609,ruido,ruido,-0.098,-0.3788,-0.1607,-61.65,24.68,20.25,-14.64,-75,55,27,-38,1903.29,1786.26,116.7,-0.01017,-0.00766,-2.06743,2117.2,1017.0,-163.06,98.78,3.28,-2.23,,
204.647,ruido,ruido,-0.1348,-0.3519,-0.2072,-66.31,23.16,11.58,-11.57,-82,29,17,-36,1899.64,1783.15,116.76,-0.01006,-0.006,-2.11858,2115.3,1013.4,-159.92,101.92,3.38,-2.03,,
204.687,ruido,ruido,-0.1136,-0.3661,-0.2436,-64.54,33.01,7.39,-12.2,-73,27,19,-24,1896.62,1780.54,117.01,-0.00386,-0.00542,-2.15769,2115.3,1013.4,-156.86,104.98,3.49,-1.87,,
204.747,ruido,ruido,-0.1241,-0.481,-0.2401,-78.44,36.94,20.17,-18.38,-61,33,8,-29,1892.0,1778.24,116.45,-0.01283,-0.00674,-2.20008,2110.1,1005.4,-153.91,107.93,3.58,-1.72,,
204.787,ruido,ruido,-0.1344,-0.4677,-0.2467,-85.86,28.45,24.88,-10.49,-61,33,8,-29,1887.01,1778.19,116.2,-0.00524,-0.00615,-2.22126,2110.1,1005.4,-151.32,110.52,3.6,-1.56,,
204.847,ruido,ruido,-0.1026,-0.3904,-0.1333,-69.9,13.89,32.15,-8.99,-82,29,2,-32,1877.99,1776.63,116.1,-0.01127,-0.0047,-2.27948,2107.1,999.0,-149.42,112.42,3.69,-1.43,,
204.887,ruido,ruido,-0.1812,-0.4534,-0.0702,-83.67,0.11,43.43,-17.87,-82,29,2,-32,1873.67,1774.62,115.95,-0.01223,-0.00427,-2.31856,2105.0,991.5,-144.67,117.17,3.81,-1.15,,
204.927,ruido,ruido,-0.2017,-0.4668,0.0278,-81.15,-10.91,53.33,-25.82,-81,35,7,-20,1870.68,1773.11,115.93,-0.01075,-0.00431,-2.34956,2102.7,983.9,-144.67,117.17,3.81,-1.15,,
204.987,ruido,ruido,-0.2059,-0.4779,0.0607,-69.9,-3.15,46.67,-39.51,-60,28,56,-50,1865.22,1768.92,116.44,-0.01617,-0.00596,-2.4321,2099.9,978.5,-138.34,123.5,3.84,-0.74,,
205.048,ruido,ruido,-0.1742,-0.355,0.0271,-59.44,-6.98,35.9,-25.24,-70,59,45,-43,1859.43,1765.01,115.93,-0.02562,0.00222,-2.52584,2100.6,974.0,-134.62,127.22,3.87,-0.5,,
205.086,ruido,ruido,-0.2039,-0.2944,0.0126,-50.95,-5.86,20.33,-28.79,-70,59,45,-43,1856.86,1763.8,116.01,-0.02293,0.00464,-2.55945,2100.6,974.0,-130.69,131.15,3.9,-0.29,,
205.127,ruido,ruido,-0.2382,-0.3176,0.0633,-53.05,-12.37,25.07,-35.88,-67,29,39,-40,1854.35,1760.07,116.47,-0.01679,-0.00382,-2.63178,2100.4,972.2,-126.94,134.9,3.89,-0.07,,
205.187,ruido,ruido,-0.269,-0.1917,0.0902,-42.59,-26.35,13.99,-31.11,-72,34,42,-29,1850.81,1756.34,116.55,-0.01609,-0.00481,-2.68883,2100.1,970.7,-123.89,137.95,3.83,0.15,,
205.248,ruido,ruido,-0.1998,-0.2726,0.1426,-31.57,-10.76,22.41,-44.01,-42,21,22,-19,1847.24,1755.52,116.4,-0.00756,-0.00808,-2.72676,2096.7,967.2,-121.38,140.46,3.8,0.31,,
205.307,ruido,ruido,-0.0836,-0.2516,0.144,-22.64,-5.43,32.3,-30.99,-33,59,22,-28,1844.05,1755.91,116.18,-0.0097,-0.00458,-2.76969,2096.7,967.2,-119.25,142.59,3.78,0.44,,
205.347,ruido,ruido,-0.0952,-0.2304,0.1827,-7.11,0.52,21.11,-45.0,-33,59,22,-28,1843.08,1756.9,116.08,-0.00969,-0.00327,-2.79348,2096.7,964.5,-117.04,144.8,3.77,0.57,,
205.387,ruido,ruido,-0.1065,-0.3288,0.1794,-19.35,4.54,31.02,-50.3,-41,23,22,-41,1842.29,1758.69,115.88,-0.0107,-0.00231,-2.83237,2097.6,962.0,-114.6,147.24,3.72,0.72,,
205.427,ruido,ruido,-0.1395,-0.2345,0.2628,-4.99,-9.52,24.71,-54.86,-31,18,24,-45,1842.67,1759.55,115.89,-0.01118,-0.00134,-2.85472,2100.2,960.9,-114.6,147.24,3.72,0.72,,
205.507,ruido,ruido,-0.0681,-0.2272,0.1732,-7.93,0.7,24.74,-39.32,-19,9,50,-54,1846.9,1760.85,115.94,-0.01025,-0.00057,-2.91512,2102.7,961.2,-110.17,151.67,3.64,0.98,,
205.547,ruido,ruido,0.0264,-0.2687,0.1838,-1.4,12.18,35.05,-37.37,-19,9,50,-54,1850.16,1761.84,115.99,-0.00884,-0.0016,-2.9535,2104.7,963.7,-108.08,153.76,3.55,1.1,,
205.587,ruido,ruido,-0.0971,-0.2448,0.1653,-9.11,3.6,20.03,-45.59,-18,15,35,-46,1852.33,1762.77,115.94,-0.00928,-0.00162,-2.98265,2106.8,967.6,-106.0,155.84,3.53,1.16,,
205.627,ruido,ruido,0.0011,-0.16,0.0921,3.78,14.65,11.13,-29.2,-16,7,41,-58,1853.44,1763.15,116.05,-0.01062,0.00052,-3.0002,2109.2,970.7,-104.12,157.72,3.5,1.23,,
205.707,ruido,ruido,-0.0031,-0.2036,-0.0453,-11.08,28.75,3.33,-21.99,-14,3,15,-28,1856.09,1766.46,115.68,-0.01114,0.00281,-3.03359,2111.4,973.3,-102.63,159.21,3.44,1.31,,
205.747,ruido,ruido,-0.043,-0.2408,0.0753,-8.47,18.0,13.65,-36.93,-14,3,15,-28,1857.16,1767.31,115.88,-0.00935,0.0008,-3.05133,2113.3,974.9,-101.46,160.38,3.42,1.38,,
205.787,ruido,ruido,0.0552,-0.2957,0.0009,-16.77,30.41,25.74,-21.71,-12,10,15,-27,1857.25,1767.84,115.89,-0.00844,-0.00029,-3.07258,2115.2,975.3,-100.42,161.42,3.4,1.37,,
205.828,ruido,ruido,-0.0194,-0.2654,0.0432,-19.89,15.67,23.7,-25.67,-15,17,15,-26,1857.08,1767.8,115.88,-0.00877,-0.00064,-3.09144,2116.5,975.3,-98.9,162.94,3.38,1.45,,
205.887,ruido,ruido,-0.053,-0.2675,-0.024,-23.55,23.09,11.24,-27.73,-23,29,20,-25,1855.84,1767.09,115.88,-0.00959,0.0012,-3.13054,2117.2,975.6,-96.96,164.88,3.32,1.56,,
205.947,ruido,ruido,0.0709,-0.2947,-0.0528,-18.21,37.4,21.11,-17.6,-23,29,20,-25,1854.5,1766.57,116.07,-0.00907,-0.00024,3.12029,2117.0,976.3,-95.31,166.53,3.28,1.68,,
205.987,ruido,ruido,0.0777,-0.172,-0.0389,-8.21,25.55,14.4,-6.9,-22,24,18,-20,1853.78,1765.08,115.6,-0.01969,0.00762,3.08444,2116.2,976.0,-93.81,168.03,3.22,1.74,,
206.028,ruido,ruido,0.0835,-0.1719,-0.0507,-12.24,23.38,17.5,-1.91,-30,22,26,-30,1853.28,1764.91,115.5,-0.01709,0.0049,3.0635,2115.7,975.2,-91.9,169.94,3.17,1.83,,
206.087,ruido,ruido,0.057,-0.1899,0.0916,-7.71,8.01,31.49,-13.55,-19,32,29,-11,1851.21,1763.1,115.64,-0.01515,0.00405,3.03285,2115.6,975.1,-90.16,171.68,3.1,1.9,,
206.147,ruido,ruido,0.053,-0.2467,0.1156,-12.09,8.89,39.05,-18.91,-16,29,16,1,1848.92,1761.0,115.71,-0.01411,0.0059,3.02049,2114.1,974.9,-89.29,172.55,3.1,1.94,,
206.189,ruido,ruido,0.0043,-0.2287,0.1438,-18.69,-5.11,42.39,-17.2,-4,22,10,-7,1848.35,1759.07,115.66,-0.01307,0.00549,3.01252,2111.5,973.0,-88.73,173.11,3.08,1.97,,
206.248,ruido,ruido,0.0577,-0.1904,0.1873,-5.75,-5.26,44.95,-15.47,4,14,12,-6,1849.38,1756.6,115.72,-0.01159,0.00531,2.99087,2109.0,971.5,-88.18,173.66,3.05,2.0,,
206.288,ruido,ruido,0.0293,-0.1565,0.1794,-11.17,-14.83,44.56,-9.19,-6,18,38,-23,1850.55,1755.25,115.76,-0.01086,0.00538,2.97152,2107.1,971.9,-86.72,175.12,3.0,2.06,,
206.347,ruido,ruido,-0.0726,-0.2017,0.2055,-23.54,-24.15,44.79,-20.35,-8,18,55,-16,1853.86,1751.13,115.99,-0.00984,0.00969,2.92703,2105.8,975.1,-84.63,177.21,2.9,2.11,,
206.387,ruido,ruido,-0.0546,-0.2027,0.1418,-28.19,-18.45,42.14,-12.98,0,16,41,-27,1856.99,1749.13,115.54,-0.01047,0.01262,2.90708,2104.7,980.5,-84.63,177.21,2.9,2.11,,
206.427,ruido,ruido,0.0082,-0.1276,0.1655,-20.13,-26.19,47.92,1.04,10,-6,58,-33,1859.31,1747.82,115.42,-0.01069,0.01626,2.89581,2103.3,985.6,-81.54,-179.7,2.8,2.25,,
206.487,ruido,ruido,-0.0525,-0.1995,0.2479,-28.68,-36.43,59.94,-11.63,-15,-16,32,-33,1864.67,1745.81,115.35,-0.01175,0.015,2.8677,2101.8,990.7,-81.54,-179.7,2.8,2.25,,
206.547,ruido,ruido,-0.1138,-0.125,0.2609,-20.56,-42.3,44.09,-17.65,-23,-30,45,-31,1868.84,1744.88,115.86,-0.00784,0.00388,2.83887,2102.5,995.0,-79.38,-177.54,2.71,2.31,,
206.607,ruido,ruido,-0.1613,-0.0967,0.2625,-18.72,-45.24,34.9,-22.57,-29,-27,58,-33,1872.97,1744.16,116.54,-0.00433,-0.01319,2.80944,2106.8,1004.4,-77.93,-176.09,2.69,2.39,,
206.628,ruido,ruido,-0.1158,-0.1173,0.2809,-12.75,-38.92,39.17,-24.54,-29,-27,58,-33,1874.5,1744.3,116.25,-0.00601,-0.00962,2.79666,2106.8,1004.4,-77.93,-176.09,2.69,2.39,,
206.687,ruido,ruido,-0.0895,-0.1731,0.2551,-22.51,-35.63,49.0,-19.51,-18,-42,43,-23,1877.78,1743.69,115.86,-0.00783,0.00071,2.76795,2112.0,1016.7,-76.36,-174.52,2.63,2.47,,
206.747,ruido,ruido,-0.1561,-0.2671,0.2557,-34.29,-32.45,50.22,-33.43,-17,-50,31,-21,1880.15,1742.82,115.8,-0.00766,0.00654,2.7423,2114.2,1022.0,-74.89,-173.05,2.57,2.53,,
206.807,ruido,ruido,-0.2198,-0.3513,0.2332,-44.68,-25.78,46.82,-46.69,-24,-36,53,-32,1882.49,1741.85,115.53,-0.00901,0.0128,2.70786,2115.8,1027.6,-73.68,-171.84,2.49,2.56,,
206.847,ruido,ruido,-0.2967,-0.3303,0.2299,-48.43,-32.37,37.73,-51.89,-33,-21,53,-36,1883.52,1741.56,115.41,-0.00861,0.01677,2.68794,2116.6,1034.2,-72.41,-170.57,2.43,2.62,,
206.889,ruido,ruido,-0.3058,-0.4003,0.2535,-49.61,-26.13,41.24,-63.37,-58,-33,45,-49,1885.37,1741.68,115.18,-0.00766,0.02138,2.6481,2118.8,1039.8,-70.73,-168.89,2.36,2.74,,
206.928,ruido,ruido,-0.3859,-0.3069,0.1526,-63.83,-39.16,26.52,-47.0,-58,-33,45,-49,1886.58,1742.23,115.26,-0.00715,0.02255,2.61879,2118.8,1039.8,-68.69,-166.85,2.24,2.83,,
207.007,ruido,ruido,-0.4326,-0.2274,0.1555,-62.47,-50.97,18.14,-43.12,-51,-24,47,-79,1890.64,1745.07,115.54,-0.01021,0.01477,2.52114,2128.0,1054.1,-66.1,-164.26,2.11,2.93,,
207.047,ruido,ruido,-0.4386,-0.3119,0.2099,-64.22,-47.9,27.63,-55.85,-53,-28,33,-62,1892.87,1748.27,115.77,-0.00512,0.02148,2.48055,2134.0,1061.9,-62.83,-160.99,1.95,3.04,,
207.088,ruido,ruido,-0.3913,-0.3019,0.1384,-68.48,-42.31,28.01,-42.44,-55,-51,13,-32,1895.58,1753.09,115.71,-0.00226,0.02306,2.45373,2141.1,1068.7,-59.54,-157.7,1.77,3.18,,
207.128,ruido,ruido,-0.3536,-0.2425,0.1327,-65.95,-48.38,30.61,-29.42,-55,-51,13,-32,1899.24,1755.15,114.72,-0.00721,0.0313,2.4134,2141.1,1068.7,-56.94,-155.1,1.6,3.23,,
207.19,ruido,ruido,-0.3201,-0.2418,0.1282,-50.6,-32.42,19.9,-39.3,-63,-31,29,-37,1904.33,1762.47,114.76,-0.00529,0.03102,2.35932,2157.3,1082.0,-54.72,-152.88,1.54,3.31,,
207.247,ruido,ruido,-0.3975,-0.1628,0.0689,-58.75,-43.74,6.19,-30.89,-75,-50,34,-32,1907.49,1768.42,114.53,-0.00179,0.04392,2.32013,2163.9,1088.2,-52.49,-150.65,1.38,3.33,,
207.288,ruido,ruido,-0.3369,-0.2307,0.1521,-45.78,-33.19,16.2,-45.05,-54,-23,5,-19,1910.2,1772.35,114.2,-0.00172,0.0393,2.29183,2168.9,1095.0,-50.19,-148.35,1.28,3.38,,
207.327,ruido,ruido,-0.4096,-0.2413,0.1209,-50.42,-31.16,4.24,-53.72,-46,-29,10,-22,1912.03,1775.61,114.23,-0.00241,0.0393,2.28468,2168.9,1095.0,-47.98,-146.14,1.13,3.39,,
207.388,ruido,ruido,-0.3234,-0.1796,0.0924,-41.52,-27.58,4.57,-38.96,-46,-29,10,-22,1911.64,1782.62,114.21,0.0001,0.03681,2.24108,2174.5,1098.4,-45.23,-143.39,0.96,3.38,,
207.447,ruido,ruido,-0.3072,-0.1692,0.0222,-52.84,-29.32,7.24,-23.39,-56,-23,2,-25,1911.61,1789.35,114.25,0.00217,0.03606,2.20154,2180.3,1101.5,-45.23,-143.39,0.96,3.38,,
207.507,ruido,ruido,-0.308,-0.071,0.1064,-36.66,-42.32,4.4,-23.98,-53,-32,-3,-23,1912.01,1795.08,114.47,0.00131,0.03424,2.15322,2190.9,1109.9,-41.34,-139.5,0.74,3.37,,
207.547,ruido,ruido,-0.2896,-0.0137,0.0465,-38.1,-43.35,-0.79,-10.43,-57,-27,-3,-21,1912.02,1798.24,114.4,0.00332,0.03617,2.13548,2190.9,1109.9,-41.34,-139.5,0.74,3.37,,
207.587,ruido,ruido,-0.2207,0.0006,0.0861,-22.98,-36.86,1.45,-12.24,-57,-27,-3,-21,1912.2,1802.68,114.36,0.00366,0.03494,2.11046,2196.2,1114.8,-37.72,-135.88,0.54,3.38,,
207.627,ruido,ruido,-0.2212,-0.0658,0.0494,-31.22,-28.6,3.73,-14.69,-40,-46,-2,-15,1912.48,1804.85,114.39,0.00307,0.03544,2.09782,2201.1,1119.5,-37.72,-135.88,0.54,3.38,,
207.706,ruido,ruido,-0.2245,-0.0563,-0.0393,-33.44,-18.15,-8.77,-11.49,-16,-29,-1,-9,1913.03,1808.23,114.62,0.00527,0.02831,2.07367,2207.5,1129.6,-35.56,-133.72,0.41,3.41,,
207.747,ruido,ruido,-0.2803,-0.046,0.0307,-26.38,-23.94,-13.55,-25.83,-14,-32,0,-3,1913.11,1809.46,114.6,0.00579,0.02828,2.06801,2209.0,1133.1,-35.56,-133.72,0.41,3.41,,
207.787,ruido,ruido,-0.3083,-0.1197,0.0399,-35.85,-23.07,-7.09,-32.63,-14,-32,0,-3,1913.13,1811.02,114.62,0.00571,0.02746,2.05871,2209.0,1133.1,-34.98,-133.14,0.35,3.39,,
207.827,ruido,ruido,-0.389,-0.1494,0.101,-42.16,-34.42,-3.91,-43.99,-34,-15,4,-18,1913.18,1812.42,114.62,0.00647,0.02753,2.05023,2210.3,1136.2,-34.49,-132.65,0.32,3.38,,
207.887,ruido,ruido,-0.4401,-0.1482,0.1481,-35.82,-35.82,-10.89,-58.3,-34,-15,4,-18,1913.39,1816.97,114.63,0.00872,0.02863,2.02475,2211.9,1139.3,-32.46,-130.62,0.16,3.34,,
207.947,ruido,ruido,-0.3598,-0.0635,0.1658,-21.22,-37.58,-9.81,-46.51,-65,-55,6,-39,1914.28,1824.69,114.88,0.00985,0.02503,1.97093,2217.9,1148.1,-32.46,-130.62,0.16,3.34,,
208.007,ruido,ruido,-0.385,-0.1382,0.1472,-26.31,-27.74,-11.74,-57.4,-68,-34,9,-43,1915.81,1831.8,114.98,0.01052,0.02323,1.91759,2217.9,1148.1,-30.57,-128.73,0.06,3.35,,
208.027,ruido,geofence,0.7975,-0.0102,0.3955,94.62,32.98,96.26,31.34,-68,-34,9,-43,1916.11,1832.74,114.91,0.01114,0.02393,1.9097,2222.3,1156.1,-28.11,-126.27,-0.09,3.33,,
208.087,ruido,geofence,0.7985,-0.0102,0.3935,94.54,33.21,96.18,31.58,-42,-37,18,-43,1915.66,1835.88,114.86,0.00989,0.02232,1.8763,2226.2,1165.1,-23.83,-121.99,-0.4,3.31,,
208.147,ruido,geofence,0.7676,-0.0106,0.4503,96.58,26.23,98.28,24.53,137,13,71,-5,1912.21,1832.63,115.06,0.01102,0.02264,1.8645,2227.6,1173.0,-23.83,-121.99,-0.4,3.31,,
208.208,ruido,geofence,0.7623,-0.0106,0.4591,96.86,25.11,98.56,23.41,98,27,97,16,1903.76,1825.61,115.12,0.01169,0.02363,1.85511,2205.2,1168.4,-23.11,-121.27,-0.44,3.31,,
208.247,ruido,ruido,-0.4854,-0.0834,0.1096,-35.6,-39.79,-24.53,-55.41,98,27,97,16,1897.39,1820.82,115.1,0.01106,0.02249,1.85063,2205.2,1168.4,-22.61,-120.77,-0.47,3.32,,
208.287,ruido,ruido,-0.5411,0.0078,0.0775,-39.32,-52.97,-34.85,-46.0,91,25,107,23,1885.11,1811.34,114.95,0.014,0.02009,1.84298,2185.6,1159.8,-21.7,-119.86,-0.53,3.35,,
208.327,ruido,ruido,-0.4154,0.0428,0.1117,-23.35,-48.06,-25.25,-36.27,58,25,78,4,1880.18,1806.25,114.94,0.01414,0.01855,1.83844,2166.5,1148.8,-21.7,-119.86,-0.53,3.35,,
208.408,ruido,ruido,-0.3758,-0.0139,0.0404,-33.8,-38.04,-19.86,-28.56,-18,-55,-25,-48,1882.75,1796.97,115.01,0.01458,0.01962,1.83303,2151.0,1140.5,-21.09,-119.25,-0.7,3.13,,
208.447,ruido,ruido,-0.3767,0.1002,0.0347,-28.94,-50.53,-25.79,-15.3,-53,-69,-43,-35,1888.28,1795.3,115.31,0.01687,0.02196,1.83848,2145.9,1145.9,-21.05,-119.21,-0.67,3.18,,
208.487,ruido,ruido,-0.3736,0.0766,-0.0039,-32.15,-43.78,-28.26,-15.37,-49,-57,-39,-47,1901.39,1796.42,115.03,0.01366,0.01927,1.84212,2158.1,1176.1,-21.05,-119.21,-0.67,3.18,,
208.527,ruido,ruido,-0.4292,0.1344,0.0325,-27.04,-53.76,-36.43,-20.12,-38,-66,-34,-42,1910.03,1797.95,115.06,0.01281,0.02006,1.85044,2167.4,1190.3,-21.3,-119.46,-0.64,3.22,,
208.587,ruido,ruido,-0.4179,0.1522,-0.113,-35.42,-41.69,-49.52,-7.09,-51,-65,-47,-41,1914.68,1801.88,114.87,0.01418,0.02057,1.84577,2176.0,1201.8,-21.91,-120.07,-0.56,3.2,,
208.647,ruido,ruido,-0.4497,0.126,-0.0916,-31.11,-36.61,-55.49,-20.69,11,21,1,30,1911.57,1806.06,114.8,0.01475,0.02144,1.84889,2176.6,1199.2,-21.6,-119.76,-0.48,3.1,,
208.687,ruido,ruido,-0.461,0.1888,-0.0225,-18.46,-45.07,-58.91,-25.09,-10,-27,-45,15,1915.12,1809.16,114.74,0.01444,0.02168,1.86797,2180.2,1199.6,-22.27,-120.43,-0.5,3.06,,
208.728,ruido,ruido,-0.4392,0.2406,0.0151,-7.04,-47.96,-60.82,-24.74,-21,-46,-51,2,1916.4,1811.7,114.85,0.0119,0.02338,1.87135,2187.6,1204.5,-22.27,-120.43,-0.5,3.06,,
208.787,ruido,ruido,-0.3864,0.2929,-0.0825,-2.91,-36.56,-72.13,-12.06,-20,-36,-116,-35,1916.42,1816.82,114.74,0.01244,0.02311,1.85684,2192.3,1209.7,-23.28,-121.44,-0.31,3.13,,
208.847,ruido,geofence,0.7658,-0.0106,0.4533,96.68,25.85,98.38,24.15,-18,-41,-44,10,1916.18,1820.64,114.8,0.01189,0.02183,1.87037,2198.1,1216.5,-22.49,-120.65,-0.42,3.07,,
208.887,ruido,geofence,0.764,-0.0106,0.4563,96.78,25.46,98.48,23.76,16,-38,-50,30,1916.02,1821.41,114.76,0.01075,0.02323,1.89001,2204.5,1219.8,-22.19,-120.35,-0.46,3.1,,
208.927,ruido,geofence,0.7756,-0.0105,0.4364,96.12,27.97,97.8,26.29,76,1,32,15,1914.43,1820.06,114.78,0.01041,0.02412,1.90244,2205.0,1218.9,-23.67,-121.83,-0.4,3.19,,
208.987,ruido,geofence,0.7844,-0.0104,0.4206,95.57,29.93,97.23,28.27,136,8,93,8,1908.11,1812.27,114.86,0.01028,0.02475,1.90272,2205.0,1218.9,-24.85,-123.01,-0.28,3.21,,
209.048,ruido,geofence,0.7869,-0.0104,0.416,95.4,30.5,97.06,28.84,97,31,86,15,1897.31,1801.53,114.95,0.00999,0.02333,1.88502,2174.8,1210.7,-25.12,-123.28,-0.21,3.2,,
209.107,ruido,ruido,-0.3259,0.1964,-0.0765,-2.7,-21.87,-61.69,-18.03,79,33,90,14,1881.6,1787.6,115.07,0.01067,0.02249,1.87087,2154.2,1202.0,-24.58,-122.74,-0.21,3.25,,
209.128,ruido,ruido,-0.3444,0.2677,-0.0472,-0.54,-35.83,-62.1,-11.72,90,19,110,22,1875.5,1782.32,115.15,0.01282,0.022,1.87043,2154.2,1202.0,-23.62,-121.78,-0.3,3.31,,
209.188,ruido,ruido,-0.4573,0.25,-0.0955,-12.5,-37.23,-75.94,-20.66,90,19,110,22,1862.06,1769.95,115.07,0.01444,0.01972,1.88813,2134.5,1190.4,-23.07,-121.23,-0.38,3.33,,
209.248,ruido,ruido,-0.3996,0.3384,-0.047,-1.78,-48.4,-69.67,-8.01,47,-30,-73,-5,1859.04,1762.81,115.04,0.0143,0.02317,1.92319,2116.2,1175.2,-23.57,-121.73,-0.52,3.2,,
209.307,ruido,ruido,-0.3871,0.3217,-0.0894,4.14,-33.03,-80.38,-14.61,19,-65,-72,16,1863.91,1759.97,114.93,0.01161,0.02301,1.96645,2123.0,1179.8,-24.79,-122.95,-0.43,3.23,,
209.347,ruido,ruido,-0.3358,0.2372,-0.1057,2.61,-18.43,-73.25,-18.37,19,-75,-61,4,1871.12,1759.76,114.82,0.00933,0.02366,2.00903,2123.0,1179.8,-26.61,-124.77,-0.26,3.18,,
209.387,ruido,ruido,-0.2934,0.2943,-0.1178,7.69,-20.56,-73.47,-7.54,3,-64,-100,-8,1882.12,1762.22,114.85,0.00529,0.02542,2.05527,2130.9,1187.8,-29.51,-127.67,-0.03,3.24,,
209.427,ruido,ruido,-0.2282,0.2746,-0.185,5.03,-9.32,-71.15,2.39,-20,-38,-81,-7,1888.56,1764.86,114.73,0.0044,0.02486,2.07483,2138.9,1196.6,-32.63,-130.79,0.16,3.3,,
209.489,ruido,ruido,-0.2752,0.293,-0.1795,1.35,-16.8,-74.1,1.51,-24,-35,-82,-2,1898.92,1771.78,114.39,0.00122,0.03235,2.11984,2156.0,1211.3,-35.06,-133.22,0.32,3.33,,
209.548,ruido,ruido,-0.2603,0.1608,-0.1684,-7.05,-5.82,-61.54,-8.87,-21,-43,-70,7,1908.53,1782.15,114.15,0.00171,0.03583,2.17415,2165.6,1214.3,-37.11,-135.27,0.44,3.33,,
209.588,ruido,ruido,-0.334,0.1799,-0.1063,-3.79,-15.56,-66.67,-20.87,-21,-43,-70,7,1909.68,1788.58,113.95,0.0021,0.04099,2.19148,2165.6,1214.3,-39.24,-137.4,0.57,3.38,,
209.627,ruido,ruido,-0.3779,0.2371,-0.1135,-1.45,-21.22,-77.17,-21.08,-20,15,-96,11,1908.12,1790.98,113.63,0.00379,0.0395,2.18481,2175.1,1215.6,-41.37,-139.53,0.7,3.41,,
209.688,ruido,ruido,-0.3257,0.2616,-0.1432,-0.95,-19.9,-74.07,-9.29,-20,15,-96,11,1908.63,1795.2,113.81,0.00259,0.03767,2.19979,2179.2,1215.2,-40.97,-139.13,0.65,3.36,,
209.75,ruido,ruido,-0.3406,0.1493,-0.1711,-15.44,-11.96,-66.43,-15.16,-1,3,-75,13,1908.48,1799.15,113.97,0.00293,0.03657,2.22594,2184.2,1213.1,-41.56,-139.72,0.69,3.3,,
209.788,ruido,geofence,0.8809,-0.0082,0.1383,80.88,60.07,82.2,58.75,-1,3,-75,13,1908.99,1802.02,114.02,0.00063,0.03447,2.25161,2190.5,1213.7,-43.98,-142.14,0.89,3.14,,
209.829,ruido,geofence,0.8807,-0.0082,0.1398,80.98,59.93,82.29,58.62,14,-18,-53,19,1909.02,1804.52,114.33,-0.00109,0.03222,2.26421,2197.2,1212.6,-45.66,-143.82,1.05,3.19,,
209.887,ruido,geofence,0.8844,-0.008,0.1157,79.36,62.13,80.64,60.86,27,18,3,8,1905.44,1804.28,113.98,-0.00236,0.03519,2.25734,2205.1,1211.1,-45.76,-143.92,1.11,3.26,,
209.948,ruido,geofence,0.8845,-0.008,0.1145,79.28,62.24,80.56,60.96,84,41,30,11,1894.32,1797.44,114.11,-0.00288,0.0369,2.2396,2206.3,1210.5,-44.95,-143.11,1.1,3.26,,
209.988,ruido,geofence,0.8807,-0.0082,0.14,81.0,59.91,82.31,58.59,81,65,97,41,1882.53,1789.45,114.22,-0.00082,0.03913,2.22988,2195.9,1208.1,-44.04,-142.2,1.07,3.32,,
210.028,ruido,ruido,-0.3868,0.1511,-0.1425,-11.18,-12.57,-73.49,-26.52,69,89,112,64,1871.95,1781.58,114.11,-0.00094,0.03736,2.22793,2177.3,1200.0,-43.55,-141.71,1.03,3.38,,
210.088,ruido,ruido,-0.4587,0.1396,-0.0653,-12.61,-24.49,-71.23,-38.45,87,90,116,100,1845.55,1760.84,114.14,0.005,0.03227,2.23381,2156.0,1186.6,-43.56,-141.72,0.95,3.34,,
210.148,ruido,ruido,-0.4423,0.1917,-0.0103,-9.46,-38.49,-62.95,-30.63,-5,-44,-126,-53,1831.16,1748.85,114.23,0.00349,0.02966,2.24585,2117.8,1159.3,-44.13,-142.29,0.74,3.21,,
210.188,ruido,ruido,-0.5323,0.2299,0.0324,-6.34,-48.31,-73.64,-42.04,-5,-44,-126,-53,1827.66,1745.9,114.28,0.00386,0.02987,2.25002,2117.8,1159.3,-44.81,-142.97,0.8,3.21,,
210.249,ruido,ruido,-0.4878,0.2342,0.1486,7.18,-54.07,-61.44,-47.75,-35,-55,-56,-52,1828.3,1745.51,114.33,0.0013,0.02809,2.26591,2121.0,1160.5,-45.4,-143.56,0.85,3.2,,
210.288,ruido,ruido,-0.5474,0.163,0.1154,-3.76,-48.31,-65.36,-57.75,9,-59,-77,-30,1835.51,1748.01,114.48,5e-05,0.02719,2.30297,2133.8,1169.7,-46.77,-144.93,0.96,3.22,,
210.329,ruido,ruido,-0.6035,0.153,0.1743,-4.66,-57.03,-64.0,-67.42,13,-65,-74,-43,1842.22,1750.66,114.55,-0.00234,0.02651,2.3306,2147.3,1180.4,-49.4,-147.56,1.11,3.17,,
210.389,ruido,ruido,-0.5078,0.1949,0.1418,10.72,-43.16,-69.28,-60.78,-25,-77,-61,-58,1858.08,1758.63,114.62,-0.00439,0.0277,2.37522,2160.0,1191.6,-51.82,-149.98,1.28,3.22,,
210.428,ruido,ruido,-0.4015,0.2032,0.1442,17.89,-37.69,-59.07,-49.63,-25,-77,-61,-58,1871.71,1767.72,114.61,-0.00569,0.02758,2.39155,2172.4,1205.2,-53.01,-151.17,1.37,3.18,,
210.488,ruido,ruido,-0.375,0.2331,0.1079,11.73,-42.82,-54.47,-34.44,-35,-68,-42,-59,1887.18,1779.56,114.48,-0.0057,0.02945,2.40504,2185.2,1219.2,-53.54,-151.7,1.42,3.2,,
210.528,ruido,geofence,0.8927,-0.0067,-0.0142,69.75,73.09,70.82,72.02,0,-55,-71,-46,1896.73,1787.18,114.51,-0.00629,0.02899,2.41822,2198.0,1230.8,-54.25,-152.41,1.47,3.26,,
210.589,ruido,geofence,0.8926,-0.0066,-0.0262,68.78,74.03,69.83,72.98,24,-34,-46,-59,1907.61,1795.2,114.53,-0.00904,0.02993,2.43484,2207.9,1239.5,-55.24,-153.4,1.6,3.22,,
210.629,ruido,geofence,0.8921,-0.0064,-0.0425,67.45,75.28,68.48,74.25,83,75,-31,-20,1913.83,1798.07,114.45,-0.00888,0.03131,2.44903,2214.2,1245.9,-56.18,-154.34,1.91,3.12,,
210.688,ruido,geofence,0.8914,-0.0062,-0.0571,66.24,76.38,67.24,75.38,91,103,52,75,1913.13,1793.27,115.15,-0.00985,0.02233,2.46022,2211.5,1245.7,-56.72,-154.88,1.99,3.07,,
210.728,ruido,geofence,0.8908,-0.0061,-0.0663,65.47,77.06,66.45,76.07,63,74,98,92,1909.86,1787.32,115.18,-0.01086,0.02222,2.46114,2195.4,1237.7,-56.91,-155.07,1.96,3.05,,
210.788,ruido,ruido,-0.315,0.2839,0.082,18.84,-39.69,-56.13,-23.82,78,77,84,72,1897.5,1769.45,115.3,-0.00987,0.02382,2.45914,2173.2,1226.0,-56.8,-154.96,1.97,3.08,,
210.828,ruido,ruido,-0.2215,0.3294,0.057,33.65,-28.18,-59.97,-16.38,89,87,93,82,1881.83,1751.09,115.15,-0.00501,0.02455,2.45851,2148.7,1213.4,-56.59,-154.75,1.89,3.19,,
210.888,ruido,ruido,-0.2161,0.3176,0.0892,29.94,-35.15,-50.24,-13.71,78,52,60,73,1866.38,1733.73,115.11,-0.00322,0.0219,2.46698,2123.1,1200.2,-56.82,-154.98,1.62,3.12,,
210.929,ruido,ruido,-0.2211,0.3054,0.1324,40.74,-29.31,-54.93,-27.25,65,4,-61,8,1860.52,1726.94,115.02,-0.0055,0.01944,2.48035,2101.3,1188.2,-57.74,-155.9,1.69,3.01,,
211.009,ruido,ruido,-0.2893,0.2513,0.0781,28.34,-24.37,-62.13,-34.42,13,-78,-54,-19,1859.42,1725.48,115.08,-0.01152,0.01312,2.51418,2096.1,1182.8,-59.09,-157.25,1.76,2.97,,
211.048,ruido,ruido,-0.2586,0.2985,0.0561,42.98,-13.76,-75.38,-36.58,10,-33,-48,-16,1861.18,1729.0,114.82,-0.00607,0.02388,2.5355,2103.6,1186.6,-60.58,-158.74,1.86,2.94,,
211.088,ruido,ruido,-0.2096,0.233,0.0814,41.84,-8.47,-62.35,-38.1,-9,-43,-53,-54,1867.72,1737.19,114.97,-0.00957,0.01757,2.57105,2127.1,1199.1,-60.58,-158.74,1.86,2.94,,
211.15,ruido,ruido,-0.255,0.1926,0.149,32.76,-21.9,-49.72,-42.74,5,-60,-75,-43,1877.59,1748.0,114.99,-0.01193,0.01424,2.62016,2141.2,1205.7,-64.83,-162.99,2.11,2.88,,
211.188,ruido,ruido,-0.16,0.1494,0.1807,42.65,-10.17,-39.33,-44.34,22,-41,-66,-27,1882.62,1753.08,115.15,-0.01149,0.01197,2.63879,2151.9,1211.8,-67.02,-165.18,2.23,2.9,,
211.228,ruido,ruido,-0.127,0.1369,0.2712,46.43,-18.86,-23.35,-44.85,58,-15,-52,-44,1890.47,1761.53,115.16,-0.01217,0.01208,2.66101,2157.1,1218.1,-67.02,-165.18,2.23,2.9,,
211.288,ruido,ruido,-0.0879,0.163,0.3004,59.08,-15.06,-25.07,-47.06,32,-34,-35,-48,1898.72,1771.45,115.53,-0.00716,0.01382,2.68216,2162.3,1224.8,-68.49,-166.65,2.31,2.77,,
211.329,ruido,ruido,-0.0562,0.1854,0.4063,68.11,-26.57,-12.09,-47.44,32,-34,-35,-48,1902.56,1776.05,115.7,-0.00709,0.0129,2.68151,2162.3,1224.8,-69.33,-167.49,2.35,2.84,,
211.388,ruido,ruido,0.0263,0.183,0.3988,75.98,-17.1,-7.97,-42.49,53,-7,-17,-54,1910.66,1783.99,115.25,-0.01193,0.01088,2.6613,2166.7,1239.9,-69.48,-167.64,2.37,2.79,,
211.448,ruido,ruido,0.0618,0.1985,0.3107,74.82,-6.65,-15.22,-33.17,73,-18,-4,-54,1917.39,1789.47,115.16,-0.01243,0.01377,2.63677,2165.3,1248.6,-69.04,-167.2,2.39,2.84,,
211.488,ruido,ruido,0.1161,0.2188,0.3165,88.64,2.99,-19.43,-35.05,67,-12,13,-62,1922.51,1792.23,115.1,-0.01059,0.01844,2.61693,2161.6,1258.2,-68.06,-166.22,2.35,2.89,,
211.528,ruido,geofence,0.8638,-0.0042,-0.2321,50.2,88.01,50.87,87.34,80,-37,-3,-36,1925.72,1793.13,114.98,-0.00988,0.02012,2.61636,2156.7,1266.9,-66.74,-164.9,2.32,2.96,,
211.568,ruido,geofence,0.8652,-0.0043,-0.2267,50.74,87.7,51.42,87.01,80,-37,-3,-36,1926.33,1792.63,114.94,-0.01089,0.02059,2.62407,2156.7,1266.9,-66.15,-164.31,2.26,2.93,,
211.648,ruido,ruido,0.1059,0.2019,0.1996,73.37,9.12,-24.48,-24.11,32,110,23,39,1921.05,1784.05,115.13,-0.0132,0.01877,2.63258,2138.9,1270.9,-66.57,-164.73,2.39,2.86,,
211.689,ruido,ruido,0.2082,0.2565,0.1287,83.38,21.75,-29.47,-9.03,48,111,35,64,1917.47,1777.81,115.29,-0.01184,0.01807,2.64046,2124.7,1263.8,-66.81,-164.97,2.51,2.84,,
211.749,ruido,ruido,0.2294,0.3146,0.0976,88.28,22.33,-35.95,-1.25,63,30,29,63,1910.23,1763.82,115.55,-0.00876,0.01857,2.67744,2108.0,1256.5,-67.3,-165.46,2.53,2.9,,
211.788,ruido,ruido,0.2312,0.2761,0.0108,78.78,32.87,-40.06,2.38,63,30,29,63,1907.76,1753.24,115.73,-0.0087,0.01314,2.72534,2108.0,1256.5,-68.24,-166.4,2.46,2.87,,
211.848,ruido,ruido,0.2335,0.2356,0.1476,86.73,25.42,-25.75,-11.68,88,1,-29,27,1905.98,1742.59,116.08,-0.01165,0.00573,2.78395,2085.8,1251.9,-70.36,-168.52,2.58,2.78,,
211.888,ruido,ruido,0.1477,0.3068,0.1305,83.58,13.61,-39.08,-10.86,78,29,-33,51,1904.73,1738.11,116.16,-0.01241,0.00381,2.81126,2080.1,1250.9,-73.24,-171.4,2.7,2.61,,
211.928,ruido,ruido,0.119,0.3348,0.1527,83.03,5.02,-39.55,-10.41,81,43,-19,36,1903.0,1731.17,116.2,-0.01206,0.00411,2.85853,2080.1,1250.9,-76.18,-174.34,2.9,2.49,,
211.988,ruido,ruido,0.1876,0.3675,0.2004,92.71,1.84,-30.62,-3.89,78,-9,-59,24,1901.32,1723.68,116.17,-0.01191,0.00171,2.91854,2068.2,1247.8,-78.9,-177.06,3.02,2.34,,
212.048,ruido,ruido,0.2054,0.2711,0.1726,81.42,10.44,-20.95,-5.19,88,-28,-37,53,1901.53,1717.15,116.33,-0.01239,0.00282,2.99001,2063.9,1248.4,-81.63,-179.79,3.12,2.19,,
212.089,ruido,ruido,0.1391,0.2408,0.0984,72.96,18.68,-34.95,-12.16,97,-24,-22,53,1902.57,1714.71,116.13,-0.01195,0.00045,3.02467,2060.2,1250.4,-84.8,177.04,3.26,2.07,,
212.129,ruido,ruido,0.1852,0.2615,0.137,75.96,12.19,-24.41,-4.48,70,-16,-24,54,1904.11,1710.58,116.09,-0.01208,0.00242,3.0806,2060.2,1250.4,-88.34,173.5,3.39,1.84,,
212.188,ruido,ruido,0.1336,0.1913,0.0639,61.21,20.39,-29.62,-9.24,70,-16,-24,54,1906.54,1706.0,116.14,-0.0112,0.00082,3.14043,2055.9,1254.7,-91.55,170.29,3.48,1.69,,
212.249,ruido,ruido,0.1891,0.1414,0.0422,61.69,32.31,-24.68,-8.8,54,-22,-32,21,1909.46,1702.51,116.19,-0.01083,-0.00098,-3.08065,2047.7,1262.7,-94.45,167.39,3.55,1.52,,
212.289,ruido,ruido,0.2412,0.1976,0.0587,69.37,28.35,-21.37,0.85,54,-22,-32,21,1910.82,1700.92,116.18,-0.01114,-0.00081,-3.0523,2047.7,1262.7,-97.47,164.37,3.65,1.35,,
212.348,ruido,ruido,0.2988,0.156,0.0568,67.69,33.65,-10.79,5.08,65,28,-11,20,1913.76,1697.52,116.13,-0.01043,-0.00074,-3.00568,2044.8,1265.2,-100.32,161.52,3.75,1.21,,
212.388,ruido,ruido,0.2603,0.0798,0.1189,58.33,26.54,2.33,-3.92,65,28,-11,20,1916.01,1694.26,116.29,-0.01111,-0.00238,-2.97664,2040.0,1267.0,-102.81,159.03,3.77,1.09,,
212.428,ruido,ruido,0.3315,0.1262,0.1475,66.47,22.69,10.16,6.75,60,16,-15,37,1917.7,1691.48,116.33,-0.0097,-0.00319,-2.96783,2034.7,1269.7,-104.77,157.07,3.83,0.97,,
212.488,ruido,ruido,0.3098,0.2326,0.1614,76.15,13.13,-0.77,10.63,74,62,20,20,1920.67,1684.27,116.33,-0.01043,-0.00247,-2.96138,2028.2,1273.4,-105.96,155.88,3.92,0.91,,
212.548,ruido,ruido,0.3211,0.32,0.1535,83.03,7.26,-7.1,19.54,49,21,25,30,1923.14,1674.79,116.36,-0.01102,-0.00305,-2.94904,2019.9,1279.4,-106.31,155.53,3.92,0.85,,
212.589,ruido,ruido,0.2429,0.3645,0.1906,82.9,-5.93,-13.53,14.29,90,15,28,24,1925.1,1669.72,116.48,-0.01033,-0.00401,-2.94396,2011.2,1285.5,-106.72,155.12,3.93,0.81,,
212.628,ruido,ruido,0.2605,0.4799,0.1642,93.82,-9.23,-25.87,24.63,90,15,28,24,1927.1,1666.46,116.48,-0.01014,-0.00422,-2.93353,2003.5,1291.1,-107.17,154.67,3.99,0.82,,
212.688,ruido,ruido,0.2743,0.4802,0.1511,101.15,0.15,-33.1,19.56,102,1,24,17,1932.63,1661.61,116.54,-0.01103,-0.00388,-2.90019,1997.5,1298.3,-107.82,154.02,4.01,0.77,,
212.748,ruido,ruido,0.2226,0.5416,0.0708,88.33,-9.65,-41.39,33.93,109,-42,-22,17,1939.97,1658.38,116.57,-0.0119,-0.00407,-2.83199,1992.9,1306.4,-109.21,152.63,4.02,0.69,,
212.789,ruido,ruido,0.1834,0.4591,0.1705,82.4,-18.33,-25.79,20.4,109,-42,-22,17,1943.37,1657.09,116.73,-0.01245,-0.00478,-2.79162,1990.0,1313.7,-111.75,150.09,4.05,0.55,,
212.828,ruido,ruido,0.1817,0.3511,0.1101,68.35,-5.44,-21.67,16.89,78,-44,-54,27,1946.09,1656.51,117.01,-0.01271,-0.00976,-2.76049,1988.2,1320.9,-114.81,147.03,4.13,0.37,,
212.888,ruido,ruido,0.1482,0.2709,0.1206,52.62,-10.03,-9.6,14.45,64,-44,-25,15,1951.3,1656.55,116.82,-0.01221,-0.00745,-2.69626,1987.6,1326.1,-118.05,143.79,4.18,0.24,,
212.949,ruido,ruido,0.1377,0.2183,0.1847,46.78,-17.7,4.8,10.18,27,2,-19,-28,1950.79,1655.82,116.71,-0.01072,-0.00893,-2.66592,1990.4,1334.8,-123.04,138.8,4.09,-0.33,,
212.988,ruido,ruido,0.2136,0.2875,0.2427,57.16,-27.66,15.85,23.01,27,2,-19,-28,1949.67,1655.86,116.84,-0.0056,-0.00594,-2.64012,1990.4,1334.8,-124.04,137.8,4.21,-0.14,,
213.028,ruido,ruido,0.2451,0.3624,0.312,66.38,-41.53,22.76,30.82,62,-13,-8,16,1950.49,1654.96,116.6,-0.01108,-0.00709,-2.64796,1992.7,1336.1,-124.73,137.11,4.19,-0.23,,
213.088,ruido,ruido,0.2617,0.3318,0.1819,53.18,-29.02,17.81,41.79,33,0,-3,8,1950.32,1653.92,116.67,-0.01149,-0.00657,-2.64,1993.5,1340.4,-125.12,136.72,4.22,-0.23,,
213.128,ruido,ruido,0.214,0.274,0.124,42.24,-21.43,11.84,35.83,67,-9,-2,13,1950.94,1652.79,116.65,-0.01234,-0.00656,-2.62994,1993.2,1344.2,-125.47,136.37,4.28,-0.25,,
213.188,ruido,ruido,0.2812,0.2662,0.0121,37.95,-6.59,8.97,49.64,74,-58,15,19,1951.32,1649.55,116.65,-0.01119,-0.00572,-2.61251,1992.9,1349.5,-126.22,135.62,4.2,-0.43,,
213.25,ruido,ruido,0.3695,0.2132,0.0531,48.02,5.41,19.61,45.22,17,1,-9,41,1948.55,1645.74,116.41,-0.01702,0.00381,-2.56467,1993.1,1357.7,-127.6,134.24,4.22,-0.34,,
213.288,ruido,ruido,0.3337,0.195,0.0645,50.69,9.16,13.02,33.9,24,0,-26,43,1948.08,1642.5,116.35,-0.01808,0.00281,-2.54675,1984.1,1361.6,-129.39,132.45,4.23,-0.46,,
213.328,ruido,ruido,0.4489,0.2244,0.0211,62.14,22.86,13.06,45.59,39,6,-11,59,1947.17,1636.84,116.5,-0.01826,-0.00054,-2.515,1977.4,1364.5,-129.39,132.45,4.23,-0.46,,
213.388,ruido,ruido,0.4456,0.2182,-0.0124,47.62,14.69,21.69,58.58,42,-2,14,47,1945.98,1631.68,116.87,-0.00922,-0.0073,-2.47262,1971.6,1368.5,-131.44,130.4,4.22,-0.53,,
213.429,ruido,ruido,0.5139,0.3277,-0.0752,61.8,21.4,8.39,72.87,84,4,21,50,1945.67,1629.31,116.89,-0.00917,-0.008,-2.45643,1968.1,1375.8,-133.49,128.35,4.25,-0.65,,
213.488,ruido,ruido,0.5069,0.2342,-0.104,51.46,30.63,12.99,67.11,44,6,24,47,1944.86,1625.0,117.06,-0.00859,-0.00829,-2.42483,1965.6,1383.5,-136.65,125.19,4.28,-0.87,,
213.529,ruido,ruido,0.4459,0.3381,-0.118,54.44,19.23,-1.98,71.01,60,7,-28,53,1944.04,1620.37,117.1,-0.00855,-0.00812,-2.38862,1961.7,1389.7,-138.52,123.32,4.3,-0.96,,
213.588,ruido,ruido,0.5117,0.3718,-0.1648,65.04,31.92,-9.55,76.32,73,10,-13,68,1943.27,1613.2,117.16,-0.00703,-0.00922,-2.33879,1955.7,1395.8,-138.52,123.32,4.3,-0.96,,
213.628,ruido,ruido,0.5632,0.3011,-0.1459,70.8,45.97,-4.04,67.48,47,12,-36,70,1942.63,1608.82,117.24,-0.00688,-0.01037,-2.31055,1947.6,1399.4,-140.61,121.23,4.26,-1.11,,
213.688,ruido,ruido,0.471,0.2344,-0.0862,59.98,36.28,1.59,52.87,72,13,-29,92,1941.29,1598.78,117.34,-0.00239,-0.01141,-2.25538,1939.2,1404.6,-143.35,118.49,4.23,-1.2,,
213.748,ruido,ruido,0.4915,0.2332,0.0095,64.01,25.19,16.14,51.93,84,42,-33,79,1939.74,1586.09,117.61,-0.00917,-0.0133,-2.22409,1930.4,1410.8,-146.01,115.83,4.18,-1.37,,
213.788,pausa,quieto,0.0,0.0,0.0,0,0,0,0,71,112,-15,72,1940.45,1575.15,117.55,-0.00597,-0.01227,-2.2142,1920.6,1421.2,-148.33,113.51,4.15,-1.43,,
213.816,pausa,quieto,0.0,0.0,0.0,0,0,0,0,42,56,-11,50,1941.5,1571.13,117.55,-0.00895,-0.01363,-2.21055,1920.6,1421.2,-149.17,112.67,4.09,-1.45,,
213.863,pausa,quieto,0.0,0.0,0.0,0,0,0,0,42,56,-11,50,1943.37,1564.33,117.32,-0.0059,-0.01015,-2.18873,1912.6,1431.7,-149.86,111.98,4.11,-1.41,,
213.924,pausa,quieto,0.0,0.0,0.0,0,0,0,0,1,-2,-22,20,1941.77,1563.17,117.33,-0.00531,-0.01117,-2.17224,1908.4,1438.3,-150.71,111.13,3.9,-1.51,,
213.97,pausa,quieto,0.0,0.0,0.0,0,0,0,0,3,-3,-7,5,1941.32,1563.18,117.3,-0.00509,-0.01067,-2.16837,1908.1,1435.7,-151.82,110.02,3.9,-1.5,,
214.016,pausa,quieto,0.0,0.0,0.0,0,0,0,0,-7,5,-1,1,1941.28,1563.29,117.31,-0.00566,-0.01101,-2.16922,1908.1,1435.7,-152.16,109.68,3.89,-1.52,,
214.078,pausa,quieto,0.0,0.0,0.0,0,0,0,0,-2,3,-1,-1,1941.26,1563.27,117.31,-0.00562,-0.01077,-2.1689,1910.2,1434.6,-152.14,109.7,3.89,-1.52,,
214.125,pausa,quieto,0.0,0.0,0.0,0,0,0,0,2,4,4,-7,1941.42,1563.17,117.31,-0.00596,-0.01096,-2.16925,1910.2,1434.6,-152.15,109.69,3.89,-1.52,,
214.171,pausa,quieto,0.0,0.0,0.0,0,0,0,0,5,5,3,5,1941.57,1563.06,117.32,-0.00589,-0.0107,-2.16902,1910.3,1434.3,-152.16,109.68,3.9,-1.52,,
214.218,pausa,quieto,0.0,0.0,0.0,0,0,0,0,-4,3,2,2,1941.63,1563.02,117.29,-0.00545,-0.01084,-2.16887,1910.3,1434.3,-152.16,109.68,3.9,-1.52,,
214.264,pausa,quieto,0.0,0.0,0.0,0,0,0,0,-4,3,2,2,1941.75,1562.93,117.29,-0.00581,-0.01056,-2.1691,1910.1,1434.5,-152.16,109.68,3.9,-1.52,,
214.35,pausa,quieto,0.0,0.0,0.0,0,0,0,0,-7,4,-5,-1,1941.78,1562.91,117.31,-0.00543,-0.01075,-2.16901,1910.1,1433.9,-152.16,109.68,3.9,-1.52,,
214.372,pausa,quieto,0.0,0.0,0.0,0,0,0,0,-5,3,2,3,1941.75,1562.87,117.34,-0.00582,-0.0109,-2.16933,1910.0,1433.5,-152.16,109.68,3.9,-1.52,,
214.419,pausa,quieto,0.0,0.0,0.0,0,0,0,0,-2,-2,-6,3,1941.77,1562.97,117.28,-0.00537,-0.01087,-2.16927,1910.0,1433.5,-152.16,109.68,3.9,-1.51,,
214.465,pausa,quieto,0.0,0.0,0.0,0,0,0,0,-2,-2,-6,3,1941.72,1562.93,117.33,-0.00563,-0.01081,-2.16901,1910.1,1433.4,-152.16,109.68,3.9,-1.51,,
214.527,pausa,quieto,0.0,0.0,0.0,0,0,0,0,0,-1,4,2,1941.75,1562.93,117.29,-0.0054,-0.01084,-2.16893,1910.1,1433.3,-152.16,109.68,3.9,-1.51,,
214.573,pausa,quieto,0.0,0.0,0.0,0,0,0,0,3,-1,2,0,1941.75,1562.93,117.32,-0.0056,-0.0108,-2.16899,1910.0,1433.2,-152.16,109.68,3.9,-1.51,,
214.619,pausa,quieto,0.0,0.0,0.0,0,0,0,0,2,-15,0,-4,1941.77,1562.93,117.32,-0.00529,-0.01088,-2.16895,1910.0,1433.2,-152.16,109.68,3.9,-1.51,,
214.665,pausa,quieto,0.0,0.0,0.0,0,0,0,0,2,-15,0,-4,1941.77,1562.93,117.3,-0.00526,-0.01088,-2.16899,1909.9,1433.1,-152.16,109.68,3.9,-1.51,,
214.728,pausa,quieto,0.0,0.0,0.0,0,0,0,0,2,1,2,3,1941.77,1562.96,117.31,-0.00543,-0.01075,-2.16903,1909.9,1433.1,-152.16,109.68,3.9,-1.51,,
214.774,pausa,quieto,0.0,0.0,0.0,0,0,0,0,0,2,-3,9,1941.76,1562.92,117.33,-0.00551,-0.01073,-2.16917,1909.8,1433.0,-152.16,109.68,3.9,-1.51,,
214.82,pausa,quieto,0.0,0.0,0.0,0,0,0,0,-4,2,-1,1,1941.79,1562.91,117.31,-0.0058,-0.01087,-2.16915,1909.8,1433.0,-152.16,109.68,3.9,-1.51,,
214.867,pausa,quieto,0.0,0.0,0.0,0,0,0,0,-4,2,-1,1,1941.77,1562.9,117.32,-0.00528,-0.01099,-2.16922,1909.7,1433.0,-152.16,109.68,3.9,-1.51,,
214.928,pausa,quieto,0.0,0.0,0.0,0,0,0,0,0,1,6,-5,1941.77,1562.89,117.31,-0.0057,-0.01087,-2.16909,1909.6,1433.0,-152.16,109.68,3.9,-1.51,,
214.974,pausa,quieto,0.0,0.0,0.0,0,0,0,0,2,-1,0,1,1941.74,1562.92,117.31,-0.00557,-0.01076,-2.16929,1909.5,1432.9,-152.16,109.68,3.9,-1.51,,
215.02,pausa,quieto,0.0,0.0,0.0,0,0,0,0,-8,-5,1,1,1941.73,1562.91,117.32,-0.00535,-0.01081,-2.16914,1909.5,1432.9,-152.16,109.68,3.9,-1.51,,
215.065,pausa,quieto,0.0,0.0,0.0,0,0,0,0,-8,-5,1,1,1941.76,1562.9,117.31,-0.0056,-0.01089,-2.16903,1909.5,1432.8,-152.16,109.68,3.9,-1.51,,
215.128,pausa,quieto,0.0,0.0,0.0,0,0,0,0,2,-3,1,-1,1941.79,1562.91,117.31,-0.0055,-0.01076,-2.16894,1909.4,1432.8,-152.16,109.68,3.9,-1.51,,
215.174,pausa,quieto,0.0,0.0,0.0,0,0,0,0,0,-1,1,3,1941.79,1562.92,117.3,-0.00546,-0.01082,-2.16927,1909.4,1432.8,-152.17,109.67,3.9,-1.51,,
215.22,pausa,quieto,0.0,0.0,0.0,0,0,0,0,0,-1,1,3,1941.76,1562.9,117.29,-0.00516,-0.0111,-2.16918,1909.4,1432.8,-152.16,109.68,3.9,-1.51,,
215.265,pausa,quieto,0.0,0.0,0.0,0,0,0,0,-3,1,5,1,1941.74,1562.88,117.32,-0.0056,-0.01077,-2.16916,1909.3,1432.7,-152.16,109.68,3.9,-1.51,,
215.327,pausa,quieto,0.0,0.0,0.0,0,0,0,0,-1,3,4,-6,1941.75,1562.87,117.31,-0.00545,-0.01102,-2.16944,1909.3,1432.8,-152.16,109.68,3.9,-1.51,,
215.39,claqueta_fin,giro_sync,0.0037,1.0812,0.0026,87.0,-86.41,-86.0,86.59,1,0,-6,-1,1941.76,1562.9,117.29,-0.00573,-0.01069,-2.16891,1909.2,1432.7,-152.16,109.68,3.9,-1.51,,
215.435,claqueta_fin,giro_sync,0.0037,1.0812,0.0026,87.0,-86.41,-86.0,86.59,4,2,1,-2,1941.77,1563.01,117.32,-0.005,-0.01061,-2.1652,1909.1,1432.8,-152.16,109.68,3.9,-1.51,,
215.491,claqueta_fin,giro_sync,0.0037,1.0812,0.0026,87.0,-86.41,-86.0,86.59,59,-55,-69,72,1941.33,1562.98,117.11,-0.00905,-0.00711,-2.09373,1909.1,1432.8,-152.17,109.67,3.9,-1.51,,
215.53,claqueta_fin,giro_sync,0.0037,1.0812,0.0026,87.0,-86.41,-86.0,86.59,95,-135,-99,112,1940.69,1563.96,117.44,-0.00296,-0.01196,-2.01095,1901.2,1433.8,-154.36,107.48,3.85,-1.65,,
215.59,claqueta_fin,giro_sync,0.0037,1.0812,0.0026,87.0,-86.41,-86.0,86.59,129,-128,-102,121,1938.67,1569.19,116.3,-0.00508,-0.00395,-1.79124,1893.5,1434.0,-159.91,101.93,3.75,-1.85,,
215.63,claqueta_fin,giro_sync,0.0037,1.0812,0.0026,87.0,-86.41,-86.0,86.59,94,-108,-117,101,1936.52,1572.54,116.19,-0.00337,-0.00254,-1.64759,1891.7,1435.3,-169.51,92.33,3.36,-2.35,,
215.69,claqueta_fin,giro_sync,0.0037,1.0812,0.0026,87.0,-86.41,-86.0,86.59,70,-69,-66,68,1934.97,1575.8,116.3,-0.00051,-0.00289,-1.53712,1891.7,1435.3,-178.49,83.35,3.0,-2.72,,
215.735,claqueta_fin,giro_sync,0.0037,1.0812,0.0026,87.0,-86.41,-86.0,86.59,71,-52,-51,60,1934.4,1578.82,116.22,0.00047,-0.00262,-1.45269,1895.6,1435.0,175.41,77.25,2.69,-2.96,,
215.79,claqueta_fin,giro_sync,0.0037,1.0812,0.0026,87.0,-86.41,-86.0,86.59,99,-87,-88,81,1933.56,1582.4,116.18,0.00151,-0.00152,-1.3571,1904.3,1434.6,170.84,72.68,2.39,-3.12,,
215.85,claqueta_fin,giro_sync,0.0037,1.0812,0.0026,87.0,-86.41,-86.0,86.59,115,-88,-82,105,1932.53,1585.99,115.94,-0.00473,-0.0069,-1.1999,1906.0,1436.8,165.18,67.02,2.1,-3.36,,
215.89,claqueta_fin,giro_sync,0.0037,1.0812,0.0026,87.0,-86.41,-86.0,86.59,100,-93,-85,129,1931.81,1587.37,115.47,-0.01299,-0.01156,-1.08313,1906.0,1436.8,157.92,59.76,1.67,-3.57,,
215.931,claqueta_fin,giro_sync,0.0037,1.0812,0.0026,87.0,-86.41,-86.0,86.59,68,-80,-90,80,1930.95,1588.0,115.77,-0.01092,-0.01558,-1.01815,1909.4,1440.0,150.27,52.11,1.17,-3.75,,
215.99,claqueta_fin,giro_sync,0.0037,1.0812,0.0026,87.0,-86.41,-86.0,86.59,73,-67,-78,86,1929.2,1588.79,115.62,-0.00867,-0.0169,-0.89729,1910.6,1439.5,143.61,45.45,0.73,-3.88,,
216.031,claqueta_fin,giro_sync,0.0037,1.0812,0.0026,87.0,-86.41,-86.0,86.59,78,-76,-117,79,1926.62,1589.15,115.42,-0.00532,-0.01869,-0.78966,1910.6,1439.5,137.82,39.66,0.35,-3.89,,
216.09,claqueta_fin,giro_sync,0.0037,1.0812,0.0026,87.0,-86.41,-86.0,86.59,89,-92,-83,82,1923.51,1589.94,114.77,-0.0086,-0.02977,-0.6598,1911.5,1439.5,131.84,33.68,0.0,-3.92,,
216.131,claqueta_fin,giro_sync,0.0037,1.0812,0.0026,87.0,-86.41,-86.0,86.59,81,-98,-97,84,1921.74,1589.84,115.39,-0.00669,-0.01998,-0.58178,1912.6,1439.3,125.4,27.24,-0.35,-3.89,,
216.19,claqueta_fin,giro_sync,0.0037,1.0812,0.0026,87.0,-86.41,-86.0,86.59,104,-74,-90,102,1917.62,1590.58,115.77,-0.0018,-0.01344,-0.4398,1913.8,1438.5,118.54,20.38,-0.79,-3.82,,
216.249,claqueta_fin,giro_sync,0.0037,1.0812,0.0026,87.0,-86.41,-86.0,86.59,77,-74,-95,81,1914.91,1590.58,115.6,-0.00429,-0.01918,-0.29425,1913.8,1438.5,111.85,13.69,-1.21,-3.64,,
216.29,claqueta_fin,giro_sync,0.0037,1.0812,0.0026,87.0,-86.41,-86.0,86.59,77,-74,-95,81,1913.95,1590.76,115.69,-0.00313,-0.02362,-0.20879,1915.5,1437.4,99.41,1.25,-1.94,-3.2,,
216.331,claqueta_fin,giro_sync,0.0037,1.0812,0.0026,87.0,-86.41,-86.0,86.59,78,-83,-73,110,1912.74,1590.62,115.65,-0.00213,-0.02337,-0.13963,1917.2,1436.9,93.03,-5.13,-2.25,-2.94,,
216.37,claqueta_fin,giro_sync,0.0037,1.0812,0.0026,87.0,-86.41,-86.0,86.59,97,-85,-106,82,1909.87,1590.49,115.71,0.00927,-0.02835,-0.01449,1919.1,1437.1,86.29,-11.87,-2.57,-2.69,,
216.45,pausa,quieto,0.0,0.0,0.0,0,0,0,0,109,-88,-94,86,1906.37,1587.92,115.81,0.01387,-0.02517,0.17091,1920.3,1437.6,79.58,-18.58,-2.85,-2.23,,
216.471,pausa,quieto,0.0,0.0,0.0,0,0,0,0,80,-83,-109,85,1905.03,1586.52,116.03,0.01106,-0.02433,0.2344,1921.1,1437.0,73.07,-25.09,-3.07,-1.9,,
216.518,pausa,quieto,0.0,0.0,0.0,0,0,0,0,80,-60,-55,37,1904.64,1585.74,115.95,0.0101,-0.02435,0.26483,1921.4,1436.5,73.07,-25.09,-3.07,-1.9,,
216.565,pausa,quieto,0.0,0.0,0.0,0,0,0,0,8,-12,-2,3,1904.87,1584.83,115.82,0.008,-0.02235,0.26889,1920.3,1434.3,69.24,-28.92,-3.16,-1.74,,
216.627,pausa,quieto,0.0,0.0,0.0,0,0,0,0,-4,2,0,-3,1904.8,1584.76,115.87,0.00991,-0.02336,0.27137,1916.0,1430.4,68.88,-29.28,-3.18,-1.68,,
216.672,pausa,quieto,0.0,0.0,0.0,0,0,0,0,-1,1,2,-2,1904.86,1584.52,115.86,0.01033,-0.02394,0.27113,1913.2,1428.9,68.95,-29.21,-3.18,-1.69,,
216.719,pausa,quieto,0.0,0.0,0.0,0,0,0,0,2,-2,-2,-1,1905.0,1583.99,115.47,0.01002,-0.02086,0.26358,1912.2,1428.8,68.95,-29.21,-3.18,-1.69,,
216.766,pausa,quieto,0.0,0.0,0.0,0,0,0,0,-2,-2,3,2,1904.88,1584.47,115.87,0.01002,-0.02369,0.27139,1911.7,1429.1,68.95,-29.21,-3.18,-1.69,,
216.828,pausa,quieto,0.0,0.0,0.0,0,0,0,0,-1,0,-1,-2,1905.06,1583.9,115.65,0.00506,-0.01902,0.2628,1911.5,1429.6,68.95,-29.21,-3.18,-1.69,,
216.874,pausa,quieto,0.0,0.0,0.0,0,0,0,0,-1,2,-4,8,1904.78,1584.83,115.57,0.01438,-0.02367,0.27188,1911.4,1430.2,68.96,-29.2,-3.18,-1.69,,
216.921,pausa,quieto,0.0,0.0,0.0,0,0,0,0,4,-4,4,1,1904.84,1584.59,115.87,0.01005,-0.02359,0.27127,1911.4,1430.8,68.96,-29.2,-3.18,-1.69,,
216.968,pausa,quieto,0.0,0.0,0.0,0,0,0,0,3,6,-1,-6,1904.87,1584.58,115.86,0.00982,-0.02397,0.27104,1911.4,1430.8,68.96,-29.2,-3.17,-1.69,,
217.015,pausa,quieto,0.0,0.0,0.0,0,0,0,0,3,4,3,-3,1904.87,1584.57,115.87,0.01013,-0.02366,0.27113,1911.5,1431.7,68.96,-29.2,-3.17,-1.69,,
217.075,pausa,quieto,0.0,0.0,0.0,0,0,0,0,-4,-2,7,38,1904.87,1584.54,115.85,0.00999,-0.02372,0.27097,1911.5,1431.9,68.97,-29.19,-3.17,-1.69,,
217.121,pausa,quieto,0.0,0.0,0.0,0,0,0,0,-1,3,0,3,1904.98,1584.08,115.72,0.00614,-0.02096,0.26476,1911.6,1432.1,68.97,-29.19,-3.17,-1.69,,
217.168,pausa,quieto,0.0,0.0,0.0,0,0,0,0,-3,4,-7,2,1905.0,1584.08,115.74,0.0061,-0.02047,0.26446,1911.6,1432.1,68.97,-29.19,-3.17,-1.69,,
217.213,pausa,quieto,0.0,0.0,0.0,0,0,0,0,3,2,6,-8,1905.04,1583.93,115.68,0.00491,-0.0192,0.26264,1911.6,1432.5,68.97,-29.19,-3.17,-1.69,,
217.275,pausa,quieto,0.0,0.0,0.0,0,0,0,0,-1,4,-4,3,1904.86,1584.56,115.83,0.01049,-0.02374,0.27123,1911.5,1432.7,68.97,-29.19,-3.17,-1.69,,
217.321,pausa,quieto,0.0,0.0,0.0,0,0,0,0,2,-1,1,0,1904.86,1584.55,115.8,0.00964,-0.02321,0.27104,1911.5,1432.9,68.97,-29.19,-3.17,-1.69,,
217.367,pausa,quieto,0.0,0.0,0.0,0,0,0,0,1,-1,3,1,1904.86,1584.53,115.86,0.00999,-0.02363,0.27103,1911.5,1432.9,68.97,-29.19,-3.17,-1.69,,
217.414,pausa,quieto,0.0,0.0,0.0,0,0,0,0,1,0,2,-1,1904.97,1584.09,115.69,0.00617,-0.02012,0.26497,1911.4,1433.1,68.97,-29.19,-3.17,-1.69,,
217.49,pausa,quieto,0.0,0.0,0.0,0,0,0,0,1,-4,-4,-1,1904.77,1584.83,115.56,0.01451,-0.02347,0.27211,1911.4,1433.2,68.97,-29.19,-3.17,-1.69,,
217.523,pausa,quieto,0.0,0.0,0.0,0,0,0,0,0,-1,4,0,1905.01,1584.05,115.72,0.00596,-0.02038,0.26447,1911.4,1433.3,68.97,-29.19,-3.17,-1.69,,
217.57,pausa,quieto,0.0,0.0,0.0,0,0,0,0,1,-1,5,-1,1905.03,1583.98,115.74,0.00571,-0.02065,0.2638,1911.4,1433.3,68.96,-29.2,-3.17,-1.69,,
217.616,pausa,quieto,0.0,0.0,0.0,0,0,0,0,11,-3,7,-1,1904.85,1584.52,115.85,0.01022,-0.02357,0.27109,1911.3,1433.4,68.97,-29.19,-3.17,-1.69,,
217.663,pausa,quieto,0.0,0.0,0.0,0,0,0,0,-1,-3,-1,-1,1904.83,1584.53,115.83,0.00989,-0.02351,0.27112,1911.3,1433.4,68.97,-29.19,-3.17,-1.69,,
217.725,pausa,quieto,0.0,0.0,0.0,0,0,0,0,-6,8,-3,1,1904.98,1584.08,115.68,0.00624,-0.0202,0.26504,1911.3,1433.6,68.97,-29.19,-3.17,-1.69,,
217.771,pausa,quieto,0.0,0.0,0.0,0,0,0,0,-1,-2,-3,2,1904.85,1584.53,115.84,0.0099,-0.02367,0.27102,1911.2,1433.7,68.97,-29.19,-3.17,-1.69,,
217.817,pausa,quieto,0.0,0.0,0.0,0,0,0,0,3,1,-1,0,1904.84,1584.53,115.84,0.00966,-0.02345,0.2708,1911.2,1433.7,68.97,-29.19,-3.17,-1.69,,
217.864,pausa,quieto,0.0,0.0,0.0,0,0,0,0,3,1,-1,0,1904.85,1584.51,115.78,0.00955,-0.02358,0.27101,1911.2,1433.7,68.97,-29.19,-3.17,-1.69,,
217.927,pausa,quieto,0.0,0.0,0.0,0,0,0,0,1,5,0,-5,1905.06,1583.92,115.65,0.00494,-0.01891,0.26262,1911.2,1433.8,68.97,-29.19,-3.17,-1.69,,
217.973,pausa,quieto,0.0,0.0,0.0,0,0,0,0,-2,1,3,-4,1904.83,1584.57,115.92,0.00951,-0.02351,0.27088,1911.2,1433.9,68.97,-29.19,-3.17,-1.69,,
218.02,pausa,quieto,0.0,0.0,0.0,0,0,0,0,-6,-3,-1,4,1904.78,1584.8,115.59,0.01439,-0.02345,0.27171,1911.2,1433.9,68.97,-29.19,-3.17,-1.69,,
218.066,pausa,quieto,0.0,0.0,0.0,0,0,0,0,-6,-3,-1,4,1904.97,1584.08,115.64,0.00556,-0.02046,0.2649,1911.2,1433.9,68.96,-29.2,-3.17,-1.69,,
218.128,pausa,quieto,0.0,0.0,0.0,0,0,0,0,0,2,-12,1,1904.87,1584.52,115.81,0.00981,-0.02369,0.2708,1911.1,1434.0,68.97,-29.19,-3.17,-1.69,,
218.174,pausa,quieto,0.0,0.0,0.0,0,0,0,0,1,2,5,2,1904.83,1584.51,115.84,0.01,-0.02348,0.27099,1911.1,1434.1,68.96,-29.2,-3.17,-1.69,,
218.22,pausa,quieto,0.0,0.0,0.0,0,0,0,0,-1,1,-2,7,1904.78,1584.79,115.55,0.0143,-0.02345,0.2721,1911.1,1434.1,68.97,-29.19,-3.17,-1.69,,
218.265,pausa,quieto,0.0,0.0,0.0,0,0,0,0,-1,1,-2,7,1905.05,1583.87,115.62,0.00453,-0.01907,0.26264,1911.1,1434.1,68.97,-29.19,-3.17,-1.69,,
218.326,pausa,quieto,0.0,0.0,0.0,0,0,0,0,2,-5,2,-4,1905.04,1583.95,115.62,0.00427,-0.01928,0.26264,1911.1,1434.1,68.97,-29.19,-3.17,-1.69,,
218.372,pausa,quieto,0.0,0.0,0.0,0,0,0,0,3,-5,3,-4,1904.83,1584.6,115.83,0.01001,-0.02353,0.27112,1911.1,1434.1,68.97,-29.19,-3.17,-1.69,,
218.419,pausa,quieto,0.0,0.0,0.0,0,0,0,0,3,-5,3,-4,1905.01,1584.08,115.65,0.00583,-0.01943,0.26447,1911.1,1434.1,68.97,-29.19,-3.17,-1.69,,
218.465,pausa,quieto,0.0,0.0,0.0,0,0,0,0,0,-5,0,-5,1905.04,1583.92,115.56,0.0047,-0.01811,0.26276,1911.1,1434.1,68.96,-29.2,-3.17,-1.69,,
218.525,pausa,quieto,0.0,0.0,0.0,0,0,0,0,-2,1,-1,3,1904.99,1584.1,115.6,0.00556,-0.01946,0.26453,1911.1,1434.1,68.96,-29.2,-3.17,-1.69,,
218.571,pausa,quieto,0.0,0.0,0.0,0,0,0,0,2,3,0,-1,1904.87,1584.53,115.78,0.00975,-0.02354,0.27109,1911.1,1434.2,68.97,-29.19,-3.17,-1.69,,
218.618,pausa,quieto,0.0,0.0,0.0,0,0,0,0,1,-2,1,-3,1904.78,1584.75,115.57,0.01453,-0.02334,0.27171,1911.1,1434.2,68.97,-29.19,-3.17,-1.69,,
218.664,pausa,quieto,0.0,0.0,0.0,0,0,0,0,-1,2,-1,-3,1904.87,1584.5,115.84,0.01053,-0.02374,0.27121,1911.1,1434.2,68.96,-29.2,-3.17,-1.69,,
218.726,pausa,quieto,0.0,0.0,0.0,0,0,0,0,0,1,3,0,1904.85,1584.52,115.85,0.01005,-0.02337,0.27093,1911.1,1434.2,68.96,-29.2,-3.17,-1.69,,
218.773,pausa,quieto,0.0,0.0,0.0,0,0,0,0,6,3,2,0,1904.88,1584.55,115.86,0.0099,-0.02352,0.27114,1911.1,1434.2,68.96,-29.2,-3.17,-1.69,,
218.819,pausa,quieto,0.0,0.0,0.0,0,0,0,0,6,3,2,0,1904.98,1584.08,115.72,0.00597,-0.02068,0.26482,1911.1,1434.2,68.97,-29.19,-3.17,-1.69,,
218.867,pausa,quieto,0.0,0.0,0.0,0,0,0,0,1,3,-1,-3,1904.93,1584.32,115.67,0.00765,-0.02033,0.26824,1911.1,1434.2,68.96,-29.2,-3.17,-1.69,,
218.928,pausa,quieto,0.0,0.0,0.0,0,0,0,0,0,3,14,2,1904.86,1584.54,115.85,0.00984,-0.02361,0.27109,1911.1,1434.2,68.96,-29.2,-3.17,-1.69,,
218.974,pausa,quieto,0.0,0.0,0.0,0,0,0,0,3,1,0,-1,1904.85,1584.51,115.8,0.00938,-0.02363,0.2709,1911.1,1434.2,68.97,-29.19,-3.17,-1.69,,
219.02,pausa,quieto,0.0,0.0,0.0,0,0,0,0,-1,0,-2,2,1904.85,1584.53,115.83,0.00954,-0.02333,0.27104,1911.1,1434.2,68.96,-29.2,-3.17,-1.69,,
219.066,pausa,quieto,0.0,0.0,0.0,0,0,0,0,-3,-2,-3,-2,1904.97,1584.15,115.73,0.00611,-0.02084,0.26541,1911.1,1434.2,68.96,-29.2,-3.17,-1.69,,
219.127,pausa,quieto,0.0,0.0,0.0,0,0,0,0,-1,0,1,-1,1904.84,1584.52,115.84,0.00991,-0.02345,0.27091,1911.1,1434.2,68.97,-29.19,-3.17,-1.69,,
219.174,pausa,quieto,0.0,0.0,0.0,0,0,0,0,-13,4,2,3,1905.03,1583.88,115.61,0.00484,-0.01881,0.26276,1911.1,1434.2,68.97,-29.19,-3.17,-1.69,,
219.22,pausa,quieto,0.0,0.0,0.0,0,0,0,0,-4,-3,1,-2,1904.84,1584.51,115.84,0.00983,-0.0235,0.27102,1911.1,1434.3,68.97,-29.19,-3.17,-1.69,,
219.267,pausa,quieto,0.0,0.0,0.0,0,0,0,0,3,0,7,-2,1904.86,1584.49,115.8,0.00992,-0.02361,0.27094,1911.1,1434.3,68.97,-29.19,-3.17,-1.69,,
219.328,pausa,quieto,0.0,0.0,0.0,0,0,0,0,1,6,6,0,1904.78,1584.74,115.53,0.01445,-0.02367,0.27182,1911.1,1434.2,68.97,-29.19,-3.17,-1.69,,
219.374,pausa,quieto,0.0,0.0,0.0,0,0,0,0,0,4,5,-3,1904.86,1584.5,115.8,0.0099,-0.02345,0.27112,1911.1,1434.3,68.97,-29.19,-3.17,-1.69,,
219.421,pausa,quieto,0.0,0.0,0.0,0,0,0,0,-2,-2,1,4,1904.87,1584.5,115.84,0.00973,-0.02329,0.27119,1911.1,1434.3,68.97,-29.19,-3.17,-1.69,,
219.467,pausa,quieto,0.0,0.0,0.0,0,0,0,0,2,-2,-2,1,1904.88,1584.47,115.78,0.01044,-0.02372,0.27101,1911.0,1434.2,68.97,-29.19,-3.17,-1.69,,
219.528,pausa,quieto,0.0,0.0,0.0,0,0,0,0,-8,2,3,0,1904.93,1584.23,115.71,0.00733,-0.02154,0.26741,1911.1,1434.3,68.96,-29.2,-3.17,-1.69,,
219.574,pausa,quieto,0.0,0.0,0.0,0,0,0,0,5,1,1,4,1904.85,1584.55,115.84,0.00979,-0.02344,0.27104,1911.1,1434.3,68.96,-29.2,-3.17,-1.69,,
219.62,pausa,quieto,0.0,0.0,0.0,0,0,0,0,-3,3,0,-1,1905.01,1584.02,115.68,0.00587,-0.02079,0.26419,1911.1,1434.2,68.97,-29.19,-3.17,-1.69,,
219.667,pausa,quieto,0.0,0.0,0.0,0,0,0,0,-3,-1,-2,3,1904.86,1584.5,115.82,0.00958,-0.02352,0.27099,1911.1,1434.2,68.97,-29.19,-3.17,-1.69,,
219.713,pausa,quieto,0.0,0.0,0.0,0,0,0,0,0,0,1,1,1904.86,1584.52,115.81,0.00982,-0.02333,0.27112,1911.0,1434.3,68.97,-29.19,-3.17,-1.69,,
219.776,pausa,quieto,0.0,0.0,0.0,0,0,0,0,-1,-1,0,3,1904.86,1584.53,115.87,0.00998,-0.02362,0.27105,1911.0,1434.3,68.97,-29.19,-3.17,-1.69,,
219.822,pausa,quieto,0.0,0.0,0.0,0,0,0,0,-4,-2,2,-3,1904.85,1584.53,115.81,0.00999,-0.02344,0.27109,1911.0,1434.3,68.97,-29.19,-3.17,-1.69,,
219.868,pausa,quieto,0.0,0.0,0.0,0,0,0,0,0,-1,3,1,1904.84,1584.53,115.83,0.0097,-0.02355,0.27098,1911.0,1434.3,68.97,-29.19,-3.17,-1.69,,
219.914,pausa,quieto,0.0,0.0,0.0,0,0,0,0,-1,-2,-1,-1,1905.03,1583.88,115.67,0.00489,-0.01975,0.26262,1911.0,1434.3,68.97,-29.19,-3.17,-1.69,,
219.976,pausa,quieto,0.0,0.0,0.0,0,0,0,0,1,-1,0,4,1904.86,1584.49,115.81,0.00978,-0.02353,0.27101,1911.0,1434.3,68.97,-29.19,-3.17,-1.69,,
220.023,pausa,quieto,0.0,0.0,0.0,0,0,0,0,3,3,0,-4,1905.02,1583.99,115.69,0.00577,-0.02057,0.26406,1911.0,1434.3,68.96,-29.2,-3.17,-1.69,,
220.07,pausa,quieto,0.0,0.0,0.0,0,0,0,0,0,-6,2,1,1904.95,1584.18,115.47,0.01057,-0.02181,0.26485,1911.0,1434.3,68.96,-29.2,-3.17,-1.69,,
220.115,pausa,quieto,0.0,0.0,0.0,0,0,0,0,0,2,5,1,1904.86,1584.52,115.83,0.00998,-0.02349,0.27111,1911.0,1434.3,68.96,-29.2,-3.17,-1.69,,
220.177,pausa,quieto,0.0,0.0,0.0,0,0,0,0,-2,1,1,-2,1904.85,1584.52,115.84,0.00976,-0.02354,0.27083,1911.0,1434.3,68.96,-29.2,-3.17,-1.69,,
220.224,pausa,quieto,0.0,0.0,0.0,0,0,0,0,-1,3,-1,-1,1904.86,1584.5,115.82,0.00982,-0.02375,0.27082,1911.0,1434.3,68.96,-29.2,-3.17,-1.69,,
220.27,pausa,quieto,0.0,0.0,0.0,0,0,0,0,-1,3,-1,-1,1904.87,1584.51,115.81,0.00954,-0.02356,0.27084,1911.0,1434.3,68.97,-29.19,-3.17,-1.69,,
220.316,pausa,quieto,0.0,0.0,0.0,0,0,0,0,-1,-1,3,1,1904.77,1584.77,115.54,0.01434,-0.02351,0.27183,1911.0,1434.3,68.96,-29.2,-3.17,-1.69,,
220.377,pausa,quieto,0.0,0.0,0.0,0,0,0,0,-1,-1,-2,3,1904.85,1584.48,115.83,0.00973,-0.0234,0.27095,1911.0,1434.3,68.96,-29.2,-3.17,-1.69,,
220.424,pausa,quieto,0.0,0.0,0.0,0,0,0,0,4,-30,-2,6,1904.84,1584.51,115.84,0.01008,-0.02383,0.27125,1911.0,1434.3,68.96,-29.2,-3.17,-1.69,,
220.471,pausa,quieto,0.0,0.0,0.0,0,0,0,0,-1,-1,1,1,1905.0,1583.99,115.74,0.00577,-0.02043,0.2643,1911.0,1434.3,68.97,-29.19,-3.17,-1.69,,
